ID,Req. Timestamp,Resp. Timestamp,Method,URL,Code,Reason,RTT,Size Resp. Header,Size Resp. Body
7587,Mon Sep 07 17:32:41 BDT 2026,Mon Sep 07 17:32:42 BDT 2026,GET,https://t-f-cl-test-003.vercel.app/checkout?_rsc=%3C,403,Forbidden,222,567,32216
7588,Mon Sep 07 17:32:41 BDT 2026,Mon Sep 07 17:32:42 BDT 2026,POST,https://t-f-cl-test-003.vercel.app/products/7,403,Forbidden,227,567,32211
7589,Mon Sep 07 17:32:41 BDT 2026,Mon Sep 07 17:32:42 BDT 2026,GET,https://t-f-cl-test-003.vercel.app/login?next=%3C,403,Forbidden,221,567,32226
7590,Mon Sep 07 17:32:41 BDT 2026,Mon Sep 07 17:32:42 BDT 2026,GET,https://t-f-cl-test-003.vercel.app/admin/products?_rsc=%3C,403,Forbidden,231,567,32220
7591,Mon Sep 07 17:32:41 BDT 2026,Mon Sep 07 17:32:42 BDT 2026,POST,https://t-f-cl-test-003.vercel.app/products/4,403,Forbidden,196,567,32210
7592,Mon Sep 07 17:32:41 BDT 2026,Mon Sep 07 17:32:42 BDT 2026,GET,https://t-f-cl-test-003.vercel.app/admin?_rsc=%3C,403,Forbidden,231,567,32226
7593,Mon Sep 07 17:32:41 BDT 2026,Mon Sep 07 17:32:42 BDT 2026,POST,https://t-f-cl-test-003.vercel.app/admin/products,403,Forbidden,187,567,32215
7594,Mon Sep 07 17:32:42 BDT 2026,Mon Sep 07 17:32:42 BDT 2026,POST,https://t-f-cl-test-003.vercel.app/products/2,403,Forbidden,176,567,32211
7595,Mon Sep 07 17:32:42 BDT 2026,Mon Sep 07 17:32:42 BDT 2026,POST,https://t-f-cl-test-003.vercel.app/products/4,403,Forbidden,184,567,32211
7596,Mon Sep 07 17:32:42 BDT 2026,Mon Sep 07 17:32:42 BDT 2026,POST,https://t-f-cl-test-003.vercel.app/login,403,Forbidden,189,567,32215
7597,Mon Sep 07 17:32:42 BDT 2026,Mon Sep 07 17:32:42 BDT 2026,POST,https://t-f-cl-test-003.vercel.app/products/7,403,Forbidden,210,567,32220
7598,Mon Sep 07 17:32:42 BDT 2026,Mon Sep 07 17:32:42 BDT 2026,POST,https://t-f-cl-test-003.vercel.app/,403,Forbidden,290,567,32226
7599,Mon Sep 07 17:32:42 BDT 2026,Mon Sep 07 17:32:42 BDT 2026,POST,https://t-f-cl-test-003.vercel.app/admin/orders,403,Forbidden,226,567,32219
7600,Mon Sep 07 17:32:42 BDT 2026,Mon Sep 07 17:32:42 BDT 2026,GET,https://t-f-cl-test-003.vercel.app/admin/users?_rsc=%3Cxsl%3Avalue-of+select%3D%22system-property%28%27xsl%3Avendor%27%29%22%2F%3E,403,Forbidden,222,567,32215
7601,Mon Sep 07 17:32:42 BDT 2026,Mon Sep 07 17:32:42 BDT 2026,POST,https://t-f-cl-test-003.vercel.app/admin/products,403,Forbidden,276,567,32216
7602,Mon Sep 07 17:32:42 BDT 2026,Mon Sep 07 17:32:42 BDT 2026,POST,https://t-f-cl-test-003.vercel.app/products/4,403,Forbidden,213,567,32225
7603,Mon Sep 07 17:32:42 BDT 2026,Mon Sep 07 17:32:42 BDT 2026,GET,https://t-f-cl-test-003.vercel.app/checkout?_rsc=%3Cxsl%3Avalue-of+select%3D%22system-property%28%27xsl%3Avendor%27%29%22%2F%3E,403,Forbidden,224,567,32216
7604,Mon Sep 07 17:32:42 BDT 2026,Mon Sep 07 17:32:42 BDT 2026,POST,https://t-f-cl-test-003.vercel.app/admin/products,403,Forbidden,213,567,32216
7605,Mon Sep 07 17:32:42 BDT 2026,Mon Sep 07 17:32:42 BDT 2026,GET,https://t-f-cl-test-003.vercel.app/products/3?_rsc=%3C,403,Forbidden,227,567,32211
7606,Mon Sep 07 17:32:42 BDT 2026,Mon Sep 07 17:32:42 BDT 2026,GET,https://t-f-cl-test-003.vercel.app/products/10?_rsc=%3C,403,Forbidden,228,567,32219
7607,Mon Sep 07 17:32:42 BDT 2026,Mon Sep 07 17:32:42 BDT 2026,GET,https://t-f-cl-test-003.vercel.app/products/1?_rsc=%3C,403,Forbidden,228,567,32225
7608,Mon Sep 07 17:32:42 BDT 2026,Mon Sep 07 17:32:42 BDT 2026,GET,https://t-f-cl-test-003.vercel.app/login?_rsc=%3Cxsl%3Avalue-of+select%3D%22system-property%28%27xsl%3Avendor%27%29%22%2F%3E,403,Forbidden,226,567,32226
7609,Mon Sep 07 17:32:42 BDT 2026,Mon Sep 07 17:32:42 BDT 2026,GET,https://t-f-cl-test-003.vercel.app/favicon.ico?favicon.3fpu2ql9ns1a0.ico=%3Cxsl%3Avalue-of+select%3D%22system-property%28%27xsl%3Avendor%27%29%22%2F%3E,403,Forbidden,233,567,32216
7610,Mon Sep 07 17:32:42 BDT 2026,Mon Sep 07 17:32:42 BDT 2026,GET,https://t-f-cl-test-003.vercel.app/login?next=%3Cxsl%3Avalue-of+select%3D%22system-property%28%27xsl%3Avendor%27%29%22%2F%3E,403,Forbidden,225,567,32242
7611,Mon Sep 07 17:32:42 BDT 2026,Mon Sep 07 17:32:42 BDT 2026,GET,https://t-f-cl-test-003.vercel.app/admin/orders?_rsc=%3Cxsl%3Avalue-of+select%3D%22system-property%28%27xsl%3Avendor%27%29%22%2F%3E,403,Forbidden,232,567,32215
7612,Mon Sep 07 17:32:42 BDT 2026,Mon Sep 07 17:32:42 BDT 2026,GET,https://t-f-cl-test-003.vercel.app/admin/products?_rsc=%3Cxsl%3Avalue-of+select%3D%22system-property%28%27xsl%3Avendor%27%29%22%2F%3E,403,Forbidden,222,567,32219
7613,Mon Sep 07 17:32:42 BDT 2026,Mon Sep 07 17:32:42 BDT 2026,GET,https://t-f-cl-test-003.vercel.app/products/2?_rsc=%3C,403,Forbidden,229,567,32226
7614,Mon Sep 07 17:32:42 BDT 2026,Mon Sep 07 17:32:42 BDT 2026,POST,https://t-f-cl-test-003.vercel.app/products/4,403,Forbidden,233,567,32221
7615,Mon Sep 07 17:32:42 BDT 2026,Mon Sep 07 17:32:42 BDT 2026,GET,https://t-f-cl-test-003.vercel.app/login?next=%3Cxsl%3Avalue-of+select%3D%22system-property%28%27xsl%3Avendor%27%29%22%2F%3E&_rsc=tXyZJ52UQVBCVsD3,403,Forbidden,232,567,32219
7616,Mon Sep 07 17:32:42 BDT 2026,Mon Sep 07 17:32:42 BDT 2026,GET,https://t-f-cl-test-003.vercel.app/?_rsc=%3Cxsl%3Avalue-of+select%3D%22php%3Afunction%28%27exec%27%2C%27erroneous_command+2%3E%26amp%3B1%27%29%22%2F%3E,403,Forbidden,248,567,32215
7617,Mon Sep 07 17:32:42 BDT 2026,Mon Sep 07 17:32:42 BDT 2026,GET,https://t-f-cl-test-003.vercel.app/admin?_rsc=%3Cxsl%3Avalue-of+select%3D%22system-property%28%27xsl%3Avendor%27%29%22%2F%3E,403,Forbidden,227,567,32210
7618,Mon Sep 07 17:32:42 BDT 2026,Mon Sep 07 17:32:42 BDT 2026,GET,https://t-f-cl-test-003.vercel.app/products/4?_rsc=%3C,403,Forbidden,172,567,32215
7619,Mon Sep 07 17:32:42 BDT 2026,Mon Sep 07 17:32:42 BDT 2026,GET,https://t-f-cl-test-003.vercel.app/products/6?_rsc=%3C,403,Forbidden,177,567,32217
7620,Mon Sep 07 17:32:42 BDT 2026,Mon Sep 07 17:32:42 BDT 2026,GET,https://t-f-cl-test-003.vercel.app/products/5?_rsc=%3C,403,Forbidden,193,567,32210
7621,Mon Sep 07 17:32:42 BDT 2026,Mon Sep 07 17:32:42 BDT 2026,GET,https://t-f-cl-test-003.vercel.app/admin/products?_rsc=system-property%28%27xsl%3Avendor%27%29%2F%3E,403,Forbidden,165,567,32215
7622,Mon Sep 07 17:32:42 BDT 2026,Mon Sep 07 17:32:42 BDT 2026,GET,https://t-f-cl-test-003.vercel.app/login?next=system-property%28%27xsl%3Avendor%27%29%2F%3E,403,Forbidden,166,567,32225
7623,Mon Sep 07 17:32:42 BDT 2026,Mon Sep 07 17:32:42 BDT 2026,GET,https://t-f-cl-test-003.vercel.app/checkout?_rsc=system-property%28%27xsl%3Avendor%27%29%2F%3E,403,Forbidden,170,567,32226
7624,Mon Sep 07 17:32:42 BDT 2026,Mon Sep 07 17:32:42 BDT 2026,GET,https://t-f-cl-test-003.vercel.app/admin/users?_rsc=system-property%28%27xsl%3Avendor%27%29%2F%3E,403,Forbidden,183,567,32215
7625,Mon Sep 07 17:32:42 BDT 2026,Mon Sep 07 17:32:42 BDT 2026,GET,https://t-f-cl-test-003.vercel.app/products/3?_rsc=%3Cxsl%3Avalue-of+select%3D%22system-property%28%27xsl%3Avendor%27%29%22%2F%3E,403,Forbidden,180,567,32215
7626,Mon Sep 07 17:32:42 BDT 2026,Mon Sep 07 17:32:42 BDT 2026,GET,https://t-f-cl-test-003.vercel.app/products/10?_rsc=%3Cxsl%3Avalue-of+select%3D%22system-property%28%27xsl%3Avendor%27%29%22%2F%3E,403,Forbidden,179,567,32210
7627,Mon Sep 07 17:32:42 BDT 2026,Mon Sep 07 17:32:42 BDT 2026,GET,https://t-f-cl-test-003.vercel.app/favicon.ico?favicon.3fpu2ql9ns1a0.ico=system-property%28%27xsl%3Avendor%27%29%2F%3E,403,Forbidden,182,567,32219
7628,Mon Sep 07 17:32:42 BDT 2026,Mon Sep 07 17:32:42 BDT 2026,GET,https://t-f-cl-test-003.vercel.app/login?_rsc=system-property%28%27xsl%3Avendor%27%29%2F%3E,403,Forbidden,184,567,32210
7629,Mon Sep 07 17:32:42 BDT 2026,Mon Sep 07 17:32:42 BDT 2026,GET,https://t-f-cl-test-003.vercel.app/login?next=system-property%28%27xsl%3Avendor%27%29%2F%3E&_rsc=tXyZJ52UQVBCVsD3,403,Forbidden,175,567,32219
7630,Mon Sep 07 17:32:42 BDT 2026,Mon Sep 07 17:32:42 BDT 2026,GET,https://t-f-cl-test-003.vercel.app/products/1?_rsc=%3Cxsl%3Avalue-of+select%3D%22system-property%28%27xsl%3Avendor%27%29%22%2F%3E,403,Forbidden,187,567,32219
7631,Mon Sep 07 17:32:42 BDT 2026,Mon Sep 07 17:32:42 BDT 2026,GET,https://t-f-cl-test-003.vercel.app/products/2?_rsc=%3Cxsl%3Avalue-of+select%3D%22system-property%28%27xsl%3Avendor%27%29%22%2F%3E,403,Forbidden,189,567,32214
7632,Mon Sep 07 17:32:42 BDT 2026,Mon Sep 07 17:32:42 BDT 2026,GET,https://t-f-cl-test-003.vercel.app/admin/orders?_rsc=system-property%28%27xsl%3Avendor%27%29%2F%3E,403,Forbidden,194,567,32217
7633,Mon Sep 07 17:32:42 BDT 2026,Mon Sep 07 17:32:42 BDT 2026,GET,https://t-f-cl-test-003.vercel.app/admin?_rsc=system-property%28%27xsl%3Avendor%27%29%2F%3E,403,Forbidden,186,567,32223
7634,Mon Sep 07 17:32:42 BDT 2026,Mon Sep 07 17:32:42 BDT 2026,GET,https://t-f-cl-test-003.vercel.app/products/4?_rsc=%3Cxsl%3Avalue-of+select%3D%22system-property%28%27xsl%3Avendor%27%29%22%2F%3E,403,Forbidden,178,567,32214
7635,Mon Sep 07 17:32:42 BDT 2026,Mon Sep 07 17:32:42 BDT 2026,GET,https://t-f-cl-test-003.vercel.app/products/6?_rsc=%3Cxsl%3Avalue-of+select%3D%22system-property%28%27xsl%3Avendor%27%29%22%2F%3E,403,Forbidden,184,567,32211
7636,Mon Sep 07 17:32:42 BDT 2026,Mon Sep 07 17:32:42 BDT 2026,GET,https://t-f-cl-test-003.vercel.app/products/5?_rsc=%3Cxsl%3Avalue-of+select%3D%22system-property%28%27xsl%3Avendor%27%29%22%2F%3E,403,Forbidden,171,567,32214
7637,Mon Sep 07 17:32:42 BDT 2026,Mon Sep 07 17:32:42 BDT 2026,GET,https://t-f-cl-test-003.vercel.app/admin/products?_rsc=%22%2F%3E%3Cxsl%3Avalue-of+select%3D%22system-property%28%27xsl%3Avendor%27%29%22%2F%3E%3C%21--,403,Forbidden,185,567,32216
7638,Mon Sep 07 17:32:42 BDT 2026,Mon Sep 07 17:32:42 BDT 2026,GET,https://t-f-cl-test-003.vercel.app/products/1?_rsc=system-property%28%27xsl%3Avendor%27%29%2F%3E,403,Forbidden,166,567,32217
7639,Mon Sep 07 17:32:42 BDT 2026,Mon Sep 07 17:32:42 BDT 2026,GET,https://t-f-cl-test-003.vercel.app/admin/users?_rsc=%22%2F%3E%3Cxsl%3Avalue-of+select%3D%22system-property%28%27xsl%3Avendor%27%29%22%2F%3E%3C%21--,403,Forbidden,178,567,32217
7640,Mon Sep 07 17:32:42 BDT 2026,Mon Sep 07 17:32:42 BDT 2026,GET,https://t-f-cl-test-003.vercel.app/products/10?_rsc=system-property%28%27xsl%3Avendor%27%29%2F%3E,403,Forbidden,178,567,32216
7641,Mon Sep 07 17:32:42 BDT 2026,Mon Sep 07 17:32:42 BDT 2026,GET,https://t-f-cl-test-003.vercel.app/login?next=%22%2F%3E%3Cxsl%3Avalue-of+select%3D%22system-property%28%27xsl%3Avendor%27%29%22%2F%3E%3C%21--,403,Forbidden,199,567,32214
7642,Mon Sep 07 17:32:42 BDT 2026,Mon Sep 07 17:32:42 BDT 2026,GET,https://t-f-cl-test-003.vercel.app/checkout?_rsc=%22%2F%3E%3Cxsl%3Avalue-of+select%3D%22system-property%28%27xsl%3Avendor%27%29%22%2F%3E%3C%21--,403,Forbidden,199,567,32215
7643,Mon Sep 07 17:32:42 BDT 2026,Mon Sep 07 17:32:42 BDT 2026,GET,https://t-f-cl-test-003.vercel.app/admin?_rsc=%22%2F%3E%3Cxsl%3Avalue-of+select%3D%22system-property%28%27xsl%3Avendor%27%29%22%2F%3E%3C%21--,403,Forbidden,175,567,32211
7644,Mon Sep 07 17:32:42 BDT 2026,Mon Sep 07 17:32:42 BDT 2026,GET,https://t-f-cl-test-003.vercel.app/products/3?_rsc=system-property%28%27xsl%3Avendor%27%29%2F%3E,403,Forbidden,198,567,32225
7645,Mon Sep 07 17:32:42 BDT 2026,Mon Sep 07 17:32:42 BDT 2026,GET,https://t-f-cl-test-003.vercel.app/favicon.ico?favicon.3fpu2ql9ns1a0.ico=%22%2F%3E%3Cxsl%3Avalue-of+select%3D%22system-property%28%27xsl%3Avendor%27%29%22%2F%3E%3C%21--,403,Forbidden,195,567,32217
7646,Mon Sep 07 17:32:42 BDT 2026,Mon Sep 07 17:32:42 BDT 2026,GET,https://t-f-cl-test-003.vercel.app/products/7?_rsc=%3C,403,Forbidden,192,567,32226
7647,Mon Sep 07 17:32:42 BDT 2026,Mon Sep 07 17:32:42 BDT 2026,GET,https://t-f-cl-test-003.vercel.app/login?_rsc=%22%2F%3E%3Cxsl%3Avalue-of+select%3D%22system-property%28%27xsl%3Avendor%27%29%22%2F%3E%3C%21--,403,Forbidden,195,567,32226
7648,Mon Sep 07 17:32:42 BDT 2026,Mon Sep 07 17:32:42 BDT 2026,GET,https://t-f-cl-test-003.vercel.app/products/2?_rsc=system-property%28%27xsl%3Avendor%27%29%2F%3E,403,Forbidden,190,567,32225
7649,Mon Sep 07 17:32:42 BDT 2026,Mon Sep 07 17:32:42 BDT 2026,GET,https://t-f-cl-test-003.vercel.app/products/858?_rsc=%3C,403,Forbidden,198,567,32217
7650,Mon Sep 07 17:32:42 BDT 2026,Mon Sep 07 17:32:42 BDT 2026,GET,https://t-f-cl-test-003.vercel.app/login?next=%22%2F%3E%3Cxsl%3Avalue-of+select%3D%22system-property%28%27xsl%3Avendor%27%29%22%2F%3E%3C%21--&_rsc=tXyZJ52UQVBCVsD3,403,Forbidden,201,567,32226
7651,Mon Sep 07 17:32:42 BDT 2026,Mon Sep 07 17:32:42 BDT 2026,GET,https://t-f-cl-test-003.vercel.app/products/9?_rsc=%3C,403,Forbidden,201,567,32225
7652,Mon Sep 07 17:32:42 BDT 2026,Mon Sep 07 17:32:42 BDT 2026,GET,https://t-f-cl-test-003.vercel.app/products/8?_rsc=%3C,403,Forbidden,208,567,32214
7653,Mon Sep 07 17:32:42 BDT 2026,Mon Sep 07 17:32:42 BDT 2026,GET,https://t-f-cl-test-003.vercel.app/admin/orders?_rsc=%22%2F%3E%3Cxsl%3Avalue-of+select%3D%22system-property%28%27xsl%3Avendor%27%29%22%2F%3E%3C%21--,403,Forbidden,199,567,32215
7654,Mon Sep 07 17:32:42 BDT 2026,Mon Sep 07 17:32:42 BDT 2026,GET,https://t-f-cl-test-003.vercel.app/products/4?_rsc=system-property%28%27xsl%3Avendor%27%29%2F%3E,403,Forbidden,176,567,32226
7655,Mon Sep 07 17:32:42 BDT 2026,Mon Sep 07 17:32:42 BDT 2026,GET,https://t-f-cl-test-003.vercel.app/products/6?_rsc=system-property%28%27xsl%3Avendor%27%29%2F%3E,403,Forbidden,182,567,32219
7656,Mon Sep 07 17:32:42 BDT 2026,Mon Sep 07 17:32:42 BDT 2026,GET,https://t-f-cl-test-003.vercel.app/favicon.ico?favicon.3fpu2ql9ns1a0.ico=%3Cxsl%3Avalue-of+select%3D%22system-property%28%27xsl%3Avendor%27%29%22%2F%3E%3C%21--,403,Forbidden,177,567,32219
7657,Mon Sep 07 17:32:42 BDT 2026,Mon Sep 07 17:32:42 BDT 2026,GET,https://t-f-cl-test-003.vercel.app/products/5?_rsc=system-property%28%27xsl%3Avendor%27%29%2F%3E,403,Forbidden,220,567,32214
7658,Mon Sep 07 17:32:42 BDT 2026,Mon Sep 07 17:32:42 BDT 2026,GET,https://t-f-cl-test-003.vercel.app/products/1?_rsc=%22%2F%3E%3Cxsl%3Avalue-of+select%3D%22system-property%28%27xsl%3Avendor%27%29%22%2F%3E%3C%21--,403,Forbidden,212,567,32215
7659,Mon Sep 07 17:32:42 BDT 2026,Mon Sep 07 17:32:42 BDT 2026,GET,https://t-f-cl-test-003.vercel.app/admin/users?_rsc=%3Cxsl%3Avalue-of+select%3D%22system-property%28%27xsl%3Avendor%27%29%22%2F%3E%3C%21--,403,Forbidden,216,567,32215
7660,Mon Sep 07 17:32:42 BDT 2026,Mon Sep 07 17:32:42 BDT 2026,GET,https://t-f-cl-test-003.vercel.app/checkout?_rsc=%3Cxsl%3Avalue-of+select%3D%22system-property%28%27xsl%3Avendor%27%29%22%2F%3E%3C%21--,403,Forbidden,208,567,32219
7661,Mon Sep 07 17:32:42 BDT 2026,Mon Sep 07 17:32:42 BDT 2026,GET,https://t-f-cl-test-003.vercel.app/products/7?_rsc=%3Cxsl%3Avalue-of+select%3D%22system-property%28%27xsl%3Avendor%27%29%22%2F%3E,403,Forbidden,200,567,32211
7662,Mon Sep 07 17:32:42 BDT 2026,Mon Sep 07 17:32:42 BDT 2026,GET,https://t-f-cl-test-003.vercel.app/products/858?_rsc=%3Cxsl%3Avalue-of+select%3D%22system-property%28%27xsl%3Avendor%27%29%22%2F%3E,403,Forbidden,195,567,32211
7663,Mon Sep 07 17:32:42 BDT 2026,Mon Sep 07 17:32:42 BDT 2026,GET,https://t-f-cl-test-003.vercel.app/products/3?_rsc=%22%2F%3E%3Cxsl%3Avalue-of+select%3D%22system-property%28%27xsl%3Avendor%27%29%22%2F%3E%3C%21--,403,Forbidden,201,567,32226
7664,Mon Sep 07 17:32:42 BDT 2026,Mon Sep 07 17:32:42 BDT 2026,GET,https://t-f-cl-test-003.vercel.app/admin/products?_rsc=%3Cxsl%3Avalue-of+select%3D%22system-property%28%27xsl%3Avendor%27%29%22%2F%3E%3C%21--,403,Forbidden,229,567,32216
7665,Mon Sep 07 17:32:42 BDT 2026,Mon Sep 07 17:32:42 BDT 2026,GET,https://t-f-cl-test-003.vercel.app/products/10?_rsc=%22%2F%3E%3Cxsl%3Avalue-of+select%3D%22system-property%28%27xsl%3Avendor%27%29%22%2F%3E%3C%21--,403,Forbidden,222,567,32214
7666,Mon Sep 07 17:32:42 BDT 2026,Mon Sep 07 17:32:42 BDT 2026,GET,https://t-f-cl-test-003.vercel.app/login?next=%3Cxsl%3Avalue-of+select%3D%22system-property%28%27xsl%3Avendor%27%29%22%2F%3E%3C%21--,403,Forbidden,216,567,32226
7667,Mon Sep 07 17:32:42 BDT 2026,Mon Sep 07 17:32:42 BDT 2026,GET,https://t-f-cl-test-003.vercel.app/products/2?_rsc=%22%2F%3E%3Cxsl%3Avalue-of+select%3D%22system-property%28%27xsl%3Avendor%27%29%22%2F%3E%3C%21--,403,Forbidden,200,567,32217
7668,Mon Sep 07 17:32:42 BDT 2026,Mon Sep 07 17:32:42 BDT 2026,GET,https://t-f-cl-test-003.vercel.app/login?_rsc=%3Cxsl%3Avalue-of+select%3D%22system-property%28%27xsl%3Avendor%27%29%22%2F%3E%3C%21--,403,Forbidden,202,567,32211
7669,Mon Sep 07 17:32:42 BDT 2026,Mon Sep 07 17:32:42 BDT 2026,GET,https://t-f-cl-test-003.vercel.app/admin?_rsc=%3Cxsl%3Avalue-of+select%3D%22system-property%28%27xsl%3Avendor%27%29%22%2F%3E%3C%21--,403,Forbidden,207,567,32216
7670,Mon Sep 07 17:32:42 BDT 2026,Mon Sep 07 17:32:42 BDT 2026,GET,https://t-f-cl-test-003.vercel.app/admin/orders?_rsc=%3Cxsl%3Avalue-of+select%3D%22system-property%28%27xsl%3Avendor%27%29%22%2F%3E%3C%21--,403,Forbidden,190,567,32221
7671,Mon Sep 07 17:32:42 BDT 2026,Mon Sep 07 17:32:42 BDT 2026,GET,https://t-f-cl-test-003.vercel.app/products/8?_rsc=%3Cxsl%3Avalue-of+select%3D%22system-property%28%27xsl%3Avendor%27%29%22%2F%3E,403,Forbidden,195,567,32220
7672,Mon Sep 07 17:32:42 BDT 2026,Mon Sep 07 17:32:42 BDT 2026,GET,https://t-f-cl-test-003.vercel.app/products/9?_rsc=%3Cxsl%3Avalue-of+select%3D%22system-property%28%27xsl%3Avendor%27%29%22%2F%3E,403,Forbidden,202,567,32220
7673,Mon Sep 07 17:32:42 BDT 2026,Mon Sep 07 17:32:42 BDT 2026,GET,https://t-f-cl-test-003.vercel.app/login?next=%3Cxsl%3Avalue-of+select%3D%22system-property%28%27xsl%3Avendor%27%29%22%2F%3E%3C%21--&_rsc=tXyZJ52UQVBCVsD3,403,Forbidden,207,567,32216
7674,Mon Sep 07 17:32:42 BDT 2026,Mon Sep 07 17:32:43 BDT 2026,GET,https://t-f-cl-test-003.vercel.app/products/4?_rsc=%22%2F%3E%3Cxsl%3Avalue-of+select%3D%22system-property%28%27xsl%3Avendor%27%29%22%2F%3E%3C%21--,403,Forbidden,147,567,32214
7675,Mon Sep 07 17:32:42 BDT 2026,Mon Sep 07 17:32:43 BDT 2026,GET,https://t-f-cl-test-003.vercel.app/products/6?_rsc=%22%2F%3E%3Cxsl%3Avalue-of+select%3D%22system-property%28%27xsl%3Avendor%27%29%22%2F%3E%3C%21--,403,Forbidden,197,567,32210
7676,Mon Sep 07 17:32:42 BDT 2026,Mon Sep 07 17:32:43 BDT 2026,GET,https://t-f-cl-test-003.vercel.app/favicon.ico?favicon.3fpu2ql9ns1a0.ico=%3Cxsl%3Avalue-of+select%3D%22document%28%27http%3A%2F%2Ft-f-cl-test-003.vercel.app%3A22%27%29%22%2F%3E,403,Forbidden,180,567,32225
7677,Mon Sep 07 17:32:42 BDT 2026,Mon Sep 07 17:32:43 BDT 2026,GET,https://t-f-cl-test-003.vercel.app/products/1?_rsc=%3Cxsl%3Avalue-of+select%3D%22system-property%28%27xsl%3Avendor%27%29%22%2F%3E%3C%21--,403,Forbidden,182,567,32215
7678,Mon Sep 07 17:32:42 BDT 2026,Mon Sep 07 17:32:43 BDT 2026,GET,https://t-f-cl-test-003.vercel.app/checkout?_rsc=%3Cxsl%3Avalue-of+select%3D%22document%28%27http%3A%2F%2Ft-f-cl-test-003.vercel.app%3A22%27%29%22%2F%3E,403,Forbidden,181,567,32214
7679,Mon Sep 07 17:32:42 BDT 2026,Mon Sep 07 17:32:43 BDT 2026,GET,https://t-f-cl-test-003.vercel.app/products/5?_rsc=%22%2F%3E%3Cxsl%3Avalue-of+select%3D%22system-property%28%27xsl%3Avendor%27%29%22%2F%3E%3C%21--,403,Forbidden,206,567,32210
7680,Mon Sep 07 17:32:42 BDT 2026,Mon Sep 07 17:32:43 BDT 2026,GET,https://t-f-cl-test-003.vercel.app/login?_rsc=%3Cxsl%3Avalue-of+select%3D%22document%28%27http%3A%2F%2Ft-f-cl-test-003.vercel.app%3A22%27%29%22%2F%3E,403,Forbidden,186,567,32214
7681,Mon Sep 07 17:32:42 BDT 2026,Mon Sep 07 17:32:43 BDT 2026,GET,https://t-f-cl-test-003.vercel.app/admin/users?_rsc=%3Cxsl%3Avalue-of+select%3D%22document%28%27http%3A%2F%2Ft-f-cl-test-003.vercel.app%3A22%27%29%22%2F%3E,403,Forbidden,198,567,32210
7682,Mon Sep 07 17:32:42 BDT 2026,Mon Sep 07 17:32:43 BDT 2026,GET,https://t-f-cl-test-003.vercel.app/products/858?_rsc=system-property%28%27xsl%3Avendor%27%29%2F%3E,403,Forbidden,187,567,32217
7683,Mon Sep 07 17:32:42 BDT 2026,Mon Sep 07 17:32:43 BDT 2026,GET,https://t-f-cl-test-003.vercel.app/admin/orders?_rsc=%3Cxsl%3Avalue-of+select%3D%22document%28%27http%3A%2F%2Ft-f-cl-test-003.vercel.app%3A22%27%29%22%2F%3E,403,Forbidden,191,567,32220
7684,Mon Sep 07 17:32:42 BDT 2026,Mon Sep 07 17:32:43 BDT 2026,GET,https://t-f-cl-test-003.vercel.app/products/2?_rsc=%3Cxsl%3Avalue-of+select%3D%22system-property%28%27xsl%3Avendor%27%29%22%2F%3E%3C%21--,403,Forbidden,196,567,32225
7685,Mon Sep 07 17:32:42 BDT 2026,Mon Sep 07 17:32:43 BDT 2026,GET,https://t-f-cl-test-003.vercel.app/products/7?_rsc=system-property%28%27xsl%3Avendor%27%29%2F%3E,403,Forbidden,197,567,32226
7686,Mon Sep 07 17:32:42 BDT 2026,Mon Sep 07 17:32:43 BDT 2026,GET,https://t-f-cl-test-003.vercel.app/products/8?_rsc=system-property%28%27xsl%3Avendor%27%29%2F%3E,403,Forbidden,185,567,32211
7687,Mon Sep 07 17:32:42 BDT 2026,Mon Sep 07 17:32:43 BDT 2026,GET,https://t-f-cl-test-003.vercel.app/admin/products?_rsc=%3Cxsl%3Avalue-of+select%3D%22document%28%27http%3A%2F%2Ft-f-cl-test-003.vercel.app%3A22%27%29%22%2F%3E,403,Forbidden,196,567,32221
7688,Mon Sep 07 17:32:42 BDT 2026,Mon Sep 07 17:32:43 BDT 2026,GET,https://t-f-cl-test-003.vercel.app/login?next=%3Cxsl%3Avalue-of+select%3D%22document%28%27http%3A%2F%2Ft-f-cl-test-003.vercel.app%3A22%27%29%22%2F%3E&_rsc=tXyZJ52UQVBCVsD3,403,Forbidden,186,567,32220
7689,Mon Sep 07 17:32:42 BDT 2026,Mon Sep 07 17:32:43 BDT 2026,GET,https://t-f-cl-test-003.vercel.app/login?next=%3Cxsl%3Avalue-of+select%3D%22document%28%27http%3A%2F%2Ft-f-cl-test-003.vercel.app%3A22%27%29%22%2F%3E,403,Forbidden,199,567,32216
7690,Mon Sep 07 17:32:42 BDT 2026,Mon Sep 07 17:32:43 BDT 2026,GET,https://t-f-cl-test-003.vercel.app/products/10?_rsc=%3Cxsl%3Avalue-of+select%3D%22system-property%28%27xsl%3Avendor%27%29%22%2F%3E%3C%21--,403,Forbidden,197,567,32217
7691,Mon Sep 07 17:32:42 BDT 2026,Mon Sep 07 17:32:43 BDT 2026,GET,https://t-f-cl-test-003.vercel.app/products/3?_rsc=%3Cxsl%3Avalue-of+select%3D%22system-property%28%27xsl%3Avendor%27%29%22%2F%3E%3C%21--,403,Forbidden,206,567,32215
7692,Mon Sep 07 17:32:42 BDT 2026,Mon Sep 07 17:32:43 BDT 2026,GET,https://t-f-cl-test-003.vercel.app/products/9?_rsc=system-property%28%27xsl%3Avendor%27%29%2F%3E,403,Forbidden,200,567,32226
7693,Mon Sep 07 17:32:42 BDT 2026,Mon Sep 07 17:32:43 BDT 2026,GET,https://t-f-cl-test-003.vercel.app/admin?_rsc=%3Cxsl%3Avalue-of+select%3D%22document%28%27http%3A%2F%2Ft-f-cl-test-003.vercel.app%3A22%27%29%22%2F%3E,403,Forbidden,210,567,32215
7694,Mon Sep 07 17:32:43 BDT 2026,Mon Sep 07 17:32:43 BDT 2026,GET,https://t-f-cl-test-003.vercel.app/products/4?_rsc=%3Cxsl%3Avalue-of+select%3D%22system-property%28%27xsl%3Avendor%27%29%22%2F%3E%3C%21--,403,Forbidden,183,567,32220
7695,Mon Sep 07 17:32:43 BDT 2026,Mon Sep 07 17:32:43 BDT 2026,GET,https://t-f-cl-test-003.vercel.app/products/6?_rsc=%3Cxsl%3Avalue-of+select%3D%22system-property%28%27xsl%3Avendor%27%29%22%2F%3E%3C%21--,403,Forbidden,158,567,32221
7696,Mon Sep 07 17:32:43 BDT 2026,Mon Sep 07 17:32:43 BDT 2026,GET,https://t-f-cl-test-003.vercel.app/products/5?_rsc=%3Cxsl%3Avalue-of+select%3D%22system-property%28%27xsl%3Avendor%27%29%22%2F%3E%3C%21--,403,Forbidden,163,567,32211
7697,Mon Sep 07 17:32:43 BDT 2026,Mon Sep 07 17:32:43 BDT 2026,GET,https://t-f-cl-test-003.vercel.app/products/1?_rsc=%3Cxsl%3Avalue-of+select%3D%22document%28%27http%3A%2F%2Ft-f-cl-test-003.vercel.app%3A22%27%29%22%2F%3E,403,Forbidden,183,567,32228
7698,Mon Sep 07 17:32:43 BDT 2026,Mon Sep 07 17:32:43 BDT 2026,GET,https://t-f-cl-test-003.vercel.app/favicon.ico?favicon.3fpu2ql9ns1a0.ico=%3Cxsl%3Avariable+name%3D%22rtobject%22+select%3D%22runtime%3AgetRuntime%28%29%22%2F%3E%0A%3Cxsl%3Avariable+name%3D%22process%22+select%3D%22runtime%3Aexec%28%24rtobject%2C%27erroneous_command%27%29%22%2F%3E%0A%3Cxsl%3Avariable+name%3D%22waiting%22+select%3D%22process%3AwaitFor%28%24process%29%22%2F%3E%0A%3Cxsl%3Avalue-of+select%3D%22%24process%22%2F%3E,403,Forbidden,192,567,32215
7699,Mon Sep 07 17:32:43 BDT 2026,Mon Sep 07 17:32:43 BDT 2026,GET,https://t-f-cl-test-003.vercel.app/products/2?_rsc=%3Cxsl%3Avalue-of+select%3D%22document%28%27http%3A%2F%2Ft-f-cl-test-003.vercel.app%3A22%27%29%22%2F%3E,403,Forbidden,161,567,32210
7700,Mon Sep 07 17:32:43 BDT 2026,Mon Sep 07 17:32:43 BDT 2026,GET,https://t-f-cl-test-003.vercel.app/checkout?_rsc=%3Cxsl%3Avariable+name%3D%22rtobject%22+select%3D%22runtime%3AgetRuntime%28%29%22%2F%3E%0A%3Cxsl%3Avariable+name%3D%22process%22+select%3D%22runtime%3Aexec%28%24rtobject%2C%27erroneous_command%27%29%22%2F%3E%0A%3Cxsl%3Avariable+name%3D%22waiting%22+select%3D%22process%3AwaitFor%28%24process%29%22%2F%3E%0A%3Cxsl%3Avalue-of+select%3D%22%24process%22%2F%3E,403,Forbidden,187,567,32216
7701,Mon Sep 07 17:32:43 BDT 2026,Mon Sep 07 17:32:43 BDT 2026,GET,https://t-f-cl-test-003.vercel.app/login?next=%3Cxsl%3Avariable+name%3D%22rtobject%22+select%3D%22runtime%3AgetRuntime%28%29%22%2F%3E%0A%3Cxsl%3Avariable+name%3D%22process%22+select%3D%22runtime%3Aexec%28%24rtobject%2C%27erroneous_command%27%29%22%2F%3E%0A%3Cxsl%3Avariable+name%3D%22waiting%22+select%3D%22process%3AwaitFor%28%24process%29%22%2F%3E%0A%3Cxsl%3Avalue-of+select%3D%22%24process%22%2F%3E,403,Forbidden,178,567,32214
7702,Mon Sep 07 17:32:43 BDT 2026,Mon Sep 07 17:32:43 BDT 2026,GET,https://t-f-cl-test-003.vercel.app/products/10?_rsc=%3Cxsl%3Avalue-of+select%3D%22document%28%27http%3A%2F%2Ft-f-cl-test-003.vercel.app%3A22%27%29%22%2F%3E,403,Forbidden,178,567,32216
7703,Mon Sep 07 17:32:43 BDT 2026,Mon Sep 07 17:32:43 BDT 2026,GET,https://t-f-cl-test-003.vercel.app/products/8?_rsc=%22%2F%3E%3Cxsl%3Avalue-of+select%3D%22system-property%28%27xsl%3Avendor%27%29%22%2F%3E%3C%21--,403,Forbidden,182,567,32215
7704,Mon Sep 07 17:32:43 BDT 2026,Mon Sep 07 17:32:43 BDT 2026,GET,https://t-f-cl-test-003.vercel.app/products/7?_rsc=%22%2F%3E%3Cxsl%3Avalue-of+select%3D%22system-property%28%27xsl%3Avendor%27%29%22%2F%3E%3C%21--,403,Forbidden,182,567,32216
7705,Mon Sep 07 17:32:43 BDT 2026,Mon Sep 07 17:32:43 BDT 2026,GET,https://t-f-cl-test-003.vercel.app/products/3?_rsc=%3Cxsl%3Avalue-of+select%3D%22document%28%27http%3A%2F%2Ft-f-cl-test-003.vercel.app%3A22%27%29%22%2F%3E,403,Forbidden,179,567,32214
7706,Mon Sep 07 17:32:43 BDT 2026,Mon Sep 07 17:32:43 BDT 2026,GET,https://t-f-cl-test-003.vercel.app/admin?_rsc=%3Cxsl%3Avariable+name%3D%22rtobject%22+select%3D%22runtime%3AgetRuntime%28%29%22%2F%3E%0A%3Cxsl%3Avariable+name%3D%22process%22+select%3D%22runtime%3Aexec%28%24rtobject%2C%27erroneous_command%27%29%22%2F%3E%0A%3Cxsl%3Avariable+name%3D%22waiting%22+select%3D%22process%3AwaitFor%28%24process%29%22%2F%3E%0A%3Cxsl%3Avalue-of+select%3D%22%24process%22%2F%3E,403,Forbidden,172,567,32217
7707,Mon Sep 07 17:32:43 BDT 2026,Mon Sep 07 17:32:43 BDT 2026,GET,https://t-f-cl-test-003.vercel.app/admin/users?_rsc=%3Cxsl%3Avariable+name%3D%22rtobject%22+select%3D%22runtime%3AgetRuntime%28%29%22%2F%3E%0A%3Cxsl%3Avariable+name%3D%22process%22+select%3D%22runtime%3Aexec%28%24rtobject%2C%27erroneous_command%27%29%22%2F%3E%0A%3Cxsl%3Avariable+name%3D%22waiting%22+select%3D%22process%3AwaitFor%28%24process%29%22%2F%3E%0A%3Cxsl%3Avalue-of+select%3D%22%24process%22%2F%3E,403,Forbidden,196,567,32216
7708,Mon Sep 07 17:32:43 BDT 2026,Mon Sep 07 17:32:43 BDT 2026,GET,https://t-f-cl-test-003.vercel.app/products/858?_rsc=%22%2F%3E%3Cxsl%3Avalue-of+select%3D%22system-property%28%27xsl%3Avendor%27%29%22%2F%3E%3C%21--,403,Forbidden,196,567,32214
7709,Mon Sep 07 17:32:43 BDT 2026,Mon Sep 07 17:32:43 BDT 2026,GET,https://t-f-cl-test-003.vercel.app/admin/products?_rsc=%3Cxsl%3Avariable+name%3D%22rtobject%22+select%3D%22runtime%3AgetRuntime%28%29%22%2F%3E%0A%3Cxsl%3Avariable+name%3D%22process%22+select%3D%22runtime%3Aexec%28%24rtobject%2C%27erroneous_command%27%29%22%2F%3E%0A%3Cxsl%3Avariable+name%3D%22waiting%22+select%3D%22process%3AwaitFor%28%24process%29%22%2F%3E%0A%3Cxsl%3Avalue-of+select%3D%22%24process%22%2F%3E,403,Forbidden,189,567,32215
7710,Mon Sep 07 17:32:43 BDT 2026,Mon Sep 07 17:32:43 BDT 2026,GET,https://t-f-cl-test-003.vercel.app/admin/orders?_rsc=%3Cxsl%3Avariable+name%3D%22rtobject%22+select%3D%22runtime%3AgetRuntime%28%29%22%2F%3E%0A%3Cxsl%3Avariable+name%3D%22process%22+select%3D%22runtime%3Aexec%28%24rtobject%2C%27erroneous_command%27%29%22%2F%3E%0A%3Cxsl%3Avariable+name%3D%22waiting%22+select%3D%22process%3AwaitFor%28%24process%29%22%2F%3E%0A%3Cxsl%3Avalue-of+select%3D%22%24process%22%2F%3E,403,Forbidden,194,567,32211
7711,Mon Sep 07 17:32:43 BDT 2026,Mon Sep 07 17:32:43 BDT 2026,GET,https://t-f-cl-test-003.vercel.app/login?next=%3Cxsl%3Avariable+name%3D%22rtobject%22+select%3D%22runtime%3AgetRuntime%28%29%22%2F%3E%0A%3Cxsl%3Avariable+name%3D%22process%22+select%3D%22runtime%3Aexec%28%24rtobject%2C%27erroneous_command%27%29%22%2F%3E%0A%3Cxsl%3Avariable+name%3D%22waiting%22+select%3D%22process%3AwaitFor%28%24process%29%22%2F%3E%0A%3Cxsl%3Avalue-of+select%3D%22%24process%22%2F%3E&_rsc=tXyZJ52UQVBCVsD3,403,Forbidden,196,567,32221
7712,Mon Sep 07 17:32:43 BDT 2026,Mon Sep 07 17:32:43 BDT 2026,GET,https://t-f-cl-test-003.vercel.app/login?_rsc=%3Cxsl%3Avariable+name%3D%22rtobject%22+select%3D%22runtime%3AgetRuntime%28%29%22%2F%3E%0A%3Cxsl%3Avariable+name%3D%22process%22+select%3D%22runtime%3Aexec%28%24rtobject%2C%27erroneous_command%27%29%22%2F%3E%0A%3Cxsl%3Avariable+name%3D%22waiting%22+select%3D%22process%3AwaitFor%28%24process%29%22%2F%3E%0A%3Cxsl%3Avalue-of+select%3D%22%24process%22%2F%3E,403,Forbidden,210,567,32215
7713,Mon Sep 07 17:32:43 BDT 2026,Mon Sep 07 17:32:43 BDT 2026,GET,https://t-f-cl-test-003.vercel.app/products/9?_rsc=%22%2F%3E%3Cxsl%3Avalue-of+select%3D%22system-property%28%27xsl%3Avendor%27%29%22%2F%3E%3C%21--,403,Forbidden,187,567,32216
7714,Mon Sep 07 17:32:43 BDT 2026,Mon Sep 07 17:32:43 BDT 2026,GET,https://t-f-cl-test-003.vercel.app/products/4?_rsc=%3Cxsl%3Avalue-of+select%3D%22document%28%27http%3A%2F%2Ft-f-cl-test-003.vercel.app%3A22%27%29%22%2F%3E,403,Forbidden,189,567,32215
7715,Mon Sep 07 17:32:43 BDT 2026,Mon Sep 07 17:32:43 BDT 2026,GET,https://t-f-cl-test-003.vercel.app/products/6?_rsc=%3Cxsl%3Avalue-of+select%3D%22document%28%27http%3A%2F%2Ft-f-cl-test-003.vercel.app%3A22%27%29%22%2F%3E,403,Forbidden,166,567,32225
7716,Mon Sep 07 17:32:43 BDT 2026,Mon Sep 07 17:32:43 BDT 2026,GET,https://t-f-cl-test-003.vercel.app/products/5?_rsc=%3Cxsl%3Avalue-of+select%3D%22document%28%27http%3A%2F%2Ft-f-cl-test-003.vercel.app%3A22%27%29%22%2F%3E,403,Forbidden,180,567,32226
7717,Mon Sep 07 17:32:43 BDT 2026,Mon Sep 07 17:32:43 BDT 2026,GET,https://t-f-cl-test-003.vercel.app/products/10?_rsc=%3Cxsl%3Avariable+name%3D%22rtobject%22+select%3D%22runtime%3AgetRuntime%28%29%22%2F%3E%0A%3Cxsl%3Avariable+name%3D%22process%22+select%3D%22runtime%3Aexec%28%24rtobject%2C%27erroneous_command%27%29%22%2F%3E%0A%3Cxsl%3Avariable+name%3D%22waiting%22+select%3D%22process%3AwaitFor%28%24process%29%22%2F%3E%0A%3Cxsl%3Avalue-of+select%3D%22%24process%22%2F%3E,403,Forbidden,154,567,32211
7718,Mon Sep 07 17:32:43 BDT 2026,Mon Sep 07 17:32:43 BDT 2026,GET,https://t-f-cl-test-003.vercel.app/admin/users?_rsc=%3Cxsl%3Avalue-of+select%3D%22php%3Afunction%28%27exec%27%2C%27erroneous_command+2%3E%26amp%3B1%27%29%22%2F%3E,403,Forbidden,155,567,32215
7719,Mon Sep 07 17:32:43 BDT 2026,Mon Sep 07 17:32:43 BDT 2026,GET,https://t-f-cl-test-003.vercel.app/products/7?_rsc=%3Cxsl%3Avalue-of+select%3D%22system-property%28%27xsl%3Avendor%27%29%22%2F%3E%3C%21--,403,Forbidden,161,567,32216
7720,Mon Sep 07 17:32:43 BDT 2026,Mon Sep 07 17:32:43 BDT 2026,GET,https://t-f-cl-test-003.vercel.app/products/1?_rsc=%3Cxsl%3Avariable+name%3D%22rtobject%22+select%3D%22runtime%3AgetRuntime%28%29%22%2F%3E%0A%3Cxsl%3Avariable+name%3D%22process%22+select%3D%22runtime%3Aexec%28%24rtobject%2C%27erroneous_command%27%29%22%2F%3E%0A%3Cxsl%3Avariable+name%3D%22waiting%22+select%3D%22process%3AwaitFor%28%24process%29%22%2F%3E%0A%3Cxsl%3Avalue-of+select%3D%22%24process%22%2F%3E,403,Forbidden,196,567,32214
7721,Mon Sep 07 17:32:43 BDT 2026,Mon Sep 07 17:32:43 BDT 2026,GET,https://t-f-cl-test-003.vercel.app/favicon.ico?favicon.3fpu2ql9ns1a0.ico=%3Cxsl%3Avalue-of+select%3D%22php%3Afunction%28%27exec%27%2C%27erroneous_command+2%3E%26amp%3B1%27%29%22%2F%3E,403,Forbidden,212,567,32214
7722,Mon Sep 07 17:32:43 BDT 2026,Mon Sep 07 17:32:43 BDT 2026,GET,https://t-f-cl-test-003.vercel.app/admin?_rsc=%3Cxsl%3Avalue-of+select%3D%22php%3Afunction%28%27exec%27%2C%27erroneous_command+2%3E%26amp%3B1%27%29%22%2F%3E,403,Forbidden,175,567,32226
7723,Mon Sep 07 17:32:43 BDT 2026,Mon Sep 07 17:32:43 BDT 2026,GET,https://t-f-cl-test-003.vercel.app/login?next=%3Cxsl%3Avalue-of+select%3D%22php%3Afunction%28%27exec%27%2C%27erroneous_command+2%3E%26amp%3B1%27%29%22%2F%3E,403,Forbidden,180,567,32214
7724,Mon Sep 07 17:32:43 BDT 2026,Mon Sep 07 17:32:43 BDT 2026,GET,https://t-f-cl-test-003.vercel.app/products/2?_rsc=%3Cxsl%3Avariable+name%3D%22rtobject%22+select%3D%22runtime%3AgetRuntime%28%29%22%2F%3E%0A%3Cxsl%3Avariable+name%3D%22process%22+select%3D%22runtime%3Aexec%28%24rtobject%2C%27erroneous_command%27%29%22%2F%3E%0A%3Cxsl%3Avariable+name%3D%22waiting%22+select%3D%22process%3AwaitFor%28%24process%29%22%2F%3E%0A%3Cxsl%3Avalue-of+select%3D%22%24process%22%2F%3E,403,Forbidden,207,567,32217
7725,Mon Sep 07 17:32:43 BDT 2026,Mon Sep 07 17:32:43 BDT 2026,GET,https://t-f-cl-test-003.vercel.app/checkout?_rsc=%3Cxsl%3Avalue-of+select%3D%22php%3Afunction%28%27exec%27%2C%27erroneous_command+2%3E%26amp%3B1%27%29%22%2F%3E,403,Forbidden,204,567,32220
7726,Mon Sep 07 17:32:43 BDT 2026,Mon Sep 07 17:32:43 BDT 2026,GET,https://t-f-cl-test-003.vercel.app/products/8?_rsc=%3Cxsl%3Avalue-of+select%3D%22system-property%28%27xsl%3Avendor%27%29%22%2F%3E%3C%21--,403,Forbidden,189,567,32221
7727,Mon Sep 07 17:32:43 BDT 2026,Mon Sep 07 17:32:43 BDT 2026,GET,https://t-f-cl-test-003.vercel.app/admin/products?_rsc=%3Cxsl%3Avalue-of+select%3D%22php%3Afunction%28%27exec%27%2C%27erroneous_command+2%3E%26amp%3B1%27%29%22%2F%3E,403,Forbidden,184,567,32215
7728,Mon Sep 07 17:32:43 BDT 2026,Mon Sep 07 17:32:43 BDT 2026,GET,https://t-f-cl-test-003.vercel.app/login?next=%3Cxsl%3Avalue-of+select%3D%22php%3Afunction%28%27exec%27%2C%27erroneous_command+2%3E%26amp%3B1%27%29%22%2F%3E&_rsc=tXyZJ52UQVBCVsD3,403,Forbidden,183,567,32216
7729,Mon Sep 07 17:32:43 BDT 2026,Mon Sep 07 17:32:43 BDT 2026,GET,https://t-f-cl-test-003.vercel.app/products/9?_rsc=%3Cxsl%3Avalue-of+select%3D%22system-property%28%27xsl%3Avendor%27%29%22%2F%3E%3C%21--,403,Forbidden,181,567,32223
7730,Mon Sep 07 17:32:43 BDT 2026,Mon Sep 07 17:32:43 BDT 2026,GET,https://t-f-cl-test-003.vercel.app/admin/orders?_rsc=%3Cxsl%3Avalue-of+select%3D%22php%3Afunction%28%27exec%27%2C%27erroneous_command+2%3E%26amp%3B1%27%29%22%2F%3E,403,Forbidden,189,567,32225
7731,Mon Sep 07 17:32:43 BDT 2026,Mon Sep 07 17:32:43 BDT 2026,GET,https://t-f-cl-test-003.vercel.app/products/858?_rsc=%3Cxsl%3Avalue-of+select%3D%22system-property%28%27xsl%3Avendor%27%29%22%2F%3E%3C%21--,403,Forbidden,196,567,32242
7732,Mon Sep 07 17:32:43 BDT 2026,Mon Sep 07 17:32:43 BDT 2026,GET,https://t-f-cl-test-003.vercel.app/products/3?_rsc=%3Cxsl%3Avariable+name%3D%22rtobject%22+select%3D%22runtime%3AgetRuntime%28%29%22%2F%3E%0A%3Cxsl%3Avariable+name%3D%22process%22+select%3D%22runtime%3Aexec%28%24rtobject%2C%27erroneous_command%27%29%22%2F%3E%0A%3Cxsl%3Avariable+name%3D%22waiting%22+select%3D%22process%3AwaitFor%28%24process%29%22%2F%3E%0A%3Cxsl%3Avalue-of+select%3D%22%24process%22%2F%3E,403,Forbidden,203,567,32210
7733,Mon Sep 07 17:32:43 BDT 2026,Mon Sep 07 17:32:43 BDT 2026,GET,https://t-f-cl-test-003.vercel.app/login?_rsc=%3Cxsl%3Avalue-of+select%3D%22php%3Afunction%28%27exec%27%2C%27erroneous_command+2%3E%26amp%3B1%27%29%22%2F%3E,403,Forbidden,193,567,32217
7734,Mon Sep 07 17:32:43 BDT 2026,Mon Sep 07 17:32:43 BDT 2026,GET,https://t-f-cl-test-003.vercel.app/products/4?_rsc=%3Cxsl%3Avariable+name%3D%22rtobject%22+select%3D%22runtime%3AgetRuntime%28%29%22%2F%3E%0A%3Cxsl%3Avariable+name%3D%22process%22+select%3D%22runtime%3Aexec%28%24rtobject%2C%27erroneous_command%27%29%22%2F%3E%0A%3Cxsl%3Avariable+name%3D%22waiting%22+select%3D%22process%3AwaitFor%28%24process%29%22%2F%3E%0A%3Cxsl%3Avalue-of+select%3D%22%24process%22%2F%3E,403,Forbidden,179,567,32211
7735,Mon Sep 07 17:32:43 BDT 2026,Mon Sep 07 17:32:43 BDT 2026,GET,https://t-f-cl-test-003.vercel.app/products/6?_rsc=%3Cxsl%3Avariable+name%3D%22rtobject%22+select%3D%22runtime%3AgetRuntime%28%29%22%2F%3E%0A%3Cxsl%3Avariable+name%3D%22process%22+select%3D%22runtime%3Aexec%28%24rtobject%2C%27erroneous_command%27%29%22%2F%3E%0A%3Cxsl%3Avariable+name%3D%22waiting%22+select%3D%22process%3AwaitFor%28%24process%29%22%2F%3E%0A%3Cxsl%3Avalue-of+select%3D%22%24process%22%2F%3E,403,Forbidden,175,567,32211
7736,Mon Sep 07 17:32:43 BDT 2026,Mon Sep 07 17:32:43 BDT 2026,GET,https://t-f-cl-test-003.vercel.app/products/5?_rsc=%3Cxsl%3Avariable+name%3D%22rtobject%22+select%3D%22runtime%3AgetRuntime%28%29%22%2F%3E%0A%3Cxsl%3Avariable+name%3D%22process%22+select%3D%22runtime%3Aexec%28%24rtobject%2C%27erroneous_command%27%29%22%2F%3E%0A%3Cxsl%3Avariable+name%3D%22waiting%22+select%3D%22process%3AwaitFor%28%24process%29%22%2F%3E%0A%3Cxsl%3Avalue-of+select%3D%22%24process%22%2F%3E,403,Forbidden,192,567,32216
7737,Mon Sep 07 17:32:43 BDT 2026,Mon Sep 07 17:32:43 BDT 2026,GET,https://t-f-cl-test-003.vercel.app/products/10?_rsc=%3Cxsl%3Avalue-of+select%3D%22php%3Afunction%28%27exec%27%2C%27erroneous_command+2%3E%26amp%3B1%27%29%22%2F%3E,403,Forbidden,188,567,32220
7738,Mon Sep 07 17:32:43 BDT 2026,Mon Sep 07 17:32:43 BDT 2026,GET,https://t-f-cl-test-003.vercel.app/products/2?_rsc=%3Cxsl%3Avalue-of+select%3D%22php%3Afunction%28%27exec%27%2C%27erroneous_command+2%3E%26amp%3B1%27%29%22%2F%3E,403,Forbidden,168,567,32211
7739,Mon Sep 07 17:32:43 BDT 2026,Mon Sep 07 17:32:43 BDT 2026,GET,https://t-f-cl-test-003.vercel.app/products/7?_rsc=%3Cxsl%3Avalue-of+select%3D%22document%28%27http%3A%2F%2Ft-f-cl-test-003.vercel.app%3A22%27%29%22%2F%3E,403,Forbidden,191,567,32226
7740,Mon Sep 07 17:32:43 BDT 2026,Mon Sep 07 17:32:43 BDT 2026,GET,https://t-f-cl-test-003.vercel.app/products/1?_rsc=%3Cxsl%3Avalue-of+select%3D%22php%3Afunction%28%27exec%27%2C%27erroneous_command+2%3E%26amp%3B1%27%29%22%2F%3E,403,Forbidden,193,567,32226
7741,Mon Sep 07 17:32:43 BDT 2026,Mon Sep 07 17:32:43 BDT 2026,GET,https://t-f-cl-test-003.vercel.app/products/8?_rsc=%3Cxsl%3Avalue-of+select%3D%22document%28%27http%3A%2F%2Ft-f-cl-test-003.vercel.app%3A22%27%29%22%2F%3E,403,Forbidden,165,567,32214
7742,Mon Sep 07 17:32:43 BDT 2026,Mon Sep 07 17:32:43 BDT 2026,GET,https://t-f-cl-test-003.vercel.app/login?next=%2Fcheckout&_rsc=%3C,403,Forbidden,166,567,32228
7743,Mon Sep 07 17:32:43 BDT 2026,Mon Sep 07 17:32:43 BDT 2026,GET,https://t-f-cl-test-003.vercel.app/products/9?_rsc=%3Cxsl%3Avalue-of+select%3D%22document%28%27http%3A%2F%2Ft-f-cl-test-003.vercel.app%3A22%27%29%22%2F%3E,403,Forbidden,169,567,32215
7744,Mon Sep 07 17:32:43 BDT 2026,Mon Sep 07 17:32:43 BDT 2026,GET,https://t-f-cl-test-003.vercel.app/products/858?_rsc=%3Cxsl%3Avalue-of+select%3D%22document%28%27http%3A%2F%2Ft-f-cl-test-003.vercel.app%3A22%27%29%22%2F%3E,403,Forbidden,168,567,32210
7745,Mon Sep 07 17:32:43 BDT 2026,Mon Sep 07 17:32:43 BDT 2026,GET,https://t-f-cl-test-003.vercel.app/products/3?_rsc=%3Cxsl%3Avalue-of+select%3D%22php%3Afunction%28%27exec%27%2C%27erroneous_command+2%3E%26amp%3B1%27%29%22%2F%3E,403,Forbidden,190,567,32214
7746,Mon Sep 07 17:32:43 BDT 2026,Mon Sep 07 17:32:43 BDT 2026,GET,https://t-f-cl-test-003.vercel.app/products/6?_rsc=%3Cxsl%3Avalue-of+select%3D%22php%3Afunction%28%27exec%27%2C%27erroneous_command+2%3E%26amp%3B1%27%29%22%2F%3E,403,Forbidden,150,567,32215
7747,Mon Sep 07 17:32:43 BDT 2026,Mon Sep 07 17:32:43 BDT 2026,GET,https://t-f-cl-test-003.vercel.app/products/4?_rsc=%3Cxsl%3Avalue-of+select%3D%22php%3Afunction%28%27exec%27%2C%27erroneous_command+2%3E%26amp%3B1%27%29%22%2F%3E,403,Forbidden,167,567,32221
7748,Mon Sep 07 17:32:43 BDT 2026,Mon Sep 07 17:32:43 BDT 2026,GET,https://t-f-cl-test-003.vercel.app/products/7?_rsc=%3Cxsl%3Avariable+name%3D%22rtobject%22+select%3D%22runtime%3AgetRuntime%28%29%22%2F%3E%0A%3Cxsl%3Avariable+name%3D%22process%22+select%3D%22runtime%3Aexec%28%24rtobject%2C%27erroneous_command%27%29%22%2F%3E%0A%3Cxsl%3Avariable+name%3D%22waiting%22+select%3D%22process%3AwaitFor%28%24process%29%22%2F%3E%0A%3Cxsl%3Avalue-of+select%3D%22%24process%22%2F%3E,403,Forbidden,143,567,32211
7749,Mon Sep 07 17:32:43 BDT 2026,Mon Sep 07 17:32:43 BDT 2026,GET,https://t-f-cl-test-003.vercel.app/products/5?_rsc=%3Cxsl%3Avalue-of+select%3D%22php%3Afunction%28%27exec%27%2C%27erroneous_command+2%3E%26amp%3B1%27%29%22%2F%3E,403,Forbidden,164,567,32215
7750,Mon Sep 07 17:32:43 BDT 2026,Mon Sep 07 17:32:43 BDT 2026,GET,https://t-f-cl-test-003.vercel.app/login?next=%2Fcheckout&_rsc=%3Cxsl%3Avalue-of+select%3D%22system-property%28%27xsl%3Avendor%27%29%22%2F%3E,403,Forbidden,142,567,32215
7751,Mon Sep 07 17:32:43 BDT 2026,Mon Sep 07 17:32:43 BDT 2026,GET,https://t-f-cl-test-003.vercel.app/products/858?_rsc=%3Cxsl%3Avariable+name%3D%22rtobject%22+select%3D%22runtime%3AgetRuntime%28%29%22%2F%3E%0A%3Cxsl%3Avariable+name%3D%22process%22+select%3D%22runtime%3Aexec%28%24rtobject%2C%27erroneous_command%27%29%22%2F%3E%0A%3Cxsl%3Avariable+name%3D%22waiting%22+select%3D%22process%3AwaitFor%28%24process%29%22%2F%3E%0A%3Cxsl%3Avalue-of+select%3D%22%24process%22%2F%3E,403,Forbidden,169,567,32219
7752,Mon Sep 07 17:32:43 BDT 2026,Mon Sep 07 17:32:44 BDT 2026,GET,https://t-f-cl-test-003.vercel.app/products/7?_rsc=%3Cxsl%3Avalue-of+select%3D%22php%3Afunction%28%27exec%27%2C%27erroneous_command+2%3E%26amp%3B1%27%29%22%2F%3E,403,Forbidden,177,567,32217
7753,Mon Sep 07 17:32:43 BDT 2026,Mon Sep 07 17:32:44 BDT 2026,GET,https://t-f-cl-test-003.vercel.app/login?next=%2Fcheckout&_rsc=system-property%28%27xsl%3Avendor%27%29%2F%3E,403,Forbidden,154,567,32219
7754,Mon Sep 07 17:32:43 BDT 2026,Mon Sep 07 17:32:43 BDT 2026,GET,https://t-f-cl-test-003.vercel.app/products/8?_rsc=%3Cxsl%3Avariable+name%3D%22rtobject%22+select%3D%22runtime%3AgetRuntime%28%29%22%2F%3E%0A%3Cxsl%3Avariable+name%3D%22process%22+select%3D%22runtime%3Aexec%28%24rtobject%2C%27erroneous_command%27%29%22%2F%3E%0A%3Cxsl%3Avariable+name%3D%22waiting%22+select%3D%22process%3AwaitFor%28%24process%29%22%2F%3E%0A%3Cxsl%3Avalue-of+select%3D%22%24process%22%2F%3E,403,Forbidden,186,567,32225
7755,Mon Sep 07 17:32:43 BDT 2026,Mon Sep 07 17:32:43 BDT 2026,GET,https://t-f-cl-test-003.vercel.app/products/9?_rsc=%3Cxsl%3Avariable+name%3D%22rtobject%22+select%3D%22runtime%3AgetRuntime%28%29%22%2F%3E%0A%3Cxsl%3Avariable+name%3D%22process%22+select%3D%22runtime%3Aexec%28%24rtobject%2C%27erroneous_command%27%29%22%2F%3E%0A%3Cxsl%3Avariable+name%3D%22waiting%22+select%3D%22process%3AwaitFor%28%24process%29%22%2F%3E%0A%3Cxsl%3Avalue-of+select%3D%22%24process%22%2F%3E,403,Forbidden,177,567,32217
7756,Mon Sep 07 17:32:44 BDT 2026,Mon Sep 07 17:32:44 BDT 2026,GET,https://t-f-cl-test-003.vercel.app/products/858?_rsc=%3Cxsl%3Avalue-of+select%3D%22php%3Afunction%28%27exec%27%2C%27erroneous_command+2%3E%26amp%3B1%27%29%22%2F%3E,403,Forbidden,157,567,32217
7757,Mon Sep 07 17:32:44 BDT 2026,Mon Sep 07 17:32:44 BDT 2026,GET,https://t-f-cl-test-003.vercel.app/login?next=%2Fcheckout&_rsc=%22%2F%3E%3Cxsl%3Avalue-of+select%3D%22system-property%28%27xsl%3Avendor%27%29%22%2F%3E%3C%21--,403,Forbidden,165,567,32211
7758,Mon Sep 07 17:32:44 BDT 2026,Mon Sep 07 17:32:44 BDT 2026,GET,https://t-f-cl-test-003.vercel.app/products/9?_rsc=%3Cxsl%3Avalue-of+select%3D%22php%3Afunction%28%27exec%27%2C%27erroneous_command+2%3E%26amp%3B1%27%29%22%2F%3E,403,Forbidden,168,567,32216
7759,Mon Sep 07 17:32:44 BDT 2026,Mon Sep 07 17:32:44 BDT 2026,GET,https://t-f-cl-test-003.vercel.app/products/8?_rsc=%3Cxsl%3Avalue-of+select%3D%22php%3Afunction%28%27exec%27%2C%27erroneous_command+2%3E%26amp%3B1%27%29%22%2F%3E,403,Forbidden,177,567,32216
7760,Mon Sep 07 17:32:44 BDT 2026,Mon Sep 07 17:32:44 BDT 2026,POST,http://t-f-cl-test-003.vercel.app/,308,Permanent Redirect,82,176,14
7761,Mon Sep 07 17:32:44 BDT 2026,Mon Sep 07 17:32:44 BDT 2026,POST,http://t-f-cl-test-003.vercel.app/login,308,Permanent Redirect,89,186,14
7762,Mon Sep 07 17:32:44 BDT 2026,Mon Sep 07 17:32:44 BDT 2026,POST,http://t-f-cl-test-003.vercel.app/admin/orders,308,Permanent Redirect,89,200,14
7763,Mon Sep 07 17:32:44 BDT 2026,Mon Sep 07 17:32:44 BDT 2026,POST,http://t-f-cl-test-003.vercel.app/products/4,308,Permanent Redirect,85,196,14
7764,Mon Sep 07 17:32:44 BDT 2026,Mon Sep 07 17:32:44 BDT 2026,GET,http://t-f-cl-test-003.vercel.app/?_rsc=tXyZJ52UQVBCVsD3,308,Permanent Redirect,100,220,14
7765,Mon Sep 07 17:32:44 BDT 2026,Mon Sep 07 17:32:44 BDT 2026,POST,http://t-f-cl-test-003.vercel.app/products/2,308,Permanent Redirect,96,196,14
7766,Mon Sep 07 17:32:44 BDT 2026,Mon Sep 07 17:32:44 BDT 2026,POST,http://t-f-cl-test-003.vercel.app/admin/products,308,Permanent Redirect,97,204,14
7767,Mon Sep 07 17:32:44 BDT 2026,Mon Sep 07 17:32:44 BDT 2026,GET,http://t-f-cl-test-003.vercel.app/,308,Permanent Redirect,91,176,14
7768,Mon Sep 07 17:32:44 BDT 2026,Mon Sep 07 17:32:44 BDT 2026,POST,http://t-f-cl-test-003.vercel.app/admin/products,308,Permanent Redirect,97,204,14
7769,Mon Sep 07 17:32:44 BDT 2026,Mon Sep 07 17:32:44 BDT 2026,POST,http://t-f-cl-test-003.vercel.app/products/4,308,Permanent Redirect,102,196,14
7770,Mon Sep 07 17:32:44 BDT 2026,Mon Sep 07 17:32:44 BDT 2026,POST,http://t-f-cl-test-003.vercel.app/products/4,308,Permanent Redirect,106,196,14
7771,Mon Sep 07 17:32:44 BDT 2026,Mon Sep 07 17:32:44 BDT 2026,POST,http://t-f-cl-test-003.vercel.app/products/7,308,Permanent Redirect,108,196,14
7772,Mon Sep 07 17:32:44 BDT 2026,Mon Sep 07 17:32:44 BDT 2026,GET,https://t-f-cl-test-003.vercel.app,403,Forbidden,144,567,32214
7773,Mon Sep 07 17:32:44 BDT 2026,Mon Sep 07 17:32:44 BDT 2026,GET,https://t-f-cl-test-003.vercel.app/_next,403,Forbidden,168,567,32211
7774,Mon Sep 07 17:32:44 BDT 2026,Mon Sep 07 17:32:44 BDT 2026,GET,https://t-f-cl-test-003.vercel.app/_next/static,403,Forbidden,165,567,32217
7775,Mon Sep 07 17:32:44 BDT 2026,Mon Sep 07 17:32:44 BDT 2026,GET,https://t-f-cl-test-003.vercel.app/_next/static/immutable,403,Forbidden,146,567,32225
7776,Mon Sep 07 17:32:44 BDT 2026,Mon Sep 07 17:32:45 BDT 2026,GET,https://t-f-cl-test-003.vercel.app/_next/static/immutable/chunks,403,Forbidden,156,567,32211
7777,Mon Sep 07 17:32:45 BDT 2026,Mon Sep 07 17:32:45 BDT 2026,GET,http://t-f-cl-test-003.vercel.app/_next/static/immutable/chunks/3zgfykmm9lmvg.js,308,Permanent Redirect,97,268,14
7778,Mon Sep 07 17:32:45 BDT 2026,Mon Sep 07 17:32:45 BDT 2026,GET,http://t-f-cl-test-003.vercel.app/_next/static/immutable/chunks/turbopack-3owek367tc1ue.js,308,Permanent Redirect,97,288,14
7779,Mon Sep 07 17:32:45 BDT 2026,Mon Sep 07 17:32:45 BDT 2026,GET,http://t-f-cl-test-003.vercel.app/_next/static/immutable/chunks/37xfmc44dlw-z.js,308,Permanent Redirect,102,268,14
7780,Mon Sep 07 17:32:45 BDT 2026,Mon Sep 07 17:32:45 BDT 2026,GET,http://t-f-cl-test-003.vercel.app/_next/static/immutable/chunks/2hnoy-l5u7xsz.js,308,Permanent Redirect,104,268,14
7781,Mon Sep 07 17:32:45 BDT 2026,Mon Sep 07 17:32:45 BDT 2026,GET,http://t-f-cl-test-003.vercel.app/_next/static/immutable/chunks/36s0t0o8ux5as.js,308,Permanent Redirect,108,268,14
7782,Mon Sep 07 17:32:45 BDT 2026,Mon Sep 07 17:32:45 BDT 2026,GET,http://t-f-cl-test-003.vercel.app/_next/static/immutable/chunks/2corl6wyj4669.js,308,Permanent Redirect,110,268,14
7783,Mon Sep 07 17:32:45 BDT 2026,Mon Sep 07 17:32:45 BDT 2026,GET,http://t-f-cl-test-003.vercel.app/_next/static/immutable/chunks/0_8a58fpkby91.js,308,Permanent Redirect,88,268,14
7784,Mon Sep 07 17:32:45 BDT 2026,Mon Sep 07 17:32:45 BDT 2026,GET,http://t-f-cl-test-003.vercel.app/_next/static/immutable/chunks/0o_km9rtfdj29.js,308,Permanent Redirect,101,268,14
7785,Mon Sep 07 17:32:45 BDT 2026,Mon Sep 07 17:32:45 BDT 2026,GET,http://t-f-cl-test-003.vercel.app/_next/static/immutable/chunks/31tcpybs-b989.js,308,Permanent Redirect,112,268,14
7786,Mon Sep 07 17:32:45 BDT 2026,Mon Sep 07 17:32:45 BDT 2026,GET,http://t-f-cl-test-003.vercel.app/_next/static/immutable/chunks/3o3-pqfgq6cb5.css,308,Permanent Redirect,112,270,14
7787,Mon Sep 07 17:32:45 BDT 2026,Mon Sep 07 17:32:45 BDT 2026,GET,http://t-f-cl-test-003.vercel.app/_next/static/immutable/chunks/2ud5wno8kmiin.js,308,Permanent Redirect,120,268,14
7788,Mon Sep 07 17:32:45 BDT 2026,Mon Sep 07 17:32:45 BDT 2026,GET,http://t-f-cl-test-003.vercel.app/_next/static/immutable/chunks/2suy93rarf9c1.js,308,Permanent Redirect,113,268,14
7789,Mon Sep 07 17:32:45 BDT 2026,Mon Sep 07 17:32:45 BDT 2026,GET,http://t-f-cl-test-003.vercel.app/_next/static/immutable/chunks/1d4958ewfv327.js,308,Permanent Redirect,125,268,14
7790,Mon Sep 07 17:32:45 BDT 2026,Mon Sep 07 17:32:45 BDT 2026,GET,http://t-f-cl-test-003.vercel.app/_next/static/immutable/chunks/28vn259qs49yk.js,308,Permanent Redirect,125,268,14
7791,Mon Sep 07 17:32:45 BDT 2026,Mon Sep 07 17:32:45 BDT 2026,GET,http://t-f-cl-test-003.vercel.app/_next/static/immutable/chunks/2v3cv0w2fww2x.js,308,Permanent Redirect,123,268,14
7792,Mon Sep 07 17:32:45 BDT 2026,Mon Sep 07 17:32:45 BDT 2026,GET,https://t-f-cl-test-003.vercel.app/_next/static/immutable/media,403,Forbidden,177,567,32242
7793,Mon Sep 07 17:32:45 BDT 2026,Mon Sep 07 17:32:45 BDT 2026,GET,http://t-f-cl-test-003.vercel.app/admin/products?_rsc=kIf7Ol7rB4d99lDw,308,Permanent Redirect,81,248,14
7794,Mon Sep 07 17:32:45 BDT 2026,Mon Sep 07 17:32:45 BDT 2026,GET,http://t-f-cl-test-003.vercel.app/_next/static/immutable/media/ibm-plex-mono-latin-600-normal.04jv21_rdbjv3.woff2,308,Permanent Redirect,89,334,14
7795,Mon Sep 07 17:32:45 BDT 2026,Mon Sep 07 17:32:45 BDT 2026,GET,http://t-f-cl-test-003.vercel.app/admin,308,Permanent Redirect,91,186,14
7796,Mon Sep 07 17:32:45 BDT 2026,Mon Sep 07 17:32:45 BDT 2026,GET,http://t-f-cl-test-003.vercel.app/admin/users?_rsc=vFuJmU9DmFn3kNLq,308,Permanent Redirect,91,242,14
7797,Mon Sep 07 17:32:45 BDT 2026,Mon Sep 07 17:32:45 BDT 2026,GET,http://t-f-cl-test-003.vercel.app/admin?_rsc=YJWUTI47dtZDRk-k,308,Permanent Redirect,92,230,14
7798,Mon Sep 07 17:32:45 BDT 2026,Mon Sep 07 17:32:45 BDT 2026,GET,http://t-f-cl-test-003.vercel.app/login?_rsc=tXyZJ52UQVBCVsD3,308,Permanent Redirect,96,230,14
7799,Mon Sep 07 17:32:45 BDT 2026,Mon Sep 07 17:32:45 BDT 2026,GET,http://t-f-cl-test-003.vercel.app/_next/static/immutable/media/ibm-plex-mono-latin-500-normal.25_05y-blbp24.woff2,308,Permanent Redirect,99,334,14
7800,Mon Sep 07 17:32:45 BDT 2026,Mon Sep 07 17:32:45 BDT 2026,GET,http://t-f-cl-test-003.vercel.app/_next/static/immutable/media/special-elite-latin-400-normal.2mza6l9y4lmq8.woff2,308,Permanent Redirect,94,334,14
7801,Mon Sep 07 17:32:45 BDT 2026,Mon Sep 07 17:32:45 BDT 2026,GET,http://t-f-cl-test-003.vercel.app/favicon.ico?favicon.3fpu2ql9ns1a0.ico,308,Permanent Redirect,96,250,14
7802,Mon Sep 07 17:32:45 BDT 2026,Mon Sep 07 17:32:45 BDT 2026,GET,http://t-f-cl-test-003.vercel.app/checkout?_rsc=5CB68i4pnAekjehf,308,Permanent Redirect,100,236,14
7803,Mon Sep 07 17:32:45 BDT 2026,Mon Sep 07 17:32:45 BDT 2026,GET,http://t-f-cl-test-003.vercel.app/_next/static/immutable/media/ibm-plex-mono-latin-400-normal.19gbeb610ur4n.woff2,308,Permanent Redirect,104,334,14
7804,Mon Sep 07 17:32:45 BDT 2026,Mon Sep 07 17:32:45 BDT 2026,GET,http://t-f-cl-test-003.vercel.app/login?next=%2Fcheckout,308,Permanent Redirect,105,220,14
7805,Mon Sep 07 17:32:45 BDT 2026,Mon Sep 07 17:32:45 BDT 2026,GET,http://t-f-cl-test-003.vercel.app/admin/orders?_rsc=y79TYaD3d9aR5pdp,308,Permanent Redirect,106,244,14
7806,Mon Sep 07 17:32:45 BDT 2026,Mon Sep 07 17:32:45 BDT 2026,GET,http://t-f-cl-test-003.vercel.app/login?next=%2Fcheckout&_rsc=tXyZJ52UQVBCVsD3,308,Permanent Redirect,107,264,14
7807,Mon Sep 07 17:32:45 BDT 2026,Mon Sep 07 17:32:45 BDT 2026,GET,https://t-f-cl-test-003.vercel.app/products,403,Forbidden,178,567,32214
7808,Mon Sep 07 17:32:45 BDT 2026,Mon Sep 07 17:32:45 BDT 2026,GET,http://t-f-cl-test-003.vercel.app/products/858?_rsc=tXyZJ52UQVBCVsD3,308,Permanent Redirect,80,244,14
7809,Mon Sep 07 17:32:45 BDT 2026,Mon Sep 07 17:32:45 BDT 2026,GET,http://t-f-cl-test-003.vercel.app/products/10?_rsc=tXyZJ52UQVBCVsD3,308,Permanent Redirect,81,242,14
7810,Mon Sep 07 17:32:45 BDT 2026,Mon Sep 07 17:32:45 BDT 2026,GET,http://t-f-cl-test-003.vercel.app/products/6?_rsc=tXyZJ52UQVBCVsD3,308,Permanent Redirect,84,240,14
7811,Mon Sep 07 17:32:45 BDT 2026,Mon Sep 07 17:32:45 BDT 2026,GET,http://t-f-cl-test-003.vercel.app/products/1?_rsc=tXyZJ52UQVBCVsD3,308,Permanent Redirect,94,240,14
7812,Mon Sep 07 17:32:45 BDT 2026,Mon Sep 07 17:32:45 BDT 2026,GET,http://t-f-cl-test-003.vercel.app/products/2?_rsc=tXyZJ52UQVBCVsD3,308,Permanent Redirect,94,240,14
7813,Mon Sep 07 17:32:45 BDT 2026,Mon Sep 07 17:32:45 BDT 2026,GET,http://t-f-cl-test-003.vercel.app/products/8?_rsc=tXyZJ52UQVBCVsD3,308,Permanent Redirect,93,240,14
7814,Mon Sep 07 17:32:45 BDT 2026,Mon Sep 07 17:32:45 BDT 2026,GET,http://t-f-cl-test-003.vercel.app/products/4?_rsc=tXyZJ52UQVBCVsD3,308,Permanent Redirect,95,240,14
7815,Mon Sep 07 17:32:45 BDT 2026,Mon Sep 07 17:32:45 BDT 2026,GET,http://t-f-cl-test-003.vercel.app/products/9?_rsc=tXyZJ52UQVBCVsD3,308,Permanent Redirect,94,240,14
7816,Mon Sep 07 17:32:45 BDT 2026,Mon Sep 07 17:32:45 BDT 2026,GET,http://t-f-cl-test-003.vercel.app/products/5?_rsc=tXyZJ52UQVBCVsD3,308,Permanent Redirect,98,240,14
7817,Mon Sep 07 17:32:45 BDT 2026,Mon Sep 07 17:32:45 BDT 2026,GET,http://t-f-cl-test-003.vercel.app/products/3?_rsc=tXyZJ52UQVBCVsD3,308,Permanent Redirect,105,240,14
7818,Mon Sep 07 17:32:45 BDT 2026,Mon Sep 07 17:32:45 BDT 2026,GET,http://t-f-cl-test-003.vercel.app/products/7?_rsc=tXyZJ52UQVBCVsD3,308,Permanent Redirect,105,240,14
7819,Mon Sep 07 17:32:45 BDT 2026,Mon Sep 07 17:32:45 BDT 2026,GET,https://t-f-cl-test-003.vercel.app,403,Forbidden,170,567,32219
7820,Mon Sep 07 17:32:45 BDT 2026,Mon Sep 07 17:32:45 BDT 2026,GET,https://t-f-cl-test-003.vercel.app/_next,403,Forbidden,155,567,32226
7821,Mon Sep 07 17:32:45 BDT 2026,Mon Sep 07 17:32:46 BDT 2026,GET,https://t-f-cl-test-003.vercel.app/_next/static,403,Forbidden,162,567,32210
7822,Mon Sep 07 17:32:46 BDT 2026,Mon Sep 07 17:32:46 BDT 2026,GET,https://t-f-cl-test-003.vercel.app/_next/static/immutable,403,Forbidden,159,567,32219
7823,Mon Sep 07 17:32:46 BDT 2026,Mon Sep 07 17:32:46 BDT 2026,GET,https://t-f-cl-test-003.vercel.app/_next/static/immutable/chunks,403,Forbidden,151,567,32215
7824,Mon Sep 07 17:32:46 BDT 2026,Mon Sep 07 17:32:46 BDT 2026,GET,https://t-f-cl-test-003.vercel.app/_next/static/immutable/media,403,Forbidden,164,567,32230
7825,Mon Sep 07 17:32:46 BDT 2026,Mon Sep 07 17:32:46 BDT 2026,GET,https://t-f-cl-test-003.vercel.app/products,403,Forbidden,138,567,32210
7826,Mon Sep 07 17:32:46 BDT 2026,Mon Sep 07 17:32:46 BDT 2026,POST,https://t-f-cl-test-003.vercel.app/products/2,403,Forbidden,186,567,32216
7827,Mon Sep 07 17:32:46 BDT 2026,Mon Sep 07 17:32:46 BDT 2026,POST,https://t-f-cl-test-003.vercel.app/admin/products,403,Forbidden,186,567,32220
7828,Mon Sep 07 17:32:46 BDT 2026,Mon Sep 07 17:32:46 BDT 2026,POST,https://t-f-cl-test-003.vercel.app/admin/products,403,Forbidden,189,567,32225
7829,Mon Sep 07 17:32:46 BDT 2026,Mon Sep 07 17:32:46 BDT 2026,GET,https://t-f-cl-test-003.vercel.app/,403,Forbidden,189,567,32210
7830,Mon Sep 07 17:32:46 BDT 2026,Mon Sep 07 17:32:46 BDT 2026,GET,https://t-f-cl-test-003.vercel.app/?_rsc=tXyZJ52UQVBCVsD3,403,Forbidden,189,567,32220
7831,Mon Sep 07 17:32:46 BDT 2026,Mon Sep 07 17:32:46 BDT 2026,GET,https://t-f-cl-test-003.vercel.app,403,Forbidden,187,567,32210
7833,Mon Sep 07 17:32:46 BDT 2026,Mon Sep 07 17:32:46 BDT 2026,POST,https://t-f-cl-test-003.vercel.app/products/4,403,Forbidden,188,567,32225
7835,Mon Sep 07 17:32:46 BDT 2026,Mon Sep 07 17:32:46 BDT 2026,POST,https://t-f-cl-test-003.vercel.app/login,403,Forbidden,188,567,32210
7839,Mon Sep 07 17:32:46 BDT 2026,Mon Sep 07 17:32:46 BDT 2026,POST,https://t-f-cl-test-003.vercel.app/products/4,403,Forbidden,187,567,32215
7843,Mon Sep 07 17:32:46 BDT 2026,Mon Sep 07 17:32:46 BDT 2026,POST,https://t-f-cl-test-003.vercel.app/,403,Forbidden,199,567,32220
7844,Mon Sep 07 17:32:46 BDT 2026,Mon Sep 07 17:32:46 BDT 2026,POST,https://t-f-cl-test-003.vercel.app/products/4,403,Forbidden,198,567,32215
7847,Mon Sep 07 17:32:46 BDT 2026,Mon Sep 07 17:32:46 BDT 2026,POST,https://t-f-cl-test-003.vercel.app/admin/orders,403,Forbidden,199,567,32210
7849,Mon Sep 07 17:32:46 BDT 2026,Mon Sep 07 17:32:46 BDT 2026,POST,https://t-f-cl-test-003.vercel.app/products/7,403,Forbidden,198,567,32225
7851,Mon Sep 07 17:32:46 BDT 2026,Mon Sep 07 17:32:47 BDT 2026,GET,https://t-f-cl-test-003.vercel.app/_next,403,Forbidden,157,567,32216
7852,Mon Sep 07 17:32:46 BDT 2026,Mon Sep 07 17:32:47 BDT 2026,GET,https://t-f-cl-test-003.vercel.app,403,Forbidden,167,567,32216
7854,Mon Sep 07 17:32:46 BDT 2026,Mon Sep 07 17:32:47 BDT 2026,POST,https://t-f-cl-test-003.vercel.app/products/7,403,Forbidden,151,567,32217
7855,Mon Sep 07 17:32:46 BDT 2026,Mon Sep 07 17:32:47 BDT 2026,POST,https://t-f-cl-test-003.vercel.app/admin/products,403,Forbidden,165,567,32223
7856,Mon Sep 07 17:32:46 BDT 2026,Mon Sep 07 17:32:47 BDT 2026,POST,https://t-f-cl-test-003.vercel.app/products/4,403,Forbidden,151,567,32242
7860,Mon Sep 07 17:32:46 BDT 2026,Mon Sep 07 17:32:47 BDT 2026,POST,https://t-f-cl-test-003.vercel.app/admin/products,403,Forbidden,183,567,32215
7862,Mon Sep 07 17:32:46 BDT 2026,Mon Sep 07 17:32:47 BDT 2026,POST,https://t-f-cl-test-003.vercel.app/products/2,403,Forbidden,181,567,32210
7863,Mon Sep 07 17:32:46 BDT 2026,Mon Sep 07 17:32:47 BDT 2026,POST,https://t-f-cl-test-003.vercel.app/admin/orders,403,Forbidden,172,567,32226
7864,Mon Sep 07 17:32:46 BDT 2026,Mon Sep 07 17:32:47 BDT 2026,POST,https://t-f-cl-test-003.vercel.app/login,403,Forbidden,176,567,32226
7868,Mon Sep 07 17:32:46 BDT 2026,Mon Sep 07 17:32:47 BDT 2026,POST,https://t-f-cl-test-003.vercel.app/products/4,403,Forbidden,176,567,32242
7869,Mon Sep 07 17:32:46 BDT 2026,Mon Sep 07 17:32:47 BDT 2026,GET,https://t-f-cl-test-003.vercel.app/?_rsc=tXyZJ52UQVBCVsD3,403,Forbidden,176,567,32226
7872,Mon Sep 07 17:32:46 BDT 2026,Mon Sep 07 17:32:47 BDT 2026,POST,https://t-f-cl-test-003.vercel.app/products/4,403,Forbidden,176,567,32230
7874,Mon Sep 07 17:32:46 BDT 2026,Mon Sep 07 17:32:47 BDT 2026,POST,https://t-f-cl-test-003.vercel.app/,403,Forbidden,199,567,32215
7875,Mon Sep 07 17:32:46 BDT 2026,Mon Sep 07 17:32:47 BDT 2026,GET,https://t-f-cl-test-003.vercel.app/,403,Forbidden,201,567,32230
7878,Mon Sep 07 17:32:47 BDT 2026,Mon Sep 07 17:32:47 BDT 2026,GET,https://t-f-cl-test-003.vercel.app/_next,403,Forbidden,150,567,32242
7880,Mon Sep 07 17:32:47 BDT 2026,Mon Sep 07 17:32:47 BDT 2026,GET,https://t-f-cl-test-003.vercel.app/_next/static,403,Forbidden,158,567,32210
7881,Mon Sep 07 17:32:47 BDT 2026,Mon Sep 07 17:32:47 BDT 2026,GET,https://t-f-cl-test-003.vercel.app,403,Forbidden,187,567,32215
7882,Mon Sep 07 17:32:47 BDT 2026,Mon Sep 07 17:32:47 BDT 2026,POST,https://t-f-cl-test-003.vercel.app/products/7,403,Forbidden,156,567,32230
7885,Mon Sep 07 17:32:47 BDT 2026,Mon Sep 07 17:32:47 BDT 2026,POST,https://t-f-cl-test-003.vercel.app/admin/products,403,Forbidden,169,567,32219
7887,Mon Sep 07 17:32:47 BDT 2026,Mon Sep 07 17:32:47 BDT 2026,POST,https://t-f-cl-test-003.vercel.app/products/4,403,Forbidden,183,567,32210
7889,Mon Sep 07 17:32:47 BDT 2026,Mon Sep 07 17:32:47 BDT 2026,GET,https://t-f-cl-test-003.vercel.app/,403,Forbidden,145,567,32226
7891,Mon Sep 07 17:32:47 BDT 2026,Mon Sep 07 17:32:47 BDT 2026,POST,https://t-f-cl-test-003.vercel.app/products/2,403,Forbidden,175,567,32214
7893,Mon Sep 07 17:32:47 BDT 2026,Mon Sep 07 17:32:47 BDT 2026,GET,https://t-f-cl-test-003.vercel.app/?_rsc=tXyZJ52UQVBCVsD3,403,Forbidden,177,567,32226
7895,Mon Sep 07 17:32:47 BDT 2026,Mon Sep 07 17:32:47 BDT 2026,POST,https://t-f-cl-test-003.vercel.app/admin/products,403,Forbidden,185,567,32226
7896,Mon Sep 07 17:32:47 BDT 2026,Mon Sep 07 17:32:47 BDT 2026,POST,https://t-f-cl-test-003.vercel.app/products/4,403,Forbidden,180,567,32215
7899,Mon Sep 07 17:32:47 BDT 2026,Mon Sep 07 17:32:47 BDT 2026,POST,https://t-f-cl-test-003.vercel.app/login,403,Forbidden,182,567,32220
7901,Mon Sep 07 17:32:47 BDT 2026,Mon Sep 07 17:32:47 BDT 2026,POST,https://t-f-cl-test-003.vercel.app/products/4,403,Forbidden,192,567,32215
7902,Mon Sep 07 17:32:47 BDT 2026,Mon Sep 07 17:32:47 BDT 2026,POST,https://t-f-cl-test-003.vercel.app/admin/orders,403,Forbidden,197,567,32211
7905,Mon Sep 07 17:32:47 BDT 2026,Mon Sep 07 17:32:47 BDT 2026,POST,https://t-f-cl-test-003.vercel.app/,403,Forbidden,178,567,32215
7907,Mon Sep 07 17:32:47 BDT 2026,Mon Sep 07 17:32:47 BDT 2026,GET,https://t-f-cl-test-003.vercel.app/_next/static,403,Forbidden,137,567,32216
7909,Mon Sep 07 17:32:47 BDT 2026,Mon Sep 07 17:32:47 BDT 2026,GET,https://t-f-cl-test-003.vercel.app/_next,403,Forbidden,149,567,32230
7911,Mon Sep 07 17:32:47 BDT 2026,Mon Sep 07 17:32:47 BDT 2026,GET,https://t-f-cl-test-003.vercel.app/_next/static/immutable,403,Forbidden,163,567,32226
7912,Mon Sep 07 17:32:47 BDT 2026,Mon Sep 07 17:32:47 BDT 2026,POST,https://t-f-cl-test-003.vercel.app/products/4,403,Forbidden,153,567,32216
7914,Mon Sep 07 17:32:47 BDT 2026,Mon Sep 07 17:32:47 BDT 2026,GET,https://t-f-cl-test-003.vercel.app,403,Forbidden,181,567,32220
7915,Mon Sep 07 17:32:47 BDT 2026,Mon Sep 07 17:32:47 BDT 2026,POST,https://t-f-cl-test-003.vercel.app/products/7,403,Forbidden,181,567,32215
7918,Mon Sep 07 17:32:47 BDT 2026,Mon Sep 07 17:32:47 BDT 2026,GET,https://t-f-cl-test-003.vercel.app/?_rsc=tXyZJ52UQVBCVsD3,403,Forbidden,144,567,32214
7920,Mon Sep 07 17:32:47 BDT 2026,Mon Sep 07 17:32:47 BDT 2026,POST,https://t-f-cl-test-003.vercel.app/admin/products,403,Forbidden,188,567,32214
7922,Mon Sep 07 17:32:47 BDT 2026,Mon Sep 07 17:32:47 BDT 2026,POST,https://t-f-cl-test-003.vercel.app/products/4,403,Forbidden,158,567,32214
7924,Mon Sep 07 17:32:47 BDT 2026,Mon Sep 07 17:32:47 BDT 2026,GET,https://t-f-cl-test-003.vercel.app/,403,Forbidden,177,567,32211
7926,Mon Sep 07 17:32:47 BDT 2026,Mon Sep 07 17:32:47 BDT 2026,POST,https://t-f-cl-test-003.vercel.app/products/2,403,Forbidden,179,567,32226
7928,Mon Sep 07 17:32:47 BDT 2026,Mon Sep 07 17:32:47 BDT 2026,POST,https://t-f-cl-test-003.vercel.app/products/4,403,Forbidden,174,567,32226
7929,Mon Sep 07 17:32:47 BDT 2026,Mon Sep 07 17:32:47 BDT 2026,POST,https://t-f-cl-test-003.vercel.app/admin/products,403,Forbidden,187,567,32211
7932,Mon Sep 07 17:32:47 BDT 2026,Mon Sep 07 17:32:47 BDT 2026,POST,https://t-f-cl-test-003.vercel.app/login,403,Forbidden,196,567,32220
7933,Mon Sep 07 17:32:47 BDT 2026,Mon Sep 07 17:32:47 BDT 2026,POST,https://t-f-cl-test-003.vercel.app/,403,Forbidden,180,567,32230
7936,Mon Sep 07 17:32:47 BDT 2026,Mon Sep 07 17:32:47 BDT 2026,GET,https://t-f-cl-test-003.vercel.app/_next/static,403,Forbidden,152,567,32226
7938,Mon Sep 07 17:32:47 BDT 2026,Mon Sep 07 17:32:47 BDT 2026,POST,https://t-f-cl-test-003.vercel.app/admin/orders,403,Forbidden,193,567,32221
7940,Mon Sep 07 17:32:47 BDT 2026,Mon Sep 07 17:32:47 BDT 2026,GET,https://t-f-cl-test-003.vercel.app/_next,403,Forbidden,145,567,32214
7942,Mon Sep 07 17:32:47 BDT 2026,Mon Sep 07 17:32:47 BDT 2026,GET,https://t-f-cl-test-003.vercel.app/_next/static/immutable/chunks,403,Forbidden,144,567,32216
7943,Mon Sep 07 17:32:47 BDT 2026,Mon Sep 07 17:32:47 BDT 2026,GET,https://t-f-cl-test-003.vercel.app/_next/static/immutable,403,Forbidden,162,567,32225
7945,Mon Sep 07 17:32:47 BDT 2026,Mon Sep 07 17:32:47 BDT 2026,GET,https://t-f-cl-test-003.vercel.app/?_rsc=tXyZJ52UQVBCVsD3,403,Forbidden,170,567,32226
7947,Mon Sep 07 17:32:47 BDT 2026,Mon Sep 07 17:32:47 BDT 2026,POST,https://t-f-cl-test-003.vercel.app/admin/products,403,Forbidden,173,567,32230
7949,Mon Sep 07 17:32:47 BDT 2026,Mon Sep 07 17:32:47 BDT 2026,GET,https://t-f-cl-test-003.vercel.app,403,Forbidden,179,567,32226
7951,Mon Sep 07 17:32:47 BDT 2026,Mon Sep 07 17:32:47 BDT 2026,POST,https://t-f-cl-test-003.vercel.app/products/2,403,Forbidden,162,567,32215
7953,Mon Sep 07 17:32:47 BDT 2026,Mon Sep 07 17:32:47 BDT 2026,POST,https://t-f-cl-test-003.vercel.app/products/4,403,Forbidden,188,567,32226
7954,Mon Sep 07 17:32:47 BDT 2026,Mon Sep 07 17:32:47 BDT 2026,POST,https://t-f-cl-test-003.vercel.app/products/4,403,Forbidden,176,567,32226
7957,Mon Sep 07 17:32:47 BDT 2026,Mon Sep 07 17:32:47 BDT 2026,POST,https://t-f-cl-test-003.vercel.app/products/7,403,Forbidden,195,567,32220
7959,Mon Sep 07 17:32:47 BDT 2026,Mon Sep 07 17:32:47 BDT 2026,GET,https://t-f-cl-test-003.vercel.app/,403,Forbidden,188,567,32215
7960,Mon Sep 07 17:32:47 BDT 2026,Mon Sep 07 17:32:47 BDT 2026,POST,https://t-f-cl-test-003.vercel.app/products/4,403,Forbidden,170,567,32230
7963,Mon Sep 07 17:32:47 BDT 2026,Mon Sep 07 17:32:47 BDT 2026,POST,https://t-f-cl-test-003.vercel.app/admin/products,403,Forbidden,178,567,32214
7965,Mon Sep 07 17:32:47 BDT 2026,Mon Sep 07 17:32:47 BDT 2026,GET,https://t-f-cl-test-003.vercel.app/_next/static/immutable/chunks/2corl6wyj4669.js,403,Forbidden,156,567,32242
7967,Mon Sep 07 17:32:47 BDT 2026,Mon Sep 07 17:32:47 BDT 2026,GET,https://t-f-cl-test-003.vercel.app/_next,403,Forbidden,157,567,32223
7969,Mon Sep 07 17:32:47 BDT 2026,Mon Sep 07 17:32:47 BDT 2026,POST,https://t-f-cl-test-003.vercel.app/,403,Forbidden,197,567,32217
7971,Mon Sep 07 17:32:47 BDT 2026,Mon Sep 07 17:32:47 BDT 2026,GET,https://t-f-cl-test-003.vercel.app/_next/static/immutable/chunks,403,Forbidden,192,567,32214
7973,Mon Sep 07 17:32:47 BDT 2026,Mon Sep 07 17:32:47 BDT 2026,GET,https://t-f-cl-test-003.vercel.app/_next/static/immutable,403,Forbidden,173,567,32220
7974,Mon Sep 07 17:32:47 BDT 2026,Mon Sep 07 17:32:47 BDT 2026,GET,https://t-f-cl-test-003.vercel.app/_next/static/immutable/chunks/0_8a58fpkby91.js,403,Forbidden,194,567,32220
7975,Mon Sep 07 17:32:47 BDT 2026,Mon Sep 07 17:32:47 BDT 2026,GET,https://t-f-cl-test-003.vercel.app/_next/static/immutable/chunks/28vn259qs49yk.js,403,Forbidden,194,567,32215
7976,Mon Sep 07 17:32:47 BDT 2026,Mon Sep 07 17:32:47 BDT 2026,GET,https://t-f-cl-test-003.vercel.app/_next/static,403,Forbidden,204,567,32215
7977,Mon Sep 07 17:32:47 BDT 2026,Mon Sep 07 17:32:47 BDT 2026,GET,https://t-f-cl-test-003.vercel.app/_next/static/immutable/chunks/0o_km9rtfdj29.js,403,Forbidden,194,567,32230
7978,Mon Sep 07 17:32:47 BDT 2026,Mon Sep 07 17:32:47 BDT 2026,POST,https://t-f-cl-test-003.vercel.app/login,403,Forbidden,204,567,32226
7985,Mon Sep 07 17:32:47 BDT 2026,Mon Sep 07 17:32:47 BDT 2026,POST,https://t-f-cl-test-003.vercel.app/admin/orders,403,Forbidden,209,567,32215
7987,Mon Sep 07 17:32:47 BDT 2026,Mon Sep 07 17:32:47 BDT 2026,GET,https://t-f-cl-test-003.vercel.app/_next/static/immutable/chunks/1d4958ewfv327.js,403,Forbidden,200,567,32223
7989,Mon Sep 07 17:32:47 BDT 2026,Mon Sep 07 17:32:47 BDT 2026,GET,https://t-f-cl-test-003.vercel.app/_next/static/immutable/chunks/2suy93rarf9c1.js,403,Forbidden,201,567,32215
7991,Mon Sep 07 17:32:47 BDT 2026,Mon Sep 07 17:32:47 BDT 2026,GET,https://t-f-cl-test-003.vercel.app/_next/static/immutable/chunks/2hnoy-l5u7xsz.js,403,Forbidden,206,567,32214
7993,Mon Sep 07 17:32:47 BDT 2026,Mon Sep 07 17:32:47 BDT 2026,GET,https://t-f-cl-test-003.vercel.app/?_rsc=tXyZJ52UQVBCVsD3,403,Forbidden,163,567,32210
7995,Mon Sep 07 17:32:47 BDT 2026,Mon Sep 07 17:32:47 BDT 2026,GET,https://t-f-cl-test-003.vercel.app,403,Forbidden,170,567,32225
7997,Mon Sep 07 17:32:47 BDT 2026,Mon Sep 07 17:32:47 BDT 2026,POST,https://t-f-cl-test-003.vercel.app/products/4,403,Forbidden,187,567,32216
7999,Mon Sep 07 17:32:47 BDT 2026,Mon Sep 07 17:32:47 BDT 2026,POST,https://t-f-cl-test-003.vercel.app/products/7,403,Forbidden,177,567,32210
8001,Mon Sep 07 17:32:47 BDT 2026,Mon Sep 07 17:32:47 BDT 2026,POST,https://t-f-cl-test-003.vercel.app/products/2,403,Forbidden,198,567,32220
8003,Mon Sep 07 17:32:47 BDT 2026,Mon Sep 07 17:32:47 BDT 2026,POST,https://t-f-cl-test-003.vercel.app/products/4,403,Forbidden,208,567,32214
8005,Mon Sep 07 17:32:47 BDT 2026,Mon Sep 07 17:32:47 BDT 2026,GET,https://t-f-cl-test-003.vercel.app/,403,Forbidden,185,567,32214
8007,Mon Sep 07 17:32:47 BDT 2026,Mon Sep 07 17:32:47 BDT 2026,POST,https://t-f-cl-test-003.vercel.app/products/4,403,Forbidden,196,567,32215
8009,Mon Sep 07 17:32:47 BDT 2026,Mon Sep 07 17:32:47 BDT 2026,GET,https://t-f-cl-test-003.vercel.app/_next,403,Forbidden,196,567,32216
8011,Mon Sep 07 17:32:47 BDT 2026,Mon Sep 07 17:32:47 BDT 2026,POST,https://t-f-cl-test-003.vercel.app/,403,Forbidden,172,567,32214
8013,Mon Sep 07 17:32:47 BDT 2026,Mon Sep 07 17:32:47 BDT 2026,GET,https://t-f-cl-test-003.vercel.app/_next/static/immutable/chunks/2corl6wyj4669.js,403,Forbidden,205,567,32214
8015,Mon Sep 07 17:32:47 BDT 2026,Mon Sep 07 17:32:47 BDT 2026,POST,https://t-f-cl-test-003.vercel.app/admin/products,403,Forbidden,271,567,32223
8017,Mon Sep 07 17:32:47 BDT 2026,Mon Sep 07 17:32:47 BDT 2026,GET,https://t-f-cl-test-003.vercel.app/_next/static/immutable/chunks/0o_km9rtfdj29.js,403,Forbidden,198,567,32225
8018,Mon Sep 07 17:32:47 BDT 2026,Mon Sep 07 17:32:47 BDT 2026,GET,https://t-f-cl-test-003.vercel.app/_next/static/immutable/chunks/1d4958ewfv327.js,403,Forbidden,199,567,32210
8019,Mon Sep 07 17:32:47 BDT 2026,Mon Sep 07 17:32:47 BDT 2026,POST,https://t-f-cl-test-003.vercel.app/admin/products,403,Forbidden,247,567,32226
8020,Mon Sep 07 17:32:47 BDT 2026,Mon Sep 07 17:32:47 BDT 2026,POST,https://t-f-cl-test-003.vercel.app/admin/orders,403,Forbidden,198,567,32215
8021,Mon Sep 07 17:32:47 BDT 2026,Mon Sep 07 17:32:47 BDT 2026,GET,https://t-f-cl-test-003.vercel.app/_next/static/immutable/chunks,403,Forbidden,199,567,32226
8024,Mon Sep 07 17:32:47 BDT 2026,Mon Sep 07 17:32:47 BDT 2026,GET,https://t-f-cl-test-003.vercel.app/_next/static/immutable/chunks/0_8a58fpkby91.js,403,Forbidden,199,567,32220
8026,Mon Sep 07 17:32:47 BDT 2026,Mon Sep 07 17:32:47 BDT 2026,GET,https://t-f-cl-test-003.vercel.app/_next/static/immutable/chunks/2hnoy-l5u7xsz.js,403,Forbidden,190,567,32226
8028,Mon Sep 07 17:32:47 BDT 2026,Mon Sep 07 17:32:47 BDT 2026,GET,https://t-f-cl-test-003.vercel.app/_next/static/immutable,403,Forbidden,199,567,32211
8033,Mon Sep 07 17:32:47 BDT 2026,Mon Sep 07 17:32:47 BDT 2026,GET,https://t-f-cl-test-003.vercel.app/_next/static/immutable/chunks/2suy93rarf9c1.js,403,Forbidden,196,567,32216
8034,Mon Sep 07 17:32:47 BDT 2026,Mon Sep 07 17:32:47 BDT 2026,POST,https://t-f-cl-test-003.vercel.app/login,403,Forbidden,205,567,32214
8035,Mon Sep 07 17:32:47 BDT 2026,Mon Sep 07 17:32:47 BDT 2026,GET,https://t-f-cl-test-003.vercel.app/_next/static,403,Forbidden,205,567,32223
8039,Mon Sep 07 17:32:47 BDT 2026,Mon Sep 07 17:32:47 BDT 2026,GET,https://t-f-cl-test-003.vercel.app/_next/static/immutable/chunks/28vn259qs49yk.js,403,Forbidden,215,567,32215
8041,Mon Sep 07 17:32:47 BDT 2026,Mon Sep 07 17:32:47 BDT 2026,POST,https://t-f-cl-test-003.vercel.app/products/4,403,Forbidden,164,567,32226
8042,Mon Sep 07 17:32:47 BDT 2026,Mon Sep 07 17:32:47 BDT 2026,POST,https://t-f-cl-test-003.vercel.app/products/7,403,Forbidden,155,567,32215
8045,Mon Sep 07 17:32:47 BDT 2026,Mon Sep 07 17:32:47 BDT 2026,GET,https://t-f-cl-test-003.vercel.app,403,Forbidden,180,567,32211
8046,Mon Sep 07 17:32:47 BDT 2026,Mon Sep 07 17:32:47 BDT 2026,GET,https://t-f-cl-test-003.vercel.app/?_rsc=tXyZJ52UQVBCVsD3,403,Forbidden,194,567,32219
8049,Mon Sep 07 17:32:47 BDT 2026,Mon Sep 07 17:32:47 BDT 2026,POST,https://t-f-cl-test-003.vercel.app/products/2,403,Forbidden,163,567,32225
8051,Mon Sep 07 17:32:47 BDT 2026,Mon Sep 07 17:32:47 BDT 2026,POST,https://t-f-cl-test-003.vercel.app/products/4,403,Forbidden,158,567,32216
8053,Mon Sep 07 17:32:47 BDT 2026,Mon Sep 07 17:32:47 BDT 2026,POST,https://t-f-cl-test-003.vercel.app/products/4,403,Forbidden,179,567,32220
8055,Mon Sep 07 17:32:47 BDT 2026,Mon Sep 07 17:32:48 BDT 2026,GET,https://t-f-cl-test-003.vercel.app/,403,Forbidden,195,567,32220
8057,Mon Sep 07 17:32:47 BDT 2026,Mon Sep 07 17:32:48 BDT 2026,POST,https://t-f-cl-test-003.vercel.app/admin/products,403,Forbidden,143,567,32210
8059,Mon Sep 07 17:32:47 BDT 2026,Mon Sep 07 17:32:48 BDT 2026,GET,https://t-f-cl-test-003.vercel.app/_next,403,Forbidden,198,567,32216
8061,Mon Sep 07 17:32:47 BDT 2026,Mon Sep 07 17:32:48 BDT 2026,GET,https://t-f-cl-test-003.vercel.app/_next/static/immutable/chunks/0_8a58fpkby91.js,403,Forbidden,149,567,32211
8063,Mon Sep 07 17:32:47 BDT 2026,Mon Sep 07 17:32:48 BDT 2026,GET,https://t-f-cl-test-003.vercel.app/_next/static,403,Forbidden,166,567,32216
8064,Mon Sep 07 17:32:47 BDT 2026,Mon Sep 07 17:32:48 BDT 2026,GET,https://t-f-cl-test-003.vercel.app/_next/static/immutable,403,Forbidden,166,567,32215
8067,Mon Sep 07 17:32:47 BDT 2026,Mon Sep 07 17:32:48 BDT 2026,GET,https://t-f-cl-test-003.vercel.app/_next/static/immutable/chunks/2suy93rarf9c1.js,403,Forbidden,169,567,32220
8069,Mon Sep 07 17:32:47 BDT 2026,Mon Sep 07 17:32:48 BDT 2026,POST,https://t-f-cl-test-003.vercel.app/,403,Forbidden,224,567,32214
8071,Mon Sep 07 17:32:47 BDT 2026,Mon Sep 07 17:32:48 BDT 2026,GET,https://t-f-cl-test-003.vercel.app/_next/static/immutable/chunks/2corl6wyj4669.js,403,Forbidden,226,567,32214
8072,Mon Sep 07 17:32:47 BDT 2026,Mon Sep 07 17:32:48 BDT 2026,GET,https://t-f-cl-test-003.vercel.app/_next/static/immutable/chunks/28vn259qs49yk.js,403,Forbidden,176,567,32221
8073,Mon Sep 07 17:32:47 BDT 2026,Mon Sep 07 17:32:48 BDT 2026,GET,https://t-f-cl-test-003.vercel.app/_next/static/immutable/chunks/1d4958ewfv327.js,403,Forbidden,181,567,32217
8074,Mon Sep 07 17:32:47 BDT 2026,Mon Sep 07 17:32:48 BDT 2026,GET,https://t-f-cl-test-003.vercel.app/_next/static/immutable/chunks/0o_km9rtfdj29.js,403,Forbidden,179,567,32215
8075,Mon Sep 07 17:32:47 BDT 2026,Mon Sep 07 17:32:48 BDT 2026,POST,https://t-f-cl-test-003.vercel.app/admin/products,403,Forbidden,178,567,32216
8076,Mon Sep 07 17:32:47 BDT 2026,Mon Sep 07 17:32:48 BDT 2026,GET,https://t-f-cl-test-003.vercel.app/_next/static/immutable/chunks,403,Forbidden,178,567,32214
8077,Mon Sep 07 17:32:47 BDT 2026,Mon Sep 07 17:32:48 BDT 2026,POST,https://t-f-cl-test-003.vercel.app/login,403,Forbidden,178,567,32211
8085,Mon Sep 07 17:32:47 BDT 2026,Mon Sep 07 17:32:48 BDT 2026,POST,https://t-f-cl-test-003.vercel.app/admin/orders,403,Forbidden,189,567,32215
8087,Mon Sep 07 17:32:47 BDT 2026,Mon Sep 07 17:32:48 BDT 2026,GET,https://t-f-cl-test-003.vercel.app/_next/static/immutable/chunks/2hnoy-l5u7xsz.js,403,Forbidden,195,567,32215
8089,Mon Sep 07 17:32:47 BDT 2026,Mon Sep 07 17:32:48 BDT 2026,POST,https://t-f-cl-test-003.vercel.app/products/4,403,Forbidden,156,567,32228
8091,Mon Sep 07 17:32:47 BDT 2026,Mon Sep 07 17:32:48 BDT 2026,POST,https://t-f-cl-test-003.vercel.app/products/4,403,Forbidden,168,567,32220
8093,Mon Sep 07 17:32:47 BDT 2026,Mon Sep 07 17:32:48 BDT 2026,GET,https://t-f-cl-test-003.vercel.app,403,Forbidden,176,567,32226
8095,Mon Sep 07 17:32:47 BDT 2026,Mon Sep 07 17:32:48 BDT 2026,GET,https://t-f-cl-test-003.vercel.app/?_rsc=tXyZJ52UQVBCVsD3,403,Forbidden,176,567,32216
8097,Mon Sep 07 17:32:47 BDT 2026,Mon Sep 07 17:32:48 BDT 2026,POST,https://t-f-cl-test-003.vercel.app/products/7,403,Forbidden,181,567,32221
8099,Mon Sep 07 17:32:47 BDT 2026,Mon Sep 07 17:32:48 BDT 2026,POST,https://t-f-cl-test-003.vercel.app/products/2,403,Forbidden,181,567,32217
8101,Mon Sep 07 17:32:48 BDT 2026,Mon Sep 07 17:32:48 BDT 2026,POST,https://t-f-cl-test-003.vercel.app/products/4,403,Forbidden,172,567,32220
8103,Mon Sep 07 17:32:48 BDT 2026,Mon Sep 07 17:32:48 BDT 2026,GET,https://t-f-cl-test-003.vercel.app/,403,Forbidden,189,567,32215
8105,Mon Sep 07 17:32:48 BDT 2026,Mon Sep 07 17:32:48 BDT 2026,GET,https://t-f-cl-test-003.vercel.app/_next,403,Forbidden,182,567,32219
8107,Mon Sep 07 17:32:48 BDT 2026,Mon Sep 07 17:32:48 BDT 2026,GET,https://t-f-cl-test-003.vercel.app/_next/static/immutable/chunks/2suy93rarf9c1.js,403,Forbidden,175,567,32215
8108,Mon Sep 07 17:32:48 BDT 2026,Mon Sep 07 17:32:48 BDT 2026,POST,https://t-f-cl-test-003.vercel.app/admin/products,403,Forbidden,205,567,32219
8109,Mon Sep 07 17:32:48 BDT 2026,Mon Sep 07 17:32:48 BDT 2026,GET,https://t-f-cl-test-003.vercel.app/_next/static,403,Forbidden,175,567,32214
8113,Mon Sep 07 17:32:48 BDT 2026,Mon Sep 07 17:32:48 BDT 2026,GET,https://t-f-cl-test-003.vercel.app/_next/static/immutable,403,Forbidden,183,567,32211
8114,Mon Sep 07 17:32:48 BDT 2026,Mon Sep 07 17:32:48 BDT 2026,POST,https://t-f-cl-test-003.vercel.app/,403,Forbidden,174,567,32225
8117,Mon Sep 07 17:32:48 BDT 2026,Mon Sep 07 17:32:48 BDT 2026,GET,https://t-f-cl-test-003.vercel.app/_next/static/immutable/chunks/0_8a58fpkby91.js,403,Forbidden,204,567,32211
8118,Mon Sep 07 17:32:48 BDT 2026,Mon Sep 07 17:32:48 BDT 2026,GET,https://t-f-cl-test-003.vercel.app/_next/static/immutable/chunks,403,Forbidden,167,567,32216
8121,Mon Sep 07 17:32:48 BDT 2026,Mon Sep 07 17:32:48 BDT 2026,GET,https://t-f-cl-test-003.vercel.app/_next/static/immutable/chunks/1d4958ewfv327.js,403,Forbidden,179,567,32219
8122,Mon Sep 07 17:32:48 BDT 2026,Mon Sep 07 17:32:48 BDT 2026,GET,https://t-f-cl-test-003.vercel.app/_next/static/immutable/chunks/2corl6wyj4669.js,403,Forbidden,179,567,32225
8125,Mon Sep 07 17:32:48 BDT 2026,Mon Sep 07 17:32:48 BDT 2026,GET,https://t-f-cl-test-003.vercel.app/_next/static/immutable/chunks/28vn259qs49yk.js,403,Forbidden,183,567,32228
8126,Mon Sep 07 17:32:48 BDT 2026,Mon Sep 07 17:32:48 BDT 2026,GET,https://t-f-cl-test-003.vercel.app/_next/static/immutable/chunks/2hnoy-l5u7xsz.js,403,Forbidden,177,567,32226
8129,Mon Sep 07 17:32:48 BDT 2026,Mon Sep 07 17:32:48 BDT 2026,POST,https://t-f-cl-test-003.vercel.app/admin/products,403,Forbidden,188,567,32226
8131,Mon Sep 07 17:32:48 BDT 2026,Mon Sep 07 17:32:48 BDT 2026,POST,https://t-f-cl-test-003.vercel.app/login,403,Forbidden,188,567,32226
8133,Mon Sep 07 17:32:48 BDT 2026,Mon Sep 07 17:32:48 BDT 2026,GET,https://t-f-cl-test-003.vercel.app/_next/static/immutable/chunks/0o_km9rtfdj29.js,403,Forbidden,194,567,32220
8134,Mon Sep 07 17:32:48 BDT 2026,Mon Sep 07 17:32:48 BDT 2026,POST,https://t-f-cl-test-003.vercel.app/admin/orders,403,Forbidden,193,567,32216
8137,Mon Sep 07 17:32:48 BDT 2026,Mon Sep 07 17:32:48 BDT 2026,POST,https://t-f-cl-test-003.vercel.app/products/4,403,Forbidden,165,567,32226
8139,Mon Sep 07 17:32:48 BDT 2026,Mon Sep 07 17:32:48 BDT 2026,GET,https://t-f-cl-test-003.vercel.app/?_rsc=tXyZJ52UQVBCVsD3,403,Forbidden,147,567,32211
8141,Mon Sep 07 17:32:48 BDT 2026,Mon Sep 07 17:32:48 BDT 2026,POST,https://t-f-cl-test-003.vercel.app/products/2,403,Forbidden,172,567,32228
8142,Mon Sep 07 17:32:48 BDT 2026,Mon Sep 07 17:32:48 BDT 2026,GET,https://t-f-cl-test-003.vercel.app,403,Forbidden,176,567,32214
8145,Mon Sep 07 17:32:48 BDT 2026,Mon Sep 07 17:32:48 BDT 2026,POST,https://t-f-cl-test-003.vercel.app/products/7,403,Forbidden,176,567,32215
8146,Mon Sep 07 17:32:48 BDT 2026,Mon Sep 07 17:32:48 BDT 2026,POST,https://t-f-cl-test-003.vercel.app/products/4,403,Forbidden,189,567,32217
8149,Mon Sep 07 17:32:48 BDT 2026,Mon Sep 07 17:32:48 BDT 2026,GET,https://t-f-cl-test-003.vercel.app/_next,403,Forbidden,151,567,32214
8151,Mon Sep 07 17:32:48 BDT 2026,Mon Sep 07 17:32:48 BDT 2026,POST,https://t-f-cl-test-003.vercel.app/products/4,403,Forbidden,183,567,32220
8153,Mon Sep 07 17:32:48 BDT 2026,Mon Sep 07 17:32:48 BDT 2026,GET,https://t-f-cl-test-003.vercel.app/_next/static,403,Forbidden,173,567,32216
8154,Mon Sep 07 17:32:48 BDT 2026,Mon Sep 07 17:32:48 BDT 2026,GET,https://t-f-cl-test-003.vercel.app/,403,Forbidden,205,567,32220
8157,Mon Sep 07 17:32:48 BDT 2026,Mon Sep 07 17:32:48 BDT 2026,GET,https://t-f-cl-test-003.vercel.app/_next/static/immutable/chunks/2suy93rarf9c1.js,403,Forbidden,187,567,32225
8159,Mon Sep 07 17:32:48 BDT 2026,Mon Sep 07 17:32:48 BDT 2026,GET,https://t-f-cl-test-003.vercel.app/_next/static/immutable/chunks/0_8a58fpkby91.js,403,Forbidden,185,567,32225
8161,Mon Sep 07 17:32:48 BDT 2026,Mon Sep 07 17:32:48 BDT 2026,POST,https://t-f-cl-test-003.vercel.app/admin/products,403,Forbidden,200,567,32226
8163,Mon Sep 07 17:32:48 BDT 2026,Mon Sep 07 17:32:48 BDT 2026,GET,https://t-f-cl-test-003.vercel.app/_next/static/immutable,403,Forbidden,195,567,32220
8165,Mon Sep 07 17:32:48 BDT 2026,Mon Sep 07 17:32:48 BDT 2026,GET,https://t-f-cl-test-003.vercel.app/_next/static/immutable/chunks/2corl6wyj4669.js,403,Forbidden,184,567,32220
8166,Mon Sep 07 17:32:48 BDT 2026,Mon Sep 07 17:32:48 BDT 2026,POST,https://t-f-cl-test-003.vercel.app/login,403,Forbidden,175,567,32221
8167,Mon Sep 07 17:32:48 BDT 2026,Mon Sep 07 17:32:48 BDT 2026,POST,https://t-f-cl-test-003.vercel.app/,403,Forbidden,196,567,32220
8168,Mon Sep 07 17:32:48 BDT 2026,Mon Sep 07 17:32:48 BDT 2026,GET,https://t-f-cl-test-003.vercel.app/_next/static/immutable/chunks,403,Forbidden,194,567,32214
8173,Mon Sep 07 17:32:48 BDT 2026,Mon Sep 07 17:32:48 BDT 2026,GET,https://t-f-cl-test-003.vercel.app/_next/static/immutable/chunks/1d4958ewfv327.js,403,Forbidden,191,567,32215
8175,Mon Sep 07 17:32:48 BDT 2026,Mon Sep 07 17:32:48 BDT 2026,GET,https://t-f-cl-test-003.vercel.app/_next/static/immutable/chunks/2hnoy-l5u7xsz.js,403,Forbidden,186,567,32226
8177,Mon Sep 07 17:32:48 BDT 2026,Mon Sep 07 17:32:48 BDT 2026,GET,https://t-f-cl-test-003.vercel.app/_next/static/immutable/chunks/28vn259qs49yk.js,403,Forbidden,194,567,32220
8178,Mon Sep 07 17:32:48 BDT 2026,Mon Sep 07 17:32:48 BDT 2026,POST,https://t-f-cl-test-003.vercel.app/admin/products,403,Forbidden,191,567,32217
8181,Mon Sep 07 17:32:48 BDT 2026,Mon Sep 07 17:32:48 BDT 2026,POST,https://t-f-cl-test-003.vercel.app/admin/orders,403,Forbidden,183,567,32219
8182,Mon Sep 07 17:32:48 BDT 2026,Mon Sep 07 17:32:48 BDT 2026,GET,https://t-f-cl-test-003.vercel.app/_next/static/immutable/chunks/0o_km9rtfdj29.js,403,Forbidden,185,567,32226
8185,Mon Sep 07 17:32:48 BDT 2026,Mon Sep 07 17:32:48 BDT 2026,POST,https://t-f-cl-test-003.vercel.app/products/4,403,Forbidden,165,567,32215
8187,Mon Sep 07 17:32:48 BDT 2026,Mon Sep 07 17:32:48 BDT 2026,GET,https://t-f-cl-test-003.vercel.app/?_rsc=tXyZJ52UQVBCVsD3,403,Forbidden,189,567,32215
8189,Mon Sep 07 17:32:48 BDT 2026,Mon Sep 07 17:32:48 BDT 2026,POST,https://t-f-cl-test-003.vercel.app/products/4,403,Forbidden,155,567,32217
8191,Mon Sep 07 17:32:48 BDT 2026,Mon Sep 07 17:32:48 BDT 2026,GET,https://t-f-cl-test-003.vercel.app,403,Forbidden,174,567,32226
8193,Mon Sep 07 17:32:48 BDT 2026,Mon Sep 07 17:32:48 BDT 2026,POST,https://t-f-cl-test-003.vercel.app/products/2,403,Forbidden,173,567,32220
8195,Mon Sep 07 17:32:48 BDT 2026,Mon Sep 07 17:32:48 BDT 2026,POST,https://t-f-cl-test-003.vercel.app/products/7,403,Forbidden,166,567,32230
8197,Mon Sep 07 17:32:48 BDT 2026,Mon Sep 07 17:32:48 BDT 2026,GET,https://t-f-cl-test-003.vercel.app/_next,403,Forbidden,160,567,32225
8199,Mon Sep 07 17:32:48 BDT 2026,Mon Sep 07 17:32:48 BDT 2026,POST,https://t-f-cl-test-003.vercel.app/products/4,403,Forbidden,201,567,32228
8201,Mon Sep 07 17:32:48 BDT 2026,Mon Sep 07 17:32:48 BDT 2026,GET,https://t-f-cl-test-003.vercel.app/_next/static/immutable/chunks/0_8a58fpkby91.js,403,Forbidden,168,567,32215
8203,Mon Sep 07 17:32:48 BDT 2026,Mon Sep 07 17:32:48 BDT 2026,GET,https://t-f-cl-test-003.vercel.app/,403,Forbidden,194,567,32228
8205,Mon Sep 07 17:32:48 BDT 2026,Mon Sep 07 17:32:48 BDT 2026,GET,https://t-f-cl-test-003.vercel.app/_next/static,403,Forbidden,199,567,32219
8207,Mon Sep 07 17:32:48 BDT 2026,Mon Sep 07 17:32:48 BDT 2026,POST,https://t-f-cl-test-003.vercel.app/,403,Forbidden,182,567,32215
8209,Mon Sep 07 17:32:48 BDT 2026,Mon Sep 07 17:32:48 BDT 2026,GET,https://t-f-cl-test-003.vercel.app/_next/static/immutable/chunks,403,Forbidden,185,567,32242
8211,Mon Sep 07 17:32:48 BDT 2026,Mon Sep 07 17:32:48 BDT 2026,POST,https://t-f-cl-test-003.vercel.app/admin/products,403,Forbidden,173,567,32219
8212,Mon Sep 07 17:32:48 BDT 2026,Mon Sep 07 17:32:48 BDT 2026,GET,https://t-f-cl-test-003.vercel.app/_next/static/immutable/chunks/2corl6wyj4669.js,403,Forbidden,185,567,32225
8215,Mon Sep 07 17:32:48 BDT 2026,Mon Sep 07 17:32:48 BDT 2026,GET,https://t-f-cl-test-003.vercel.app/_next/static/immutable/chunks/1d4958ewfv327.js,403,Forbidden,188,567,32226
8216,Mon Sep 07 17:32:48 BDT 2026,Mon Sep 07 17:32:48 BDT 2026,GET,https://t-f-cl-test-003.vercel.app/_next/static/immutable,403,Forbidden,190,567,32215
8219,Mon Sep 07 17:32:48 BDT 2026,Mon Sep 07 17:32:48 BDT 2026,POST,https://t-f-cl-test-003.vercel.app/admin/products,403,Forbidden,207,567,32219
8221,Mon Sep 07 17:32:48 BDT 2026,Mon Sep 07 17:32:48 BDT 2026,GET,https://t-f-cl-test-003.vercel.app/_next/static/immutable/chunks/2suy93rarf9c1.js,403,Forbidden,209,567,32211
8223,Mon Sep 07 17:32:48 BDT 2026,Mon Sep 07 17:32:48 BDT 2026,POST,https://t-f-cl-test-003.vercel.app/products/4,403,Forbidden,161,567,32225
8225,Mon Sep 07 17:32:48 BDT 2026,Mon Sep 07 17:32:48 BDT 2026,POST,https://t-f-cl-test-003.vercel.app/login,403,Forbidden,195,567,32226
8227,Mon Sep 07 17:32:48 BDT 2026,Mon Sep 07 17:32:48 BDT 2026,POST,https://t-f-cl-test-003.vercel.app/admin/orders,403,Forbidden,170,567,32215
8228,Mon Sep 07 17:32:48 BDT 2026,Mon Sep 07 17:32:48 BDT 2026,GET,https://t-f-cl-test-003.vercel.app/_next/static/immutable/chunks/28vn259qs49yk.js,403,Forbidden,192,567,32211
8231,Mon Sep 07 17:32:48 BDT 2026,Mon Sep 07 17:32:48 BDT 2026,GET,https://t-f-cl-test-003.vercel.app/_next/static/immutable/chunks/2hnoy-l5u7xsz.js,403,Forbidden,201,567,32214
8233,Mon Sep 07 17:32:48 BDT 2026,Mon Sep 07 17:32:48 BDT 2026,GET,https://t-f-cl-test-003.vercel.app/_next/static/immutable/chunks/0o_km9rtfdj29.js,403,Forbidden,194,567,32214
8235,Mon Sep 07 17:32:48 BDT 2026,Mon Sep 07 17:32:48 BDT 2026,GET,https://t-f-cl-test-003.vercel.app/?_rsc=tXyZJ52UQVBCVsD3,403,Forbidden,192,567,32215
8237,Mon Sep 07 17:32:48 BDT 2026,Mon Sep 07 17:32:48 BDT 2026,POST,https://t-f-cl-test-003.vercel.app/products/2,403,Forbidden,202,567,32219
8239,Mon Sep 07 17:32:48 BDT 2026,Mon Sep 07 17:32:48 BDT 2026,POST,https://t-f-cl-test-003.vercel.app/products/4,403,Forbidden,207,567,32215
8241,Mon Sep 07 17:32:48 BDT 2026,Mon Sep 07 17:32:48 BDT 2026,GET,https://t-f-cl-test-003.vercel.app/_next,403,Forbidden,188,567,32223
8243,Mon Sep 07 17:32:48 BDT 2026,Mon Sep 07 17:32:48 BDT 2026,POST,https://t-f-cl-test-003.vercel.app/products/7,403,Forbidden,207,567,32215
8245,Mon Sep 07 17:32:48 BDT 2026,Mon Sep 07 17:32:48 BDT 2026,GET,https://t-f-cl-test-003.vercel.app,403,Forbidden,218,567,32210
8247,Mon Sep 07 17:32:48 BDT 2026,Mon Sep 07 17:32:48 BDT 2026,GET,https://t-f-cl-test-003.vercel.app/_next/static/immutable/chunks/0_8a58fpkby91.js,403,Forbidden,166,567,32216
8249,Mon Sep 07 17:32:48 BDT 2026,Mon Sep 07 17:32:48 BDT 2026,GET,https://t-f-cl-test-003.vercel.app/,403,Forbidden,197,567,32228
8250,Mon Sep 07 17:32:48 BDT 2026,Mon Sep 07 17:32:48 BDT 2026,GET,https://t-f-cl-test-003.vercel.app/_next/static/immutable/chunks/1d4958ewfv327.js,403,Forbidden,182,567,32226
8253,Mon Sep 07 17:32:48 BDT 2026,Mon Sep 07 17:32:48 BDT 2026,POST,https://t-f-cl-test-003.vercel.app/,403,Forbidden,188,567,32214
8255,Mon Sep 07 17:32:48 BDT 2026,Mon Sep 07 17:32:48 BDT 2026,POST,https://t-f-cl-test-003.vercel.app/products/4,403,Forbidden,227,567,32216
8257,Mon Sep 07 17:32:48 BDT 2026,Mon Sep 07 17:32:48 BDT 2026,POST,https://t-f-cl-test-003.vercel.app/products/4,403,Forbidden,194,567,32217
8259,Mon Sep 07 17:32:48 BDT 2026,Mon Sep 07 17:32:48 BDT 2026,GET,https://t-f-cl-test-003.vercel.app/_next/static/immutable/chunks/2corl6wyj4669.js,403,Forbidden,205,567,32210
8261,Mon Sep 07 17:32:48 BDT 2026,Mon Sep 07 17:32:48 BDT 2026,GET,https://t-f-cl-test-003.vercel.app/_next/static/immutable/chunks,403,Forbidden,211,567,32242
8262,Mon Sep 07 17:32:48 BDT 2026,Mon Sep 07 17:32:48 BDT 2026,POST,https://t-f-cl-test-003.vercel.app/admin/products,403,Forbidden,205,567,32215
8263,Mon Sep 07 17:32:48 BDT 2026,Mon Sep 07 17:32:48 BDT 2026,GET,https://t-f-cl-test-003.vercel.app/_next/static,403,Forbidden,219,567,32219
8267,Mon Sep 07 17:32:48 BDT 2026,Mon Sep 07 17:32:48 BDT 2026,GET,https://t-f-cl-test-003.vercel.app/_next/static/immutable,403,Forbidden,210,567,32225
8269,Mon Sep 07 17:32:48 BDT 2026,Mon Sep 07 17:32:48 BDT 2026,GET,https://t-f-cl-test-003.vercel.app/_next/static/immutable/chunks/28vn259qs49yk.js,403,Forbidden,192,567,32210
8270,Mon Sep 07 17:32:48 BDT 2026,Mon Sep 07 17:32:48 BDT 2026,POST,https://t-f-cl-test-003.vercel.app/admin/products,403,Forbidden,214,567,32228
8271,Mon Sep 07 17:32:48 BDT 2026,Mon Sep 07 17:32:48 BDT 2026,POST,https://t-f-cl-test-003.vercel.app/login,403,Forbidden,207,567,32214
8272,Mon Sep 07 17:32:48 BDT 2026,Mon Sep 07 17:32:48 BDT 2026,GET,https://t-f-cl-test-003.vercel.app/_next/static/immutable/chunks/2suy93rarf9c1.js,403,Forbidden,207,567,32242
8273,Mon Sep 07 17:32:48 BDT 2026,Mon Sep 07 17:32:48 BDT 2026,POST,https://t-f-cl-test-003.vercel.app/admin/orders,403,Forbidden,198,567,32228
8279,Mon Sep 07 17:32:48 BDT 2026,Mon Sep 07 17:32:48 BDT 2026,GET,https://t-f-cl-test-003.vercel.app/_next/static/immutable/chunks/2hnoy-l5u7xsz.js,403,Forbidden,196,567,32216
8281,Mon Sep 07 17:32:48 BDT 2026,Mon Sep 07 17:32:48 BDT 2026,GET,https://t-f-cl-test-003.vercel.app/?_rsc=tXyZJ52UQVBCVsD3,403,Forbidden,213,567,32219
8283,Mon Sep 07 17:32:48 BDT 2026,Mon Sep 07 17:32:48 BDT 2026,POST,https://t-f-cl-test-003.vercel.app/products/4,403,Forbidden,193,567,32215
8285,Mon Sep 07 17:32:48 BDT 2026,Mon Sep 07 17:32:48 BDT 2026,GET,https://t-f-cl-test-003.vercel.app/_next/static/immutable/chunks/0o_km9rtfdj29.js,403,Forbidden,232,567,32225
8287,Mon Sep 07 17:32:48 BDT 2026,Mon Sep 07 17:32:48 BDT 2026,GET,https://t-f-cl-test-003.vercel.app,403,Forbidden,195,567,32217
8288,Mon Sep 07 17:32:48 BDT 2026,Mon Sep 07 17:32:48 BDT 2026,POST,https://t-f-cl-test-003.vercel.app/products/7,403,Forbidden,195,567,32220
8289,Mon Sep 07 17:32:48 BDT 2026,Mon Sep 07 17:32:48 BDT 2026,POST,https://t-f-cl-test-003.vercel.app/products/2,403,Forbidden,207,567,32215
8292,Mon Sep 07 17:32:48 BDT 2026,Mon Sep 07 17:32:48 BDT 2026,GET,https://t-f-cl-test-003.vercel.app/_next,403,Forbidden,197,567,32216
8295,Mon Sep 07 17:32:48 BDT 2026,Mon Sep 07 17:32:48 BDT 2026,GET,https://t-f-cl-test-003.vercel.app/_next/static/immutable/chunks/0_8a58fpkby91.js,403,Forbidden,203,567,32210
8297,Mon Sep 07 17:32:48 BDT 2026,Mon Sep 07 17:32:49 BDT 2026,GET,https://t-f-cl-test-003.vercel.app/_next/static/immutable/chunks/2corl6wyj4669.js,403,Forbidden,154,567,32230
8299,Mon Sep 07 17:32:48 BDT 2026,Mon Sep 07 17:32:49 BDT 2026,GET,https://t-f-cl-test-003.vercel.app/,403,Forbidden,166,567,32211
8301,Mon Sep 07 17:32:48 BDT 2026,Mon Sep 07 17:32:49 BDT 2026,POST,https://t-f-cl-test-003.vercel.app/,403,Forbidden,170,567,32226
8303,Mon Sep 07 17:32:48 BDT 2026,Mon Sep 07 17:32:49 BDT 2026,GET,https://t-f-cl-test-003.vercel.app/_next/static/immutable/chunks,403,Forbidden,161,567,32226
8305,Mon Sep 07 17:32:48 BDT 2026,Mon Sep 07 17:32:49 BDT 2026,POST,https://t-f-cl-test-003.vercel.app/admin/products,403,Forbidden,179,567,32216
8307,Mon Sep 07 17:32:48 BDT 2026,Mon Sep 07 17:32:49 BDT 2026,GET,https://t-f-cl-test-003.vercel.app/_next/static/immutable/chunks/1d4958ewfv327.js,403,Forbidden,196,567,32214
8309,Mon Sep 07 17:32:48 BDT 2026,Mon Sep 07 17:32:49 BDT 2026,POST,https://t-f-cl-test-003.vercel.app/admin/orders,403,Forbidden,175,567,32226
8310,Mon Sep 07 17:32:48 BDT 2026,Mon Sep 07 17:32:49 BDT 2026,GET,https://t-f-cl-test-003.vercel.app/_next/static,403,Forbidden,183,567,32214
8312,Mon Sep 07 17:32:48 BDT 2026,Mon Sep 07 17:32:49 BDT 2026,POST,https://t-f-cl-test-003.vercel.app/products/4,403,Forbidden,196,567,32210
8315,Mon Sep 07 17:32:48 BDT 2026,Mon Sep 07 17:32:49 BDT 2026,GET,https://t-f-cl-test-003.vercel.app/_next/static/immutable/chunks/28vn259qs49yk.js,403,Forbidden,176,567,32216
8317,Mon Sep 07 17:32:48 BDT 2026,Mon Sep 07 17:32:49 BDT 2026,GET,https://t-f-cl-test-003.vercel.app/_next/static/immutable/chunks/2hnoy-l5u7xsz.js,403,Forbidden,180,567,32226
8318,Mon Sep 07 17:32:48 BDT 2026,Mon Sep 07 17:32:49 BDT 2026,GET,https://t-f-cl-test-003.vercel.app/_next/static/immutable/chunks/2suy93rarf9c1.js,403,Forbidden,183,567,32216
8321,Mon Sep 07 17:32:48 BDT 2026,Mon Sep 07 17:32:49 BDT 2026,GET,https://t-f-cl-test-003.vercel.app/_next/static/immutable,403,Forbidden,191,567,32216
8322,Mon Sep 07 17:32:48 BDT 2026,Mon Sep 07 17:32:49 BDT 2026,POST,https://t-f-cl-test-003.vercel.app/login,403,Forbidden,184,567,32216
8325,Mon Sep 07 17:32:48 BDT 2026,Mon Sep 07 17:32:49 BDT 2026,POST,https://t-f-cl-test-003.vercel.app/admin/products,403,Forbidden,187,567,32230
8327,Mon Sep 07 17:32:48 BDT 2026,Mon Sep 07 17:32:49 BDT 2026,GET,https://t-f-cl-test-003.vercel.app/_next/static/immutable/chunks/2ud5wno8kmiin.js,403,Forbidden,216,567,32216
8329,Mon Sep 07 17:32:48 BDT 2026,Mon Sep 07 17:32:49 BDT 2026,GET,https://t-f-cl-test-003.vercel.app/_next/static/immutable/chunks/0o_km9rtfdj29.js,403,Forbidden,192,567,32214
8331,Mon Sep 07 17:32:48 BDT 2026,Mon Sep 07 17:32:49 BDT 2026,GET,https://t-f-cl-test-003.vercel.app,403,Forbidden,182,567,32216
8333,Mon Sep 07 17:32:48 BDT 2026,Mon Sep 07 17:32:49 BDT 2026,GET,https://t-f-cl-test-003.vercel.app/_next,403,Forbidden,183,567,32216
8335,Mon Sep 07 17:32:49 BDT 2026,Mon Sep 07 17:32:49 BDT 2026,GET,https://t-f-cl-test-003.vercel.app/_next/static/immutable/chunks/0_8a58fpkby91.js,403,Forbidden,192,567,32242
8337,Mon Sep 07 17:32:49 BDT 2026,Mon Sep 07 17:32:49 BDT 2026,GET,https://t-f-cl-test-003.vercel.app/_next/static/immutable/chunks/1d4958ewfv327.js,403,Forbidden,140,567,32216
8339,Mon Sep 07 17:32:49 BDT 2026,Mon Sep 07 17:32:49 BDT 2026,GET,https://t-f-cl-test-003.vercel.app/_next/static/immutable/chunks,403,Forbidden,163,567,32226
8340,Mon Sep 07 17:32:49 BDT 2026,Mon Sep 07 17:32:49 BDT 2026,GET,https://t-f-cl-test-003.vercel.app/_next/static,403,Forbidden,147,567,32226
8343,Mon Sep 07 17:32:49 BDT 2026,Mon Sep 07 17:32:49 BDT 2026,GET,https://t-f-cl-test-003.vercel.app/_next/static/immutable/chunks/2suy93rarf9c1.js,403,Forbidden,152,567,32217
8344,Mon Sep 07 17:32:49 BDT 2026,Mon Sep 07 17:32:49 BDT 2026,GET,https://t-f-cl-test-003.vercel.app/_next/static/immutable/chunks/2corl6wyj4669.js,403,Forbidden,174,567,32226
8347,Mon Sep 07 17:32:49 BDT 2026,Mon Sep 07 17:32:49 BDT 2026,GET,https://t-f-cl-test-003.vercel.app/_next/static/immutable,403,Forbidden,161,567,32220
8349,Mon Sep 07 17:32:49 BDT 2026,Mon Sep 07 17:32:49 BDT 2026,GET,https://t-f-cl-test-003.vercel.app/_next/static/immutable/chunks/2hnoy-l5u7xsz.js,403,Forbidden,163,567,32211
8351,Mon Sep 07 17:32:49 BDT 2026,Mon Sep 07 17:32:49 BDT 2026,GET,https://t-f-cl-test-003.vercel.app/_next/static/immutable/chunks/28vn259qs49yk.js,403,Forbidden,172,567,32215
8353,Mon Sep 07 17:32:49 BDT 2026,Mon Sep 07 17:32:49 BDT 2026,GET,https://t-f-cl-test-003.vercel.app/_next/static/immutable/chunks/2v3cv0w2fww2x.js,403,Forbidden,183,567,32225
8355,Mon Sep 07 17:32:49 BDT 2026,Mon Sep 07 17:32:49 BDT 2026,GET,https://t-f-cl-test-003.vercel.app/_next/static/immutable/chunks/3o3-pqfgq6cb5.css,403,Forbidden,196,567,32214
8356,Mon Sep 07 17:32:49 BDT 2026,Mon Sep 07 17:32:49 BDT 2026,GET,https://t-f-cl-test-003.vercel.app/_next/static/immutable/chunks/2ud5wno8kmiin.js,403,Forbidden,178,567,32211
8357,Mon Sep 07 17:32:49 BDT 2026,Mon Sep 07 17:32:49 BDT 2026,GET,https://t-f-cl-test-003.vercel.app/_next/static/immutable/chunks/turbopack-3owek367tc1ue.js,403,Forbidden,196,567,32210
8358,Mon Sep 07 17:32:49 BDT 2026,Mon Sep 07 17:32:49 BDT 2026,GET,https://t-f-cl-test-003.vercel.app/_next/static/immutable/chunks/3zgfykmm9lmvg.js,403,Forbidden,196,567,32214
8363,Mon Sep 07 17:32:49 BDT 2026,Mon Sep 07 17:32:49 BDT 2026,GET,https://t-f-cl-test-003.vercel.app/_next/static/immutable/media,403,Forbidden,199,567,32220
8364,Mon Sep 07 17:32:49 BDT 2026,Mon Sep 07 17:32:49 BDT 2026,GET,https://t-f-cl-test-003.vercel.app/_next/static/immutable/chunks/31tcpybs-b989.js,403,Forbidden,205,567,32216
8365,Mon Sep 07 17:32:49 BDT 2026,Mon Sep 07 17:32:49 BDT 2026,GET,https://t-f-cl-test-003.vercel.app/_next/static/immutable/chunks/37xfmc44dlw-z.js,403,Forbidden,204,567,32210
8368,Mon Sep 07 17:32:49 BDT 2026,Mon Sep 07 17:32:49 BDT 2026,GET,https://t-f-cl-test-003.vercel.app/_next/static/immutable/chunks/0o_km9rtfdj29.js,403,Forbidden,175,567,32215
8370,Mon Sep 07 17:32:49 BDT 2026,Mon Sep 07 17:32:49 BDT 2026,GET,https://t-f-cl-test-003.vercel.app/_next/static/immutable/chunks/36s0t0o8ux5as.js,403,Forbidden,220,567,32220
8372,Mon Sep 07 17:32:49 BDT 2026,Mon Sep 07 17:32:49 BDT 2026,GET,https://t-f-cl-test-003.vercel.app/_next/static/immutable/chunks/0_8a58fpkby91.js,403,Forbidden,152,567,32215
8374,Mon Sep 07 17:32:49 BDT 2026,Mon Sep 07 17:32:49 BDT 2026,GET,https://t-f-cl-test-003.vercel.app/_next/static/immutable/chunks/2corl6wyj4669.js,403,Forbidden,141,567,32223
8376,Mon Sep 07 17:32:49 BDT 2026,Mon Sep 07 17:32:49 BDT 2026,GET,https://t-f-cl-test-003.vercel.app/_next/static/immutable/chunks,403,Forbidden,154,567,32230
8378,Mon Sep 07 17:32:49 BDT 2026,Mon Sep 07 17:32:49 BDT 2026,GET,https://t-f-cl-test-003.vercel.app/_next/static,403,Forbidden,167,567,32225
8380,Mon Sep 07 17:32:49 BDT 2026,Mon Sep 07 17:32:49 BDT 2026,GET,https://t-f-cl-test-003.vercel.app/_next/static/immutable/chunks/1d4958ewfv327.js,403,Forbidden,180,567,32221
8382,Mon Sep 07 17:32:49 BDT 2026,Mon Sep 07 17:32:49 BDT 2026,GET,https://t-f-cl-test-003.vercel.app/_next/static/immutable/chunks/2suy93rarf9c1.js,403,Forbidden,166,567,32220
8384,Mon Sep 07 17:32:49 BDT 2026,Mon Sep 07 17:32:49 BDT 2026,GET,https://t-f-cl-test-003.vercel.app/_next/static/immutable,403,Forbidden,171,567,32217
8386,Mon Sep 07 17:32:49 BDT 2026,Mon Sep 07 17:32:49 BDT 2026,GET,https://t-f-cl-test-003.vercel.app/_next/static/immutable/chunks/2hnoy-l5u7xsz.js,403,Forbidden,190,567,32211
8388,Mon Sep 07 17:32:49 BDT 2026,Mon Sep 07 17:32:49 BDT 2026,GET,https://t-f-cl-test-003.vercel.app/_next/static/immutable/chunks/28vn259qs49yk.js,403,Forbidden,169,567,32226
8390,Mon Sep 07 17:32:49 BDT 2026,Mon Sep 07 17:32:49 BDT 2026,GET,https://t-f-cl-test-003.vercel.app/_next/static/immutable/media/special-elite-latin-400-normal.2mza6l9y4lmq8.woff2,403,Forbidden,159,567,32220
8392,Mon Sep 07 17:32:49 BDT 2026,Mon Sep 07 17:32:49 BDT 2026,GET,https://t-f-cl-test-003.vercel.app/_next/static/immutable/media/ibm-plex-mono-latin-400-normal.19gbeb610ur4n.woff2,403,Forbidden,165,567,32216
8394,Mon Sep 07 17:32:49 BDT 2026,Mon Sep 07 17:32:49 BDT 2026,GET,https://t-f-cl-test-003.vercel.app/_next/static/immutable/chunks/3o3-pqfgq6cb5.css,403,Forbidden,187,567,32216
8395,Mon Sep 07 17:32:49 BDT 2026,Mon Sep 07 17:32:49 BDT 2026,GET,https://t-f-cl-test-003.vercel.app/_next/static/immutable/media/ibm-plex-mono-latin-600-normal.04jv21_rdbjv3.woff2,403,Forbidden,187,567,32220
8398,Mon Sep 07 17:32:49 BDT 2026,Mon Sep 07 17:32:49 BDT 2026,GET,https://t-f-cl-test-003.vercel.app/_next/static/immutable/chunks/2ud5wno8kmiin.js,403,Forbidden,192,567,32215
8399,Mon Sep 07 17:32:49 BDT 2026,Mon Sep 07 17:32:49 BDT 2026,GET,https://t-f-cl-test-003.vercel.app/_next/static/immutable/chunks/2v3cv0w2fww2x.js,403,Forbidden,205,567,32225
8402,Mon Sep 07 17:32:49 BDT 2026,Mon Sep 07 17:32:49 BDT 2026,GET,https://t-f-cl-test-003.vercel.app/_next/static/immutable/media/ibm-plex-mono-latin-500-normal.25_05y-blbp24.woff2,403,Forbidden,195,567,32216
8403,Mon Sep 07 17:32:49 BDT 2026,Mon Sep 07 17:32:49 BDT 2026,GET,https://t-f-cl-test-003.vercel.app/admin,403,Forbidden,195,567,32214
8404,Mon Sep 07 17:32:49 BDT 2026,Mon Sep 07 17:32:49 BDT 2026,GET,https://t-f-cl-test-003.vercel.app/_next/static/immutable/chunks/turbopack-3owek367tc1ue.js,403,Forbidden,195,567,32215
8408,Mon Sep 07 17:32:49 BDT 2026,Mon Sep 07 17:32:49 BDT 2026,GET,https://t-f-cl-test-003.vercel.app/_next/static/immutable/chunks/36s0t0o8ux5as.js,403,Forbidden,177,567,32215
8410,Mon Sep 07 17:32:49 BDT 2026,Mon Sep 07 17:32:49 BDT 2026,GET,https://t-f-cl-test-003.vercel.app/_next/static/immutable/chunks/37xfmc44dlw-z.js,403,Forbidden,187,567,32210
8412,Mon Sep 07 17:32:49 BDT 2026,Mon Sep 07 17:32:49 BDT 2026,GET,https://t-f-cl-test-003.vercel.app/_next/static/immutable/media,403,Forbidden,203,567,32216
8414,Mon Sep 07 17:32:49 BDT 2026,Mon Sep 07 17:32:49 BDT 2026,GET,https://t-f-cl-test-003.vercel.app/_next/static/immutable/chunks/3zgfykmm9lmvg.js,403,Forbidden,203,567,32216
8416,Mon Sep 07 17:32:49 BDT 2026,Mon Sep 07 17:32:49 BDT 2026,GET,https://t-f-cl-test-003.vercel.app/_next/static/immutable/chunks/31tcpybs-b989.js,403,Forbidden,194,567,32242
8418,Mon Sep 07 17:32:49 BDT 2026,Mon Sep 07 17:32:49 BDT 2026,GET,https://t-f-cl-test-003.vercel.app/_next/static/immutable/chunks/0o_km9rtfdj29.js,403,Forbidden,194,567,32211
8420,Mon Sep 07 17:32:49 BDT 2026,Mon Sep 07 17:32:49 BDT 2026,GET,https://t-f-cl-test-003.vercel.app/_next/static/immutable/chunks/0_8a58fpkby91.js,403,Forbidden,166,567,32242
8422,Mon Sep 07 17:32:49 BDT 2026,Mon Sep 07 17:32:49 BDT 2026,GET,https://t-f-cl-test-003.vercel.app/_next/static/immutable/chunks,403,Forbidden,180,567,32214
8424,Mon Sep 07 17:32:49 BDT 2026,Mon Sep 07 17:32:49 BDT 2026,GET,https://t-f-cl-test-003.vercel.app/_next/static/immutable/chunks/2suy93rarf9c1.js,403,Forbidden,158,567,32211
8426,Mon Sep 07 17:32:49 BDT 2026,Mon Sep 07 17:32:49 BDT 2026,GET,https://t-f-cl-test-003.vercel.app/_next/static/immutable/chunks/1d4958ewfv327.js,403,Forbidden,174,567,32225
8428,Mon Sep 07 17:32:49 BDT 2026,Mon Sep 07 17:32:49 BDT 2026,GET,https://t-f-cl-test-003.vercel.app/_next/static/immutable/chunks/2corl6wyj4669.js,403,Forbidden,191,567,32220
8430,Mon Sep 07 17:32:49 BDT 2026,Mon Sep 07 17:32:49 BDT 2026,GET,https://t-f-cl-test-003.vercel.app/_next/static/immutable,403,Forbidden,176,567,32214
8432,Mon Sep 07 17:32:49 BDT 2026,Mon Sep 07 17:32:49 BDT 2026,GET,https://t-f-cl-test-003.vercel.app/_next/static/immutable/chunks/2hnoy-l5u7xsz.js,403,Forbidden,187,567,32230
8434,Mon Sep 07 17:32:49 BDT 2026,Mon Sep 07 17:32:49 BDT 2026,GET,https://t-f-cl-test-003.vercel.app/_next/static/immutable/chunks/2ud5wno8kmiin.js,403,Forbidden,157,567,32220
8436,Mon Sep 07 17:32:49 BDT 2026,Mon Sep 07 17:32:49 BDT 2026,GET,https://t-f-cl-test-003.vercel.app/_next/static/immutable/media/ibm-plex-mono-latin-400-normal.19gbeb610ur4n.woff2,403,Forbidden,196,567,32211
8438,Mon Sep 07 17:32:49 BDT 2026,Mon Sep 07 17:32:49 BDT 2026,GET,https://t-f-cl-test-003.vercel.app/_next/static/immutable/chunks/28vn259qs49yk.js,403,Forbidden,247,567,32214
8440,Mon Sep 07 17:32:49 BDT 2026,Mon Sep 07 17:32:49 BDT 2026,GET,https://t-f-cl-test-003.vercel.app/_next/static/immutable/chunks/36s0t0o8ux5as.js,403,Forbidden,198,567,32220
8441,Mon Sep 07 17:32:49 BDT 2026,Mon Sep 07 17:32:49 BDT 2026,GET,https://t-f-cl-test-003.vercel.app/admin,403,Forbidden,198,567,32211
8442,Mon Sep 07 17:32:49 BDT 2026,Mon Sep 07 17:32:49 BDT 2026,GET,https://t-f-cl-test-003.vercel.app/_next/static/immutable/chunks/2v3cv0w2fww2x.js,403,Forbidden,198,567,32219
8446,Mon Sep 07 17:32:49 BDT 2026,Mon Sep 07 17:32:49 BDT 2026,GET,https://t-f-cl-test-003.vercel.app/_next/static/immutable/chunks/3o3-pqfgq6cb5.css,403,Forbidden,210,567,32242
8447,Mon Sep 07 17:32:49 BDT 2026,Mon Sep 07 17:32:49 BDT 2026,GET,https://t-f-cl-test-003.vercel.app/_next/static/immutable/media,403,Forbidden,199,567,32211
8448,Mon Sep 07 17:32:49 BDT 2026,Mon Sep 07 17:32:49 BDT 2026,GET,https://t-f-cl-test-003.vercel.app/_next/static/immutable/media/special-elite-latin-400-normal.2mza6l9y4lmq8.woff2,403,Forbidden,228,567,32220
8449,Mon Sep 07 17:32:49 BDT 2026,Mon Sep 07 17:32:49 BDT 2026,GET,https://t-f-cl-test-003.vercel.app/admin/orders?_rsc=y79TYaD3d9aR5pdp,403,Forbidden,202,567,32230
8450,Mon Sep 07 17:32:49 BDT 2026,Mon Sep 07 17:32:49 BDT 2026,GET,https://t-f-cl-test-003.vercel.app/_next/static/immutable/media/ibm-plex-mono-latin-600-normal.04jv21_rdbjv3.woff2,403,Forbidden,210,567,32215
8453,Mon Sep 07 17:32:49 BDT 2026,Mon Sep 07 17:32:49 BDT 2026,GET,https://t-f-cl-test-003.vercel.app/_next/static/immutable/chunks/turbopack-3owek367tc1ue.js,403,Forbidden,211,567,32210
8458,Mon Sep 07 17:32:49 BDT 2026,Mon Sep 07 17:32:49 BDT 2026,GET,https://t-f-cl-test-003.vercel.app/_next/static/immutable/chunks/31tcpybs-b989.js,403,Forbidden,198,567,32215
8459,Mon Sep 07 17:32:49 BDT 2026,Mon Sep 07 17:32:49 BDT 2026,GET,https://t-f-cl-test-003.vercel.app/_next/static/immutable/chunks/3zgfykmm9lmvg.js,403,Forbidden,210,567,32216
8460,Mon Sep 07 17:32:49 BDT 2026,Mon Sep 07 17:32:49 BDT 2026,GET,https://t-f-cl-test-003.vercel.app/_next/static/immutable/chunks/37xfmc44dlw-z.js,403,Forbidden,209,567,32226
8461,Mon Sep 07 17:32:49 BDT 2026,Mon Sep 07 17:32:49 BDT 2026,GET,https://t-f-cl-test-003.vercel.app/_next/static/immutable/media/ibm-plex-mono-latin-500-normal.25_05y-blbp24.woff2,403,Forbidden,220,567,32217
8466,Mon Sep 07 17:32:49 BDT 2026,Mon Sep 07 17:32:49 BDT 2026,GET,https://t-f-cl-test-003.vercel.app/_next/static/immutable/chunks/0_8a58fpkby91.js,403,Forbidden,192,567,32230
8468,Mon Sep 07 17:32:49 BDT 2026,Mon Sep 07 17:32:49 BDT 2026,GET,https://t-f-cl-test-003.vercel.app/_next/static/immutable/chunks/0o_km9rtfdj29.js,403,Forbidden,218,567,32215
8469,Mon Sep 07 17:32:49 BDT 2026,Mon Sep 07 17:32:49 BDT 2026,GET,https://t-f-cl-test-003.vercel.app/_next/static/immutable/chunks,403,Forbidden,177,567,32226
8472,Mon Sep 07 17:32:49 BDT 2026,Mon Sep 07 17:32:49 BDT 2026,GET,https://t-f-cl-test-003.vercel.app/_next/static/immutable/chunks/2suy93rarf9c1.js,403,Forbidden,190,567,32230
8474,Mon Sep 07 17:32:49 BDT 2026,Mon Sep 07 17:32:49 BDT 2026,GET,https://t-f-cl-test-003.vercel.app/_next/static/immutable/chunks/1d4958ewfv327.js,403,Forbidden,192,567,32215
8476,Mon Sep 07 17:32:49 BDT 2026,Mon Sep 07 17:32:49 BDT 2026,GET,https://t-f-cl-test-003.vercel.app/_next/static/immutable/chunks/2corl6wyj4669.js,403,Forbidden,216,567,32215
8478,Mon Sep 07 17:32:49 BDT 2026,Mon Sep 07 17:32:49 BDT 2026,GET,https://t-f-cl-test-003.vercel.app/_next/static/immutable/chunks/2hnoy-l5u7xsz.js,403,Forbidden,183,567,32221
8480,Mon Sep 07 17:32:49 BDT 2026,Mon Sep 07 17:32:49 BDT 2026,GET,https://t-f-cl-test-003.vercel.app/_next/static/immutable/chunks/2ud5wno8kmiin.js,403,Forbidden,173,567,32216
8482,Mon Sep 07 17:32:49 BDT 2026,Mon Sep 07 17:32:49 BDT 2026,GET,https://t-f-cl-test-003.vercel.app/admin/products?_rsc=kIf7Ol7rB4d99lDw,403,Forbidden,228,567,32226
8483,Mon Sep 07 17:32:49 BDT 2026,Mon Sep 07 17:32:49 BDT 2026,GET,https://t-f-cl-test-003.vercel.app/_next/static/immutable/media/ibm-plex-mono-latin-400-normal.19gbeb610ur4n.woff2,403,Forbidden,246,567,32214
8484,Mon Sep 07 17:32:49 BDT 2026,Mon Sep 07 17:32:49 BDT 2026,GET,https://t-f-cl-test-003.vercel.app/_next/static/immutable/chunks/2v3cv0w2fww2x.js,403,Forbidden,231,567,32211
8488,Mon Sep 07 17:32:49 BDT 2026,Mon Sep 07 17:32:49 BDT 2026,GET,https://t-f-cl-test-003.vercel.app/_next/static/immutable/chunks/36s0t0o8ux5as.js,403,Forbidden,240,567,32210
8489,Mon Sep 07 17:32:49 BDT 2026,Mon Sep 07 17:32:49 BDT 2026,GET,https://t-f-cl-test-003.vercel.app/_next/static/immutable/chunks/3zgfykmm9lmvg.js,403,Forbidden,219,567,32242
8490,Mon Sep 07 17:32:49 BDT 2026,Mon Sep 07 17:32:49 BDT 2026,GET,https://t-f-cl-test-003.vercel.app/admin,403,Forbidden,240,567,32219
8492,Mon Sep 07 17:32:49 BDT 2026,Mon Sep 07 17:32:49 BDT 2026,GET,https://t-f-cl-test-003.vercel.app/_next/static/immutable/media/ibm-plex-mono-latin-600-normal.04jv21_rdbjv3.woff2,403,Forbidden,232,567,32215
8493,Mon Sep 07 17:32:49 BDT 2026,Mon Sep 07 17:32:49 BDT 2026,GET,https://t-f-cl-test-003.vercel.app/_next/static/immutable/chunks/31tcpybs-b989.js,403,Forbidden,221,567,32225
8495,Mon Sep 07 17:32:49 BDT 2026,Mon Sep 07 17:32:49 BDT 2026,GET,https://t-f-cl-test-003.vercel.app/_next/static/immutable/media,403,Forbidden,232,567,32216
8498,Mon Sep 07 17:32:49 BDT 2026,Mon Sep 07 17:32:49 BDT 2026,GET,https://t-f-cl-test-003.vercel.app/_next/static/immutable/media/ibm-plex-mono-latin-500-normal.25_05y-blbp24.woff2,403,Forbidden,221,567,32216
8499,Mon Sep 07 17:32:49 BDT 2026,Mon Sep 07 17:32:49 BDT 2026,GET,https://t-f-cl-test-003.vercel.app/_next/static/immutable/chunks/37xfmc44dlw-z.js,403,Forbidden,221,567,32210
8500,Mon Sep 07 17:32:49 BDT 2026,Mon Sep 07 17:32:49 BDT 2026,GET,https://t-f-cl-test-003.vercel.app/admin/orders?_rsc=y79TYaD3d9aR5pdp,403,Forbidden,232,567,32230
8501,Mon Sep 07 17:32:49 BDT 2026,Mon Sep 07 17:32:49 BDT 2026,GET,https://t-f-cl-test-003.vercel.app/_next/static/immutable/chunks/3o3-pqfgq6cb5.css,403,Forbidden,232,567,32214
8502,Mon Sep 07 17:32:49 BDT 2026,Mon Sep 07 17:32:49 BDT 2026,GET,https://t-f-cl-test-003.vercel.app/_next/static/immutable/media/special-elite-latin-400-normal.2mza6l9y4lmq8.woff2,403,Forbidden,232,567,32210
8503,Mon Sep 07 17:32:49 BDT 2026,Mon Sep 07 17:32:49 BDT 2026,GET,https://t-f-cl-test-003.vercel.app/_next/static/immutable/chunks/turbopack-3owek367tc1ue.js,403,Forbidden,232,567,32210
8512,Mon Sep 07 17:32:49 BDT 2026,Mon Sep 07 17:32:49 BDT 2026,GET,https://t-f-cl-test-003.vercel.app/_next/static/immutable/chunks/0o_km9rtfdj29.js,403,Forbidden,217,567,32217
8513,Mon Sep 07 17:32:49 BDT 2026,Mon Sep 07 17:32:49 BDT 2026,GET,https://t-f-cl-test-003.vercel.app/_next/static/immutable/chunks/28vn259qs49yk.js,403,Forbidden,251,567,32217
8516,Mon Sep 07 17:32:49 BDT 2026,Mon Sep 07 17:32:50 BDT 2026,GET,https://t-f-cl-test-003.vercel.app/_next/static/immutable/chunks/2ud5wno8kmiin.js,403,Forbidden,233,567,32226
8517,Mon Sep 07 17:32:49 BDT 2026,Mon Sep 07 17:32:50 BDT 2026,GET,https://t-f-cl-test-003.vercel.app/checkout?_rsc=5CB68i4pnAekjehf,403,Forbidden,177,567,32225
8520,Mon Sep 07 17:32:49 BDT 2026,Mon Sep 07 17:32:50 BDT 2026,GET,https://t-f-cl-test-003.vercel.app/favicon.ico?favicon.3fpu2ql9ns1a0.ico,403,Forbidden,187,567,32220
8522,Mon Sep 07 17:32:49 BDT 2026,Mon Sep 07 17:32:50 BDT 2026,GET,https://t-f-cl-test-003.vercel.app/admin/users?_rsc=vFuJmU9DmFn3kNLq,403,Forbidden,190,567,32223
8524,Mon Sep 07 17:32:49 BDT 2026,Mon Sep 07 17:32:50 BDT 2026,GET,https://t-f-cl-test-003.vercel.app/_next/static/immutable/media/ibm-plex-mono-latin-400-normal.19gbeb610ur4n.woff2,403,Forbidden,166,567,32215
8526,Mon Sep 07 17:32:49 BDT 2026,Mon Sep 07 17:32:50 BDT 2026,GET,https://t-f-cl-test-003.vercel.app/admin?_rsc=YJWUTI47dtZDRk-k,403,Forbidden,209,567,32216
8527,Mon Sep 07 17:32:49 BDT 2026,Mon Sep 07 17:32:50 BDT 2026,GET,https://t-f-cl-test-003.vercel.app/admin,403,Forbidden,165,567,32220
8528,Mon Sep 07 17:32:49 BDT 2026,Mon Sep 07 17:32:50 BDT 2026,GET,https://t-f-cl-test-003.vercel.app/admin/products?_rsc=kIf7Ol7rB4d99lDw,403,Forbidden,178,567,32215
8532,Mon Sep 07 17:32:49 BDT 2026,Mon Sep 07 17:32:50 BDT 2026,GET,https://t-f-cl-test-003.vercel.app/login?next=%2Fcheckout&_rsc=tXyZJ52UQVBCVsD3,403,Forbidden,213,567,32220
8534,Mon Sep 07 17:32:49 BDT 2026,Mon Sep 07 17:32:50 BDT 2026,GET,https://t-f-cl-test-003.vercel.app/_next/static/immutable/media/ibm-plex-mono-latin-600-normal.04jv21_rdbjv3.woff2,403,Forbidden,179,567,32219
8536,Mon Sep 07 17:32:49 BDT 2026,Mon Sep 07 17:32:50 BDT 2026,GET,https://t-f-cl-test-003.vercel.app/_next/static/immutable/chunks/2v3cv0w2fww2x.js,403,Forbidden,198,567,32217
8538,Mon Sep 07 17:32:49 BDT 2026,Mon Sep 07 17:32:50 BDT 2026,GET,https://t-f-cl-test-003.vercel.app/login?_rsc=tXyZJ52UQVBCVsD3,403,Forbidden,233,567,32242
8540,Mon Sep 07 17:32:49 BDT 2026,Mon Sep 07 17:32:50 BDT 2026,GET,https://t-f-cl-test-003.vercel.app/_next/static/immutable/chunks/31tcpybs-b989.js,403,Forbidden,200,567,32220
8541,Mon Sep 07 17:32:49 BDT 2026,Mon Sep 07 17:32:50 BDT 2026,GET,https://t-f-cl-test-003.vercel.app/_next/static/immutable/media,403,Forbidden,168,567,32219
8542,Mon Sep 07 17:32:49 BDT 2026,Mon Sep 07 17:32:50 BDT 2026,GET,https://t-f-cl-test-003.vercel.app/_next/static/immutable/chunks/36s0t0o8ux5as.js,403,Forbidden,200,567,32219
8543,Mon Sep 07 17:32:49 BDT 2026,Mon Sep 07 17:32:50 BDT 2026,GET,https://t-f-cl-test-003.vercel.app/admin/orders?_rsc=y79TYaD3d9aR5pdp,403,Forbidden,168,567,32219
8544,Mon Sep 07 17:32:49 BDT 2026,Mon Sep 07 17:32:50 BDT 2026,GET,https://t-f-cl-test-003.vercel.app/_next/static/immutable/chunks/3zgfykmm9lmvg.js,403,Forbidden,200,567,32226
8550,Mon Sep 07 17:32:49 BDT 2026,Mon Sep 07 17:32:50 BDT 2026,GET,https://t-f-cl-test-003.vercel.app/_next/static/immutable/chunks/turbopack-3owek367tc1ue.js,403,Forbidden,206,567,32220
8552,Mon Sep 07 17:32:49 BDT 2026,Mon Sep 07 17:32:50 BDT 2026,GET,https://t-f-cl-test-003.vercel.app/_next/static/immutable/media/ibm-plex-mono-latin-500-normal.25_05y-blbp24.woff2,403,Forbidden,177,567,32228
8554,Mon Sep 07 17:32:49 BDT 2026,Mon Sep 07 17:32:50 BDT 2026,GET,https://t-f-cl-test-003.vercel.app/_next/static/immutable/chunks/3o3-pqfgq6cb5.css,403,Forbidden,178,567,32214
8556,Mon Sep 07 17:32:49 BDT 2026,Mon Sep 07 17:32:50 BDT 2026,GET,https://t-f-cl-test-003.vercel.app/_next/static/immutable/chunks/37xfmc44dlw-z.js,403,Forbidden,180,567,32216
8558,Mon Sep 07 17:32:49 BDT 2026,Mon Sep 07 17:32:50 BDT 2026,GET,https://t-f-cl-test-003.vercel.app/_next/static/immutable/media/special-elite-latin-400-normal.2mza6l9y4lmq8.woff2,403,Forbidden,191,567,32215
8560,Mon Sep 07 17:32:50 BDT 2026,Mon Sep 07 17:32:50 BDT 2026,GET,https://t-f-cl-test-003.vercel.app/admin/users?_rsc=vFuJmU9DmFn3kNLq,403,Forbidden,193,567,32228
8562,Mon Sep 07 17:32:50 BDT 2026,Mon Sep 07 17:32:50 BDT 2026,GET,https://t-f-cl-test-003.vercel.app/_next/static/immutable/chunks/2ud5wno8kmiin.js,403,Forbidden,234,567,32225
8564,Mon Sep 07 17:32:50 BDT 2026,Mon Sep 07 17:32:50 BDT 2026,GET,https://t-f-cl-test-003.vercel.app/_next/static/immutable/media/ibm-plex-mono-latin-600-normal.04jv21_rdbjv3.woff2,403,Forbidden,209,567,32215
8566,Mon Sep 07 17:32:50 BDT 2026,Mon Sep 07 17:32:50 BDT 2026,GET,https://t-f-cl-test-003.vercel.app/favicon.ico?favicon.3fpu2ql9ns1a0.ico,403,Forbidden,282,567,32226
8568,Mon Sep 07 17:32:50 BDT 2026,Mon Sep 07 17:32:50 BDT 2026,GET,https://t-f-cl-test-003.vercel.app/checkout?_rsc=5CB68i4pnAekjehf,403,Forbidden,282,567,32219
8569,Mon Sep 07 17:32:50 BDT 2026,Mon Sep 07 17:32:50 BDT 2026,GET,https://t-f-cl-test-003.vercel.app/admin?_rsc=YJWUTI47dtZDRk-k,403,Forbidden,261,567,32223
8572,Mon Sep 07 17:32:50 BDT 2026,Mon Sep 07 17:32:50 BDT 2026,GET,https://t-f-cl-test-003.vercel.app/admin,403,Forbidden,264,567,32242
8573,Mon Sep 07 17:32:50 BDT 2026,Mon Sep 07 17:32:50 BDT 2026,GET,https://t-f-cl-test-003.vercel.app/login?_rsc=tXyZJ52UQVBCVsD3,403,Forbidden,240,567,32220
8575,Mon Sep 07 17:32:50 BDT 2026,Mon Sep 07 17:32:50 BDT 2026,GET,https://t-f-cl-test-003.vercel.app/_next/static/immutable/chunks/31tcpybs-b989.js,403,Forbidden,231,567,32216
8576,Mon Sep 07 17:32:50 BDT 2026,Mon Sep 07 17:32:50 BDT 2026,GET,https://t-f-cl-test-003.vercel.app/login?next=%2Fcheckout,403,Forbidden,265,567,32216
8580,Mon Sep 07 17:32:50 BDT 2026,Mon Sep 07 17:32:50 BDT 2026,GET,https://t-f-cl-test-003.vercel.app/products,403,Forbidden,265,567,32223
8581,Mon Sep 07 17:32:50 BDT 2026,Mon Sep 07 17:32:50 BDT 2026,GET,https://t-f-cl-test-003.vercel.app/admin/users?_rsc=vFuJmU9DmFn3kNLq,403,Forbidden,231,567,32217
8582,Mon Sep 07 17:32:50 BDT 2026,Mon Sep 07 17:32:50 BDT 2026,GET,https://t-f-cl-test-003.vercel.app/admin/orders?_rsc=y79TYaD3d9aR5pdp,403,Forbidden,258,567,32214
8583,Mon Sep 07 17:32:50 BDT 2026,Mon Sep 07 17:32:50 BDT 2026,GET,https://t-f-cl-test-003.vercel.app/_next/static/immutable/media/special-elite-latin-400-normal.2mza6l9y4lmq8.woff2,403,Forbidden,231,567,32211
8584,Mon Sep 07 17:32:50 BDT 2026,Mon Sep 07 17:32:50 BDT 2026,GET,https://t-f-cl-test-003.vercel.app/_next/static/immutable/chunks/3zgfykmm9lmvg.js,403,Forbidden,251,567,32217
8585,Mon Sep 07 17:32:50 BDT 2026,Mon Sep 07 17:32:50 BDT 2026,GET,https://t-f-cl-test-003.vercel.app/_next/static/immutable/chunks/turbopack-3owek367tc1ue.js,403,Forbidden,246,567,32214
8586,Mon Sep 07 17:32:50 BDT 2026,Mon Sep 07 17:32:50 BDT 2026,GET,https://t-f-cl-test-003.vercel.app/_next/static/immutable/chunks/36s0t0o8ux5as.js,403,Forbidden,246,567,32219
8587,Mon Sep 07 17:32:50 BDT 2026,Mon Sep 07 17:32:50 BDT 2026,GET,https://t-f-cl-test-003.vercel.app/_next/static/immutable/media,403,Forbidden,246,567,32210
8588,Mon Sep 07 17:32:50 BDT 2026,Mon Sep 07 17:32:50 BDT 2026,GET,https://t-f-cl-test-003.vercel.app/_next/static/immutable/chunks/37xfmc44dlw-z.js,403,Forbidden,235,567,32215
8589,Mon Sep 07 17:32:50 BDT 2026,Mon Sep 07 17:32:50 BDT 2026,GET,https://t-f-cl-test-003.vercel.app/_next/static/immutable/chunks/3o3-pqfgq6cb5.css,403,Forbidden,238,567,32216
8590,Mon Sep 07 17:32:50 BDT 2026,Mon Sep 07 17:32:50 BDT 2026,GET,https://t-f-cl-test-003.vercel.app/admin/products?_rsc=kIf7Ol7rB4d99lDw,403,Forbidden,279,567,32226
8591,Mon Sep 07 17:32:50 BDT 2026,Mon Sep 07 17:32:50 BDT 2026,GET,https://t-f-cl-test-003.vercel.app/_next/static/immutable/media/ibm-plex-mono-latin-400-normal.19gbeb610ur4n.woff2,403,Forbidden,292,567,32216
8592,Mon Sep 07 17:32:50 BDT 2026,Mon Sep 07 17:32:50 BDT 2026,GET,https://t-f-cl-test-003.vercel.app/_next/static/immutable/media/ibm-plex-mono-latin-500-normal.25_05y-blbp24.woff2,403,Forbidden,238,567,32211
8593,Mon Sep 07 17:32:50 BDT 2026,Mon Sep 07 17:32:50 BDT 2026,GET,https://t-f-cl-test-003.vercel.app/_next/static/immutable/chunks/2v3cv0w2fww2x.js,403,Forbidden,259,567,32219
8594,Mon Sep 07 17:32:50 BDT 2026,Mon Sep 07 17:32:50 BDT 2026,GET,https://t-f-cl-test-003.vercel.app/login?next=%2Fcheckout&_rsc=tXyZJ52UQVBCVsD3,403,Forbidden,260,567,32215
8609,Mon Sep 07 17:32:50 BDT 2026,Mon Sep 07 17:32:50 BDT 2026,GET,https://t-f-cl-test-003.vercel.app/favicon.ico?favicon.3fpu2ql9ns1a0.ico,403,Forbidden,185,567,32226
8611,Mon Sep 07 17:32:50 BDT 2026,Mon Sep 07 17:32:50 BDT 2026,GET,https://t-f-cl-test-003.vercel.app/products,403,Forbidden,184,567,32214
8612,Mon Sep 07 17:32:50 BDT 2026,Mon Sep 07 17:32:50 BDT 2026,GET,https://t-f-cl-test-003.vercel.app/login?next=%2Fcheckout,403,Forbidden,176,567,32214
8613,Mon Sep 07 17:32:50 BDT 2026,Mon Sep 07 17:32:50 BDT 2026,GET,https://t-f-cl-test-003.vercel.app/_next/static/immutable/chunks/2ud5wno8kmiin.js,403,Forbidden,235,567,32219
8614,Mon Sep 07 17:32:50 BDT 2026,Mon Sep 07 17:32:50 BDT 2026,GET,https://t-f-cl-test-003.vercel.app/_next/static/immutable/chunks/31tcpybs-b989.js,403,Forbidden,175,567,32211
8619,Mon Sep 07 17:32:50 BDT 2026,Mon Sep 07 17:32:50 BDT 2026,GET,https://t-f-cl-test-003.vercel.app/admin,403,Forbidden,188,567,32219
8621,Mon Sep 07 17:32:50 BDT 2026,Mon Sep 07 17:32:50 BDT 2026,GET,https://t-f-cl-test-003.vercel.app/login?_rsc=tXyZJ52UQVBCVsD3,403,Forbidden,185,567,32223
8622,Mon Sep 07 17:32:50 BDT 2026,Mon Sep 07 17:32:50 BDT 2026,GET,https://t-f-cl-test-003.vercel.app/checkout?_rsc=5CB68i4pnAekjehf,403,Forbidden,191,567,32225
8624,Mon Sep 07 17:32:50 BDT 2026,Mon Sep 07 17:32:50 BDT 2026,GET,https://t-f-cl-test-003.vercel.app/admin?_rsc=YJWUTI47dtZDRk-k,403,Forbidden,196,567,32216
8627,Mon Sep 07 17:32:50 BDT 2026,Mon Sep 07 17:32:50 BDT 2026,GET,https://t-f-cl-test-003.vercel.app/_next/static/immutable/media/ibm-plex-mono-latin-600-normal.04jv21_rdbjv3.woff2,403,Forbidden,237,567,32211
8629,Mon Sep 07 17:32:50 BDT 2026,Mon Sep 07 17:32:50 BDT 2026,GET,https://t-f-cl-test-003.vercel.app/_next/static/immutable/chunks/36s0t0o8ux5as.js,403,Forbidden,135,567,32226
8631,Mon Sep 07 17:32:50 BDT 2026,Mon Sep 07 17:32:50 BDT 2026,GET,https://t-f-cl-test-003.vercel.app/_next/static/immutable/chunks/37xfmc44dlw-z.js,403,Forbidden,218,567,32215
8633,Mon Sep 07 17:32:50 BDT 2026,Mon Sep 07 17:32:50 BDT 2026,GET,https://t-f-cl-test-003.vercel.app/_next/static/immutable/chunks/2ud5wno8kmiin.js,403,Forbidden,240,567,32210
8634,Mon Sep 07 17:32:50 BDT 2026,Mon Sep 07 17:32:50 BDT 2026,GET,https://t-f-cl-test-003.vercel.app/_next/static/immutable/media/ibm-plex-mono-latin-500-normal.25_05y-blbp24.woff2,403,Forbidden,240,567,32216
8635,Mon Sep 07 17:32:50 BDT 2026,Mon Sep 07 17:32:50 BDT 2026,GET,https://t-f-cl-test-003.vercel.app/admin?_rsc=YJWUTI47dtZDRk-k,403,Forbidden,232,567,32215
8636,Mon Sep 07 17:32:50 BDT 2026,Mon Sep 07 17:32:50 BDT 2026,GET,https://t-f-cl-test-003.vercel.app/checkout?_rsc=5CB68i4pnAekjehf,403,Forbidden,234,567,32210
8638,Mon Sep 07 17:32:50 BDT 2026,Mon Sep 07 17:32:50 BDT 2026,GET,https://t-f-cl-test-003.vercel.app/_next/static/immutable/media/special-elite-latin-400-normal.2mza6l9y4lmq8.woff2,403,Forbidden,240,567,32220
8639,Mon Sep 07 17:32:50 BDT 2026,Mon Sep 07 17:32:50 BDT 2026,GET,https://t-f-cl-test-003.vercel.app/_next/static/immutable/chunks/turbopack-3owek367tc1ue.js,403,Forbidden,242,567,32217
8641,Mon Sep 07 17:32:50 BDT 2026,Mon Sep 07 17:32:50 BDT 2026,GET,https://t-f-cl-test-003.vercel.app/login?next=%2Fcheckout&_rsc=tXyZJ52UQVBCVsD3,403,Forbidden,242,567,32210
8643,Mon Sep 07 17:32:50 BDT 2026,Mon Sep 07 17:32:50 BDT 2026,GET,https://t-f-cl-test-003.vercel.app/_next/static/immutable/media,403,Forbidden,242,567,32228
8647,Mon Sep 07 17:32:50 BDT 2026,Mon Sep 07 17:32:50 BDT 2026,GET,https://t-f-cl-test-003.vercel.app/_next/static/immutable/media/ibm-plex-mono-latin-400-normal.19gbeb610ur4n.woff2,403,Forbidden,244,567,32219
8648,Mon Sep 07 17:32:50 BDT 2026,Mon Sep 07 17:32:50 BDT 2026,GET,https://t-f-cl-test-003.vercel.app/login?next=%2Fcheckout,403,Forbidden,243,567,32216
8649,Mon Sep 07 17:32:50 BDT 2026,Mon Sep 07 17:32:50 BDT 2026,GET,https://t-f-cl-test-003.vercel.app/_next/static/immutable/chunks/3zgfykmm9lmvg.js,403,Forbidden,241,567,32216
8650,Mon Sep 07 17:32:50 BDT 2026,Mon Sep 07 17:32:50 BDT 2026,GET,https://t-f-cl-test-003.vercel.app/_next/static/immutable/chunks/3o3-pqfgq6cb5.css,403,Forbidden,243,567,32228
8651,Mon Sep 07 17:32:50 BDT 2026,Mon Sep 07 17:32:50 BDT 2026,GET,https://t-f-cl-test-003.vercel.app/_next/static/immutable/media/ibm-plex-mono-latin-600-normal.04jv21_rdbjv3.woff2,403,Forbidden,235,567,32221
8652,Mon Sep 07 17:32:50 BDT 2026,Mon Sep 07 17:32:50 BDT 2026,GET,https://t-f-cl-test-003.vercel.app/admin,403,Forbidden,237,567,32210
8653,Mon Sep 07 17:32:50 BDT 2026,Mon Sep 07 17:32:50 BDT 2026,GET,https://t-f-cl-test-003.vercel.app/_next/static/immutable/chunks/2v3cv0w2fww2x.js,403,Forbidden,243,567,32215
8654,Mon Sep 07 17:32:50 BDT 2026,Mon Sep 07 17:32:50 BDT 2026,GET,https://t-f-cl-test-003.vercel.app/admin/products?_rsc=kIf7Ol7rB4d99lDw,403,Forbidden,243,567,32221
8657,Mon Sep 07 17:32:50 BDT 2026,Mon Sep 07 17:32:50 BDT 2026,GET,https://t-f-cl-test-003.vercel.app/products,403,Forbidden,242,567,32220
8662,Mon Sep 07 17:32:50 BDT 2026,Mon Sep 07 17:32:50 BDT 2026,GET,https://t-f-cl-test-003.vercel.app/admin/users?_rsc=vFuJmU9DmFn3kNLq,403,Forbidden,249,567,32219
8665,Mon Sep 07 17:32:50 BDT 2026,Mon Sep 07 17:32:50 BDT 2026,GET,https://t-f-cl-test-003.vercel.app/favicon.ico?favicon.3fpu2ql9ns1a0.ico,403,Forbidden,249,567,32220
8668,Mon Sep 07 17:32:50 BDT 2026,Mon Sep 07 17:32:50 BDT 2026,GET,https://t-f-cl-test-003.vercel.app/admin/orders?_rsc=y79TYaD3d9aR5pdp,403,Forbidden,248,567,32214
8673,Mon Sep 07 17:32:50 BDT 2026,Mon Sep 07 17:32:50 BDT 2026,GET,https://t-f-cl-test-003.vercel.app/_next/static/immutable/chunks/31tcpybs-b989.js,403,Forbidden,255,567,32214
8675,Mon Sep 07 17:32:50 BDT 2026,Mon Sep 07 17:32:50 BDT 2026,GET,https://t-f-cl-test-003.vercel.app/login?_rsc=tXyZJ52UQVBCVsD3,403,Forbidden,255,567,32220
8677,Mon Sep 07 17:32:50 BDT 2026,Mon Sep 07 17:32:50 BDT 2026,GET,https://t-f-cl-test-003.vercel.app/_next/static/immutable/chunks/36s0t0o8ux5as.js,403,Forbidden,207,567,32214
8679,Mon Sep 07 17:32:50 BDT 2026,Mon Sep 07 17:32:51 BDT 2026,GET,https://t-f-cl-test-003.vercel.app/admin,403,Forbidden,183,567,32242
8681,Mon Sep 07 17:32:50 BDT 2026,Mon Sep 07 17:32:51 BDT 2026,GET,https://t-f-cl-test-003.vercel.app/_next/static/immutable/media/ibm-plex-mono-latin-400-normal.19gbeb610ur4n.woff2,403,Forbidden,198,567,32220
8683,Mon Sep 07 17:32:50 BDT 2026,Mon Sep 07 17:32:51 BDT 2026,GET,https://t-f-cl-test-003.vercel.app/_next/static/immutable/chunks/37xfmc44dlw-z.js,403,Forbidden,235,567,32228
8685,Mon Sep 07 17:32:50 BDT 2026,Mon Sep 07 17:32:51 BDT 2026,GET,https://t-f-cl-test-003.vercel.app/_next/static/immutable/chunks/3zgfykmm9lmvg.js,403,Forbidden,229,567,32217
8687,Mon Sep 07 17:32:50 BDT 2026,Mon Sep 07 17:32:51 BDT 2026,GET,https://t-f-cl-test-003.vercel.app/_next/static/immutable/chunks/2ud5wno8kmiin.js,403,Forbidden,248,567,32226
8688,Mon Sep 07 17:32:50 BDT 2026,Mon Sep 07 17:32:51 BDT 2026,GET,https://t-f-cl-test-003.vercel.app/_next/static/immutable/media/ibm-plex-mono-latin-600-normal.04jv21_rdbjv3.woff2,403,Forbidden,236,567,32210
8689,Mon Sep 07 17:32:50 BDT 2026,Mon Sep 07 17:32:51 BDT 2026,GET,https://t-f-cl-test-003.vercel.app/products,403,Forbidden,236,567,32217
8690,Mon Sep 07 17:32:50 BDT 2026,Mon Sep 07 17:32:51 BDT 2026,GET,https://t-f-cl-test-003.vercel.app/_next/static/immutable/chunks/2v3cv0w2fww2x.js,403,Forbidden,236,567,32210
8691,Mon Sep 07 17:32:50 BDT 2026,Mon Sep 07 17:32:51 BDT 2026,GET,https://t-f-cl-test-003.vercel.app/admin?_rsc=YJWUTI47dtZDRk-k,403,Forbidden,238,567,32216
8693,Mon Sep 07 17:32:50 BDT 2026,Mon Sep 07 17:32:51 BDT 2026,GET,https://t-f-cl-test-003.vercel.app/_next/static/immutable/chunks/turbopack-3owek367tc1ue.js,403,Forbidden,236,567,32226
8696,Mon Sep 07 17:32:50 BDT 2026,Mon Sep 07 17:32:51 BDT 2026,GET,https://t-f-cl-test-003.vercel.app/admin/orders?_rsc=y79TYaD3d9aR5pdp,403,Forbidden,242,567,32226
8699,Mon Sep 07 17:32:50 BDT 2026,Mon Sep 07 17:32:51 BDT 2026,GET,https://t-f-cl-test-003.vercel.app/_next/static/immutable/media,403,Forbidden,240,567,32216
8700,Mon Sep 07 17:32:50 BDT 2026,Mon Sep 07 17:32:51 BDT 2026,GET,https://t-f-cl-test-003.vercel.app/checkout?_rsc=5CB68i4pnAekjehf,403,Forbidden,240,567,32215
8701,Mon Sep 07 17:32:50 BDT 2026,Mon Sep 07 17:32:51 BDT 2026,GET,https://t-f-cl-test-003.vercel.app/favicon.ico?favicon.3fpu2ql9ns1a0.ico,403,Forbidden,239,567,32217
8702,Mon Sep 07 17:32:50 BDT 2026,Mon Sep 07 17:32:51 BDT 2026,GET,https://t-f-cl-test-003.vercel.app/login?next=%2Fcheckout,403,Forbidden,237,567,32210
8703,Mon Sep 07 17:32:50 BDT 2026,Mon Sep 07 17:32:51 BDT 2026,GET,https://t-f-cl-test-003.vercel.app/login?next=%2Fcheckout&_rsc=tXyZJ52UQVBCVsD3,403,Forbidden,238,567,32215
8704,Mon Sep 07 17:32:50 BDT 2026,Mon Sep 07 17:32:51 BDT 2026,GET,https://t-f-cl-test-003.vercel.app/_next/static/immutable/chunks/31tcpybs-b989.js,403,Forbidden,237,567,32214
8705,Mon Sep 07 17:32:50 BDT 2026,Mon Sep 07 17:32:51 BDT 2026,GET,https://t-f-cl-test-003.vercel.app/_next/static/immutable/media/ibm-plex-mono-latin-500-normal.25_05y-blbp24.woff2,403,Forbidden,238,567,32216
8706,Mon Sep 07 17:32:50 BDT 2026,Mon Sep 07 17:32:51 BDT 2026,GET,https://t-f-cl-test-003.vercel.app/admin/products?_rsc=kIf7Ol7rB4d99lDw,403,Forbidden,237,567,32214
8707,Mon Sep 07 17:32:50 BDT 2026,Mon Sep 07 17:32:51 BDT 2026,GET,https://t-f-cl-test-003.vercel.app/_next/static/immutable/media/special-elite-latin-400-normal.2mza6l9y4lmq8.woff2,403,Forbidden,237,567,32226
8709,Mon Sep 07 17:32:50 BDT 2026,Mon Sep 07 17:32:51 BDT 2026,GET,https://t-f-cl-test-003.vercel.app/admin/users?_rsc=vFuJmU9DmFn3kNLq,403,Forbidden,237,567,32220
8721,Mon Sep 07 17:32:50 BDT 2026,Mon Sep 07 17:32:51 BDT 2026,GET,https://t-f-cl-test-003.vercel.app/login?_rsc=tXyZJ52UQVBCVsD3,403,Forbidden,244,567,32220
8723,Mon Sep 07 17:32:50 BDT 2026,Mon Sep 07 17:32:51 BDT 2026,GET,https://t-f-cl-test-003.vercel.app/_next/static/immutable/chunks/3o3-pqfgq6cb5.css,403,Forbidden,249,567,32215
8725,Mon Sep 07 17:32:50 BDT 2026,Mon Sep 07 17:32:51 BDT 2026,GET,https://t-f-cl-test-003.vercel.app/_next/static/immutable/chunks/36s0t0o8ux5as.js,403,Forbidden,200,567,32216
8727,Mon Sep 07 17:32:51 BDT 2026,Mon Sep 07 17:32:51 BDT 2026,GET,https://t-f-cl-test-003.vercel.app/admin,403,Forbidden,216,567,32223
8729,Mon Sep 07 17:32:51 BDT 2026,Mon Sep 07 17:32:51 BDT 2026,GET,https://t-f-cl-test-003.vercel.app/_next/static/immutable/media/ibm-plex-mono-latin-400-normal.19gbeb610ur4n.woff2,403,Forbidden,204,567,32216
8731,Mon Sep 07 17:32:51 BDT 2026,Mon Sep 07 17:32:51 BDT 2026,GET,https://t-f-cl-test-003.vercel.app/_next/static/immutable/chunks/37xfmc44dlw-z.js,403,Forbidden,246,567,32211
8733,Mon Sep 07 17:32:51 BDT 2026,Mon Sep 07 17:32:51 BDT 2026,GET,https://t-f-cl-test-003.vercel.app/_next/static/immutable/chunks/turbopack-3owek367tc1ue.js,403,Forbidden,200,567,32221
8735,Mon Sep 07 17:32:51 BDT 2026,Mon Sep 07 17:32:51 BDT 2026,GET,https://t-f-cl-test-003.vercel.app/_next/static/immutable/media,403,Forbidden,199,567,32216
8737,Mon Sep 07 17:32:51 BDT 2026,Mon Sep 07 17:32:51 BDT 2026,GET,https://t-f-cl-test-003.vercel.app/favicon.ico?favicon.3fpu2ql9ns1a0.ico,403,Forbidden,211,567,32217
8738,Mon Sep 07 17:32:51 BDT 2026,Mon Sep 07 17:32:51 BDT 2026,GET,https://t-f-cl-test-003.vercel.app/admin/orders?_rsc=y79TYaD3d9aR5pdp,403,Forbidden,211,567,32225
8741,Mon Sep 07 17:32:51 BDT 2026,Mon Sep 07 17:32:51 BDT 2026,GET,https://t-f-cl-test-003.vercel.app/login?next=%2Fcheckout,403,Forbidden,219,567,32223
8743,Mon Sep 07 17:32:51 BDT 2026,Mon Sep 07 17:32:51 BDT 2026,GET,https://t-f-cl-test-003.vercel.app/_next/static/immutable/chunks/2v3cv0w2fww2x.js,403,Forbidden,225,567,32220
8744,Mon Sep 07 17:32:51 BDT 2026,Mon Sep 07 17:32:51 BDT 2026,GET,https://t-f-cl-test-003.vercel.app/_next/static/immutable/media/ibm-plex-mono-latin-500-normal.25_05y-blbp24.woff2,403,Forbidden,227,567,32210
8746,Mon Sep 07 17:32:51 BDT 2026,Mon Sep 07 17:32:51 BDT 2026,GET,https://t-f-cl-test-003.vercel.app/products,403,Forbidden,228,567,32216
8748,Mon Sep 07 17:32:51 BDT 2026,Mon Sep 07 17:32:51 BDT 2026,GET,https://t-f-cl-test-003.vercel.app/admin/products?_rsc=kIf7Ol7rB4d99lDw,403,Forbidden,227,567,32220
8750,Mon Sep 07 17:32:51 BDT 2026,Mon Sep 07 17:32:51 BDT 2026,GET,https://t-f-cl-test-003.vercel.app/_next/static/immutable/chunks/3o3-pqfgq6cb5.css,403,Forbidden,227,567,32214
8751,Mon Sep 07 17:32:51 BDT 2026,Mon Sep 07 17:32:51 BDT 2026,GET,https://t-f-cl-test-003.vercel.app/login?_rsc=tXyZJ52UQVBCVsD3,403,Forbidden,227,567,32220
8755,Mon Sep 07 17:32:51 BDT 2026,Mon Sep 07 17:32:51 BDT 2026,GET,https://t-f-cl-test-003.vercel.app/login?next=%2Fcheckout&_rsc=tXyZJ52UQVBCVsD3,403,Forbidden,230,567,32219
8756,Mon Sep 07 17:32:51 BDT 2026,Mon Sep 07 17:32:51 BDT 2026,GET,https://t-f-cl-test-003.vercel.app/_next/static/immutable/chunks/3zgfykmm9lmvg.js,403,Forbidden,234,567,32210
8757,Mon Sep 07 17:32:51 BDT 2026,Mon Sep 07 17:32:51 BDT 2026,GET,https://t-f-cl-test-003.vercel.app/checkout?_rsc=5CB68i4pnAekjehf,403,Forbidden,230,567,32219
8758,Mon Sep 07 17:32:51 BDT 2026,Mon Sep 07 17:32:51 BDT 2026,GET,https://t-f-cl-test-003.vercel.app/_next/static/immutable/media/special-elite-latin-400-normal.2mza6l9y4lmq8.woff2,403,Forbidden,230,567,32216
8759,Mon Sep 07 17:32:51 BDT 2026,Mon Sep 07 17:32:51 BDT 2026,GET,https://t-f-cl-test-003.vercel.app/admin?_rsc=YJWUTI47dtZDRk-k,403,Forbidden,231,567,32210
8760,Mon Sep 07 17:32:51 BDT 2026,Mon Sep 07 17:32:51 BDT 2026,GET,https://t-f-cl-test-003.vercel.app/_next/static/immutable/media/ibm-plex-mono-latin-600-normal.04jv21_rdbjv3.woff2,403,Forbidden,231,567,32220
8761,Mon Sep 07 17:32:51 BDT 2026,Mon Sep 07 17:32:51 BDT 2026,GET,https://t-f-cl-test-003.vercel.app/_next/static/immutable/chunks/31tcpybs-b989.js,403,Forbidden,230,567,32217
8763,Mon Sep 07 17:32:51 BDT 2026,Mon Sep 07 17:32:51 BDT 2026,GET,https://t-f-cl-test-003.vercel.app/_next/static/immutable/chunks/2ud5wno8kmiin.js,403,Forbidden,243,567,32211
8765,Mon Sep 07 17:32:51 BDT 2026,Mon Sep 07 17:32:51 BDT 2026,GET,https://t-f-cl-test-003.vercel.app/admin/users?_rsc=vFuJmU9DmFn3kNLq,403,Forbidden,237,567,32220
8773,Mon Sep 07 17:32:51 BDT 2026,Mon Sep 07 17:32:51 BDT 2026,GET,https://t-f-cl-test-003.vercel.app/_next/static/immutable/chunks/36s0t0o8ux5as.js,403,Forbidden,233,567,32215
8775,Mon Sep 07 17:32:51 BDT 2026,Mon Sep 07 17:32:51 BDT 2026,GET,https://t-f-cl-test-003.vercel.app/_next/static/immutable/media/ibm-plex-mono-latin-400-normal.19gbeb610ur4n.woff2,403,Forbidden,226,567,32216
8777,Mon Sep 07 17:32:51 BDT 2026,Mon Sep 07 17:32:51 BDT 2026,GET,https://t-f-cl-test-003.vercel.app/_next/static/immutable/media,403,Forbidden,165,567,32221
8779,Mon Sep 07 17:32:51 BDT 2026,Mon Sep 07 17:32:51 BDT 2026,GET,https://t-f-cl-test-003.vercel.app/_next/static/immutable/chunks/turbopack-3owek367tc1ue.js,403,Forbidden,201,567,32223
8781,Mon Sep 07 17:32:51 BDT 2026,Mon Sep 07 17:32:51 BDT 2026,GET,https://t-f-cl-test-003.vercel.app/admin/products?_rsc=kIf7Ol7rB4d99lDw,403,Forbidden,213,567,32215
8782,Mon Sep 07 17:32:51 BDT 2026,Mon Sep 07 17:32:51 BDT 2026,GET,https://t-f-cl-test-003.vercel.app/admin/orders?_rsc=y79TYaD3d9aR5pdp,403,Forbidden,230,567,32215
8783,Mon Sep 07 17:32:51 BDT 2026,Mon Sep 07 17:32:51 BDT 2026,GET,https://t-f-cl-test-003.vercel.app/_next/static/immutable/chunks/37xfmc44dlw-z.js,403,Forbidden,230,567,32226
8784,Mon Sep 07 17:32:51 BDT 2026,Mon Sep 07 17:32:51 BDT 2026,GET,https://t-f-cl-test-003.vercel.app/admin,403,Forbidden,295,567,32216
8785,Mon Sep 07 17:32:51 BDT 2026,Mon Sep 07 17:32:51 BDT 2026,GET,https://t-f-cl-test-003.vercel.app/favicon.ico?favicon.3fpu2ql9ns1a0.ico,403,Forbidden,231,567,32210
8791,Mon Sep 07 17:32:51 BDT 2026,Mon Sep 07 17:32:51 BDT 2026,GET,https://t-f-cl-test-003.vercel.app/_next/static/immutable/chunks/3o3-pqfgq6cb5.css,403,Forbidden,222,567,32215
8793,Mon Sep 07 17:32:51 BDT 2026,Mon Sep 07 17:32:51 BDT 2026,GET,https://t-f-cl-test-003.vercel.app/login?_rsc=tXyZJ52UQVBCVsD3,403,Forbidden,226,567,32214
8795,Mon Sep 07 17:32:51 BDT 2026,Mon Sep 07 17:32:51 BDT 2026,GET,https://t-f-cl-test-003.vercel.app/_next/static/immutable/chunks/2v3cv0w2fww2x.js,403,Forbidden,243,567,32217
8796,Mon Sep 07 17:32:51 BDT 2026,Mon Sep 07 17:32:51 BDT 2026,GET,https://t-f-cl-test-003.vercel.app/_next/static/immutable/chunks/2ud5wno8kmiin.js,403,Forbidden,223,567,32211
8797,Mon Sep 07 17:32:51 BDT 2026,Mon Sep 07 17:32:51 BDT 2026,GET,https://t-f-cl-test-003.vercel.app/_next/static/immutable/chunks/31tcpybs-b989.js,403,Forbidden,223,567,32215
8798,Mon Sep 07 17:32:51 BDT 2026,Mon Sep 07 17:32:51 BDT 2026,GET,https://t-f-cl-test-003.vercel.app/login?next=%2Fcheckout&_rsc=tXyZJ52UQVBCVsD3,403,Forbidden,226,567,32223
8799,Mon Sep 07 17:32:51 BDT 2026,Mon Sep 07 17:32:51 BDT 2026,GET,https://t-f-cl-test-003.vercel.app/admin?_rsc=YJWUTI47dtZDRk-k,403,Forbidden,226,567,32215
8800,Mon Sep 07 17:32:51 BDT 2026,Mon Sep 07 17:32:51 BDT 2026,GET,https://t-f-cl-test-003.vercel.app/admin/users?_rsc=vFuJmU9DmFn3kNLq,403,Forbidden,226,567,32216
8801,Mon Sep 07 17:32:51 BDT 2026,Mon Sep 07 17:32:51 BDT 2026,GET,https://t-f-cl-test-003.vercel.app/_next/static/immutable/media/special-elite-latin-400-normal.2mza6l9y4lmq8.woff2,403,Forbidden,224,567,32215
8802,Mon Sep 07 17:32:51 BDT 2026,Mon Sep 07 17:32:51 BDT 2026,GET,https://t-f-cl-test-003.vercel.app/products,403,Forbidden,238,567,32228
8803,Mon Sep 07 17:32:51 BDT 2026,Mon Sep 07 17:32:51 BDT 2026,GET,https://t-f-cl-test-003.vercel.app/_next/static/immutable/media/ibm-plex-mono-latin-500-normal.25_05y-blbp24.woff2,403,Forbidden,240,567,32215
8804,Mon Sep 07 17:32:51 BDT 2026,Mon Sep 07 17:32:51 BDT 2026,GET,https://t-f-cl-test-003.vercel.app/_next/static/immutable/chunks/3zgfykmm9lmvg.js,403,Forbidden,224,567,32214
8805,Mon Sep 07 17:32:51 BDT 2026,Mon Sep 07 17:32:51 BDT 2026,GET,https://t-f-cl-test-003.vercel.app/login?next=%2Fcheckout,403,Forbidden,244,567,32228
8817,Mon Sep 07 17:32:51 BDT 2026,Mon Sep 07 17:32:51 BDT 2026,GET,https://t-f-cl-test-003.vercel.app/checkout?_rsc=5CB68i4pnAekjehf,403,Forbidden,237,567,32211
8819,Mon Sep 07 17:32:51 BDT 2026,Mon Sep 07 17:32:51 BDT 2026,GET,https://t-f-cl-test-003.vercel.app/_next/static/immutable/media/ibm-plex-mono-latin-600-normal.04jv21_rdbjv3.woff2,403,Forbidden,241,567,32211
8821,Mon Sep 07 17:32:51 BDT 2026,Mon Sep 07 17:32:51 BDT 2026,GET,https://t-f-cl-test-003.vercel.app/_next/static/immutable/chunks/36s0t0o8ux5as.js,403,Forbidden,215,567,32211
8823,Mon Sep 07 17:32:51 BDT 2026,Mon Sep 07 17:32:51 BDT 2026,GET,https://t-f-cl-test-003.vercel.app/_next/static/immutable/media,403,Forbidden,223,567,32215
8824,Mon Sep 07 17:32:51 BDT 2026,Mon Sep 07 17:32:51 BDT 2026,GET,https://t-f-cl-test-003.vercel.app/favicon.ico?favicon.3fpu2ql9ns1a0.ico,403,Forbidden,162,567,32226
8827,Mon Sep 07 17:32:51 BDT 2026,Mon Sep 07 17:32:51 BDT 2026,GET,https://t-f-cl-test-003.vercel.app/admin/orders?_rsc=y79TYaD3d9aR5pdp,403,Forbidden,172,567,32228
8829,Mon Sep 07 17:32:51 BDT 2026,Mon Sep 07 17:32:51 BDT 2026,GET,https://t-f-cl-test-003.vercel.app/_next/static/immutable/chunks/3o3-pqfgq6cb5.css,403,Forbidden,184,567,32228
8831,Mon Sep 07 17:32:51 BDT 2026,Mon Sep 07 17:32:51 BDT 2026,GET,https://t-f-cl-test-003.vercel.app/admin,403,Forbidden,209,567,32214
8833,Mon Sep 07 17:32:51 BDT 2026,Mon Sep 07 17:32:51 BDT 2026,GET,https://t-f-cl-test-003.vercel.app/_next/static/immutable/media/ibm-plex-mono-latin-400-normal.19gbeb610ur4n.woff2,403,Forbidden,286,567,32214
8835,Mon Sep 07 17:32:51 BDT 2026,Mon Sep 07 17:32:51 BDT 2026,GET,https://t-f-cl-test-003.vercel.app/login?_rsc=tXyZJ52UQVBCVsD3,403,Forbidden,230,567,32215
8836,Mon Sep 07 17:32:51 BDT 2026,Mon Sep 07 17:32:51 BDT 2026,GET,https://t-f-cl-test-003.vercel.app/admin/products?_rsc=kIf7Ol7rB4d99lDw,403,Forbidden,230,567,32220
8839,Mon Sep 07 17:32:51 BDT 2026,Mon Sep 07 17:32:51 BDT 2026,GET,https://t-f-cl-test-003.vercel.app/_next/static/immutable/media/ibm-plex-mono-latin-500-normal.25_05y-blbp24.woff2,403,Forbidden,215,567,32210
8840,Mon Sep 07 17:32:51 BDT 2026,Mon Sep 07 17:32:51 BDT 2026,GET,https://t-f-cl-test-003.vercel.app/_next/static/immutable/media/special-elite-latin-400-normal.2mza6l9y4lmq8.woff2,403,Forbidden,217,567,32220
8842,Mon Sep 07 17:32:51 BDT 2026,Mon Sep 07 17:32:51 BDT 2026,GET,https://t-f-cl-test-003.vercel.app/_next/static/immutable/chunks/37xfmc44dlw-z.js,403,Forbidden,235,567,32216
8845,Mon Sep 07 17:32:51 BDT 2026,Mon Sep 07 17:32:51 BDT 2026,GET,https://t-f-cl-test-003.vercel.app/_next/static/immutable/media/ibm-plex-mono-latin-600-normal.04jv21_rdbjv3.woff2,403,Forbidden,203,567,32217
8846,Mon Sep 07 17:32:51 BDT 2026,Mon Sep 07 17:32:51 BDT 2026,GET,https://t-f-cl-test-003.vercel.app/_next/static/immutable/chunks/turbopack-3owek367tc1ue.js,403,Forbidden,276,567,32226
8847,Mon Sep 07 17:32:51 BDT 2026,Mon Sep 07 17:32:51 BDT 2026,GET,https://t-f-cl-test-003.vercel.app/admin?_rsc=YJWUTI47dtZDRk-k,403,Forbidden,216,567,32210
8848,Mon Sep 07 17:32:51 BDT 2026,Mon Sep 07 17:32:51 BDT 2026,GET,https://t-f-cl-test-003.vercel.app/login?next=%2Fcheckout,403,Forbidden,215,567,32217
8850,Mon Sep 07 17:32:51 BDT 2026,Mon Sep 07 17:32:51 BDT 2026,GET,https://t-f-cl-test-003.vercel.app/products,403,Forbidden,218,567,32215
8851,Mon Sep 07 17:32:51 BDT 2026,Mon Sep 07 17:32:51 BDT 2026,GET,https://t-f-cl-test-003.vercel.app/_next/static/immutable/chunks/3zgfykmm9lmvg.js,403,Forbidden,217,567,32226
8855,Mon Sep 07 17:32:51 BDT 2026,Mon Sep 07 17:32:51 BDT 2026,GET,https://t-f-cl-test-003.vercel.app/_next/static/immutable/chunks/31tcpybs-b989.js,403,Forbidden,216,567,32242
8859,Mon Sep 07 17:32:51 BDT 2026,Mon Sep 07 17:32:51 BDT 2026,GET,https://t-f-cl-test-003.vercel.app/_next/static/immutable/chunks/36s0t0o8ux5as.js,403,Forbidden,201,567,32210
8860,Mon Sep 07 17:32:51 BDT 2026,Mon Sep 07 17:32:51 BDT 2026,GET,https://t-f-cl-test-003.vercel.app/checkout?_rsc=5CB68i4pnAekjehf,403,Forbidden,224,567,32215
8861,Mon Sep 07 17:32:51 BDT 2026,Mon Sep 07 17:32:51 BDT 2026,GET,https://t-f-cl-test-003.vercel.app/_next/static/immutable/chunks/2v3cv0w2fww2x.js,403,Forbidden,229,567,32215
8862,Mon Sep 07 17:32:51 BDT 2026,Mon Sep 07 17:32:51 BDT 2026,GET,https://t-f-cl-test-003.vercel.app/admin/users?_rsc=vFuJmU9DmFn3kNLq,403,Forbidden,221,567,32216
8863,Mon Sep 07 17:32:51 BDT 2026,Mon Sep 07 17:32:51 BDT 2026,GET,https://t-f-cl-test-003.vercel.app/login?next=%2Fcheckout&_rsc=tXyZJ52UQVBCVsD3,403,Forbidden,218,567,32219
8869,Mon Sep 07 17:32:51 BDT 2026,Mon Sep 07 17:32:51 BDT 2026,GET,https://t-f-cl-test-003.vercel.app/favicon.ico?favicon.3fpu2ql9ns1a0.ico,403,Forbidden,193,567,32225
8871,Mon Sep 07 17:32:51 BDT 2026,Mon Sep 07 17:32:51 BDT 2026,GET,https://t-f-cl-test-003.vercel.app/_next/static/immutable/chunks/3o3-pqfgq6cb5.css,403,Forbidden,188,567,32226
8873,Mon Sep 07 17:32:51 BDT 2026,Mon Sep 07 17:32:51 BDT 2026,GET,https://t-f-cl-test-003.vercel.app/admin/orders?_rsc=y79TYaD3d9aR5pdp,403,Forbidden,209,567,32220
8875,Mon Sep 07 17:32:51 BDT 2026,Mon Sep 07 17:32:51 BDT 2026,GET,https://t-f-cl-test-003.vercel.app/_next/static/immutable/media/ibm-plex-mono-latin-500-normal.25_05y-blbp24.woff2,403,Forbidden,149,567,32210
8877,Mon Sep 07 17:32:51 BDT 2026,Mon Sep 07 17:32:51 BDT 2026,GET,https://t-f-cl-test-003.vercel.app/_next/static/immutable/media,403,Forbidden,232,567,32220
8879,Mon Sep 07 17:32:51 BDT 2026,Mon Sep 07 17:32:51 BDT 2026,GET,https://t-f-cl-test-003.vercel.app/admin?_rsc=YJWUTI47dtZDRk-k,403,Forbidden,185,567,32210
8880,Mon Sep 07 17:32:51 BDT 2026,Mon Sep 07 17:32:51 BDT 2026,GET,https://t-f-cl-test-003.vercel.app/_next/static/immutable/media/ibm-plex-mono-latin-400-normal.19gbeb610ur4n.woff2,403,Forbidden,197,567,32225
8883,Mon Sep 07 17:32:51 BDT 2026,Mon Sep 07 17:32:51 BDT 2026,GET,https://t-f-cl-test-003.vercel.app/admin/products?_rsc=kIf7Ol7rB4d99lDw,403,Forbidden,199,567,32226
8884,Mon Sep 07 17:32:51 BDT 2026,Mon Sep 07 17:32:51 BDT 2026,GET,https://t-f-cl-test-003.vercel.app/products/1?_rsc=tXyZJ52UQVBCVsD3,403,Forbidden,239,567,32225
8885,Mon Sep 07 17:32:51 BDT 2026,Mon Sep 07 17:32:51 BDT 2026,GET,https://t-f-cl-test-003.vercel.app/login?next=%2Fcheckout,403,Forbidden,199,567,32216
8886,Mon Sep 07 17:32:51 BDT 2026,Mon Sep 07 17:32:51 BDT 2026,GET,https://t-f-cl-test-003.vercel.app/_next/static/immutable/media/special-elite-latin-400-normal.2mza6l9y4lmq8.woff2,403,Forbidden,201,567,32216
8887,Mon Sep 07 17:32:51 BDT 2026,Mon Sep 07 17:32:51 BDT 2026,GET,https://t-f-cl-test-003.vercel.app/login?_rsc=tXyZJ52UQVBCVsD3,403,Forbidden,201,567,32215
8892,Mon Sep 07 17:32:51 BDT 2026,Mon Sep 07 17:32:52 BDT 2026,GET,https://t-f-cl-test-003.vercel.app/admin,403,Forbidden,227,567,32215
8895,Mon Sep 07 17:32:51 BDT 2026,Mon Sep 07 17:32:52 BDT 2026,GET,https://t-f-cl-test-003.vercel.app/products,403,Forbidden,206,567,32217
8896,Mon Sep 07 17:32:51 BDT 2026,Mon Sep 07 17:32:52 BDT 2026,GET,https://t-f-cl-test-003.vercel.app/_next/static/immutable/chunks/37xfmc44dlw-z.js,403,Forbidden,208,567,32216
8897,Mon Sep 07 17:32:51 BDT 2026,Mon Sep 07 17:32:52 BDT 2026,GET,https://t-f-cl-test-003.vercel.app/_next/static/immutable/chunks/turbopack-3owek367tc1ue.js,403,Forbidden,181,567,32214
8899,Mon Sep 07 17:32:51 BDT 2026,Mon Sep 07 17:32:52 BDT 2026,GET,https://t-f-cl-test-003.vercel.app/_next/static/immutable/chunks/3zgfykmm9lmvg.js,403,Forbidden,180,567,32217
8903,Mon Sep 07 17:32:51 BDT 2026,Mon Sep 07 17:32:52 BDT 2026,GET,https://t-f-cl-test-003.vercel.app/_next/static/immutable/chunks/2v3cv0w2fww2x.js,403,Forbidden,180,567,32215
8905,Mon Sep 07 17:32:51 BDT 2026,Mon Sep 07 17:32:52 BDT 2026,GET,https://t-f-cl-test-003.vercel.app/_next/static/immutable/media/ibm-plex-mono-latin-600-normal.04jv21_rdbjv3.woff2,403,Forbidden,219,567,32216
8906,Mon Sep 07 17:32:51 BDT 2026,Mon Sep 07 17:32:52 BDT 2026,GET,https://t-f-cl-test-003.vercel.app/login?next=%2Fcheckout&_rsc=tXyZJ52UQVBCVsD3,403,Forbidden,188,567,32214
8907,Mon Sep 07 17:32:51 BDT 2026,Mon Sep 07 17:32:52 BDT 2026,GET,https://t-f-cl-test-003.vercel.app/checkout?_rsc=5CB68i4pnAekjehf,403,Forbidden,187,567,32217
8911,Mon Sep 07 17:32:51 BDT 2026,Mon Sep 07 17:32:52 BDT 2026,GET,https://t-f-cl-test-003.vercel.app/admin/users?_rsc=vFuJmU9DmFn3kNLq,403,Forbidden,200,567,32211
8913,Mon Sep 07 17:32:51 BDT 2026,Mon Sep 07 17:32:52 BDT 2026,GET,https://t-f-cl-test-003.vercel.app/_next/static/immutable/media/ibm-plex-mono-latin-500-normal.25_05y-blbp24.woff2,403,Forbidden,207,567,32215
8915,Mon Sep 07 17:32:51 BDT 2026,Mon Sep 07 17:32:52 BDT 2026,GET,https://t-f-cl-test-003.vercel.app/products/2?_rsc=tXyZJ52UQVBCVsD3,403,Forbidden,223,567,32215
8917,Mon Sep 07 17:32:51 BDT 2026,Mon Sep 07 17:32:52 BDT 2026,GET,https://t-f-cl-test-003.vercel.app/_next/static/immutable/media/ibm-plex-mono-latin-400-normal.19gbeb610ur4n.woff2,403,Forbidden,208,567,32220
8919,Mon Sep 07 17:32:51 BDT 2026,Mon Sep 07 17:32:52 BDT 2026,GET,https://t-f-cl-test-003.vercel.app/favicon.ico?favicon.3fpu2ql9ns1a0.ico,403,Forbidden,258,567,32210
8921,Mon Sep 07 17:32:51 BDT 2026,Mon Sep 07 17:32:52 BDT 2026,GET,https://t-f-cl-test-003.vercel.app/_next/static/immutable/media,403,Forbidden,235,567,32230
8922,Mon Sep 07 17:32:51 BDT 2026,Mon Sep 07 17:32:52 BDT 2026,GET,https://t-f-cl-test-003.vercel.app/products/3?_rsc=tXyZJ52UQVBCVsD3,403,Forbidden,240,567,32217
8923,Mon Sep 07 17:32:51 BDT 2026,Mon Sep 07 17:32:52 BDT 2026,GET,https://t-f-cl-test-003.vercel.app/admin/orders?_rsc=y79TYaD3d9aR5pdp,403,Forbidden,259,567,32221
8925,Mon Sep 07 17:32:51 BDT 2026,Mon Sep 07 17:32:52 BDT 2026,GET,https://t-f-cl-test-003.vercel.app/admin?_rsc=YJWUTI47dtZDRk-k,403,Forbidden,219,567,32225
8927,Mon Sep 07 17:32:51 BDT 2026,Mon Sep 07 17:32:52 BDT 2026,GET,https://t-f-cl-test-003.vercel.app/products/10?_rsc=tXyZJ52UQVBCVsD3,403,Forbidden,241,567,32210
8929,Mon Sep 07 17:32:52 BDT 2026,Mon Sep 07 17:32:52 BDT 2026,GET,https://t-f-cl-test-003.vercel.app/login?_rsc=tXyZJ52UQVBCVsD3,403,Forbidden,208,567,32217
8933,Mon Sep 07 17:32:52 BDT 2026,Mon Sep 07 17:32:52 BDT 2026,GET,https://t-f-cl-test-003.vercel.app/products,403,Forbidden,206,567,32219
8934,Mon Sep 07 17:32:52 BDT 2026,Mon Sep 07 17:32:52 BDT 2026,GET,https://t-f-cl-test-003.vercel.app/login?next=%2Fcheckout&_rsc=tXyZJ52UQVBCVsD3,403,Forbidden,192,567,32214
8935,Mon Sep 07 17:32:52 BDT 2026,Mon Sep 07 17:32:52 BDT 2026,GET,https://t-f-cl-test-003.vercel.app/_next/static/immutable/media/special-elite-latin-400-normal.2mza6l9y4lmq8.woff2,403,Forbidden,213,567,32215
8938,Mon Sep 07 17:32:52 BDT 2026,Mon Sep 07 17:32:52 BDT 2026,GET,https://t-f-cl-test-003.vercel.app/admin/products?_rsc=kIf7Ol7rB4d99lDw,403,Forbidden,213,567,32214
8939,Mon Sep 07 17:32:52 BDT 2026,Mon Sep 07 17:32:52 BDT 2026,GET,https://t-f-cl-test-003.vercel.app/products/1?_rsc=tXyZJ52UQVBCVsD3,403,Forbidden,216,567,32216
8940,Mon Sep 07 17:32:52 BDT 2026,Mon Sep 07 17:32:52 BDT 2026,GET,https://t-f-cl-test-003.vercel.app/login?next=%2Fcheckout,403,Forbidden,214,567,32226
8945,Mon Sep 07 17:32:52 BDT 2026,Mon Sep 07 17:32:52 BDT 2026,GET,https://t-f-cl-test-003.vercel.app/checkout?_rsc=5CB68i4pnAekjehf,403,Forbidden,204,567,32211
8947,Mon Sep 07 17:32:52 BDT 2026,Mon Sep 07 17:32:52 BDT 2026,GET,https://t-f-cl-test-003.vercel.app/admin/users?_rsc=vFuJmU9DmFn3kNLq,403,Forbidden,207,567,32215
8949,Mon Sep 07 17:32:52 BDT 2026,Mon Sep 07 17:32:52 BDT 2026,GET,https://t-f-cl-test-003.vercel.app/products/4?_rsc=tXyZJ52UQVBCVsD3,403,Forbidden,196,567,32223
8951,Mon Sep 07 17:32:52 BDT 2026,Mon Sep 07 17:32:52 BDT 2026,GET,https://t-f-cl-test-003.vercel.app/products/858?_rsc=tXyZJ52UQVBCVsD3,403,Forbidden,198,567,32226
8953,Mon Sep 07 17:32:52 BDT 2026,Mon Sep 07 17:32:52 BDT 2026,GET,https://t-f-cl-test-003.vercel.app/products/2?_rsc=tXyZJ52UQVBCVsD3,403,Forbidden,204,567,32230
8955,Mon Sep 07 17:32:52 BDT 2026,Mon Sep 07 17:32:52 BDT 2026,GET,https://t-f-cl-test-003.vercel.app/products/8?_rsc=tXyZJ52UQVBCVsD3,403,Forbidden,241,567,32230
8956,Mon Sep 07 17:32:52 BDT 2026,Mon Sep 07 17:32:52 BDT 2026,GET,https://t-f-cl-test-003.vercel.app/products/5?_rsc=tXyZJ52UQVBCVsD3,403,Forbidden,242,567,32214
8959,Mon Sep 07 17:32:52 BDT 2026,Mon Sep 07 17:32:52 BDT 2026,GET,https://t-f-cl-test-003.vercel.app/favicon.ico?favicon.3fpu2ql9ns1a0.ico,403,Forbidden,208,567,32210
8961,Mon Sep 07 17:32:52 BDT 2026,Mon Sep 07 17:32:52 BDT 2026,GET,https://t-f-cl-test-003.vercel.app/products/7?_rsc=tXyZJ52UQVBCVsD3,403,Forbidden,249,567,32215
8963,Mon Sep 07 17:32:52 BDT 2026,Mon Sep 07 17:32:52 BDT 2026,GET,https://t-f-cl-test-003.vercel.app/products,403,Forbidden,207,567,32215
8965,Mon Sep 07 17:32:52 BDT 2026,Mon Sep 07 17:32:52 BDT 2026,GET,https://t-f-cl-test-003.vercel.app/products/6?_rsc=tXyZJ52UQVBCVsD3,403,Forbidden,258,567,32216
8966,Mon Sep 07 17:32:52 BDT 2026,Mon Sep 07 17:32:52 BDT 2026,GET,https://t-f-cl-test-003.vercel.app/login?next=%2Fcheckout&_rsc=tXyZJ52UQVBCVsD3,403,Forbidden,207,567,32215
8967,Mon Sep 07 17:32:52 BDT 2026,Mon Sep 07 17:32:52 BDT 2026,GET,https://t-f-cl-test-003.vercel.app/products/10?_rsc=tXyZJ52UQVBCVsD3,403,Forbidden,211,567,32223
8969,Mon Sep 07 17:32:52 BDT 2026,Mon Sep 07 17:32:52 BDT 2026,GET,https://t-f-cl-test-003.vercel.app/admin?_rsc=YJWUTI47dtZDRk-k,403,Forbidden,212,567,32210
8970,Mon Sep 07 17:32:52 BDT 2026,Mon Sep 07 17:32:52 BDT 2026,GET,https://t-f-cl-test-003.vercel.app/login?_rsc=tXyZJ52UQVBCVsD3,403,Forbidden,212,567,32219
8974,Mon Sep 07 17:32:52 BDT 2026,Mon Sep 07 17:32:52 BDT 2026,GET,https://t-f-cl-test-003.vercel.app/products/1?_rsc=tXyZJ52UQVBCVsD3,403,Forbidden,206,567,32216
8976,Mon Sep 07 17:32:52 BDT 2026,Mon Sep 07 17:32:52 BDT 2026,GET,https://t-f-cl-test-003.vercel.app/login?next=%2Fcheckout,403,Forbidden,205,567,32215
8977,Mon Sep 07 17:32:52 BDT 2026,Mon Sep 07 17:32:52 BDT 2026,GET,https://t-f-cl-test-003.vercel.app/admin/orders?_rsc=y79TYaD3d9aR5pdp,403,Forbidden,212,567,32211
8978,Mon Sep 07 17:32:52 BDT 2026,Mon Sep 07 17:32:52 BDT 2026,GET,https://t-f-cl-test-003.vercel.app/products/3?_rsc=tXyZJ52UQVBCVsD3,403,Forbidden,213,567,32210
8979,Mon Sep 07 17:32:52 BDT 2026,Mon Sep 07 17:32:52 BDT 2026,GET,https://t-f-cl-test-003.vercel.app/admin/products?_rsc=kIf7Ol7rB4d99lDw,403,Forbidden,212,567,32214
8983,Mon Sep 07 17:32:52 BDT 2026,Mon Sep 07 17:32:52 BDT 2026,GET,https://t-f-cl-test-003.vercel.app/checkout?_rsc=5CB68i4pnAekjehf,403,Forbidden,209,567,32219
8987,Mon Sep 07 17:32:52 BDT 2026,Mon Sep 07 17:32:52 BDT 2026,GET,https://t-f-cl-test-003.vercel.app/admin/users?_rsc=vFuJmU9DmFn3kNLq,403,Forbidden,201,567,32215
8989,Mon Sep 07 17:32:52 BDT 2026,Mon Sep 07 17:32:52 BDT 2026,GET,https://t-f-cl-test-003.vercel.app/products,403,Forbidden,160,567,32211
8991,Mon Sep 07 17:32:52 BDT 2026,Mon Sep 07 17:32:52 BDT 2026,GET,https://t-f-cl-test-003.vercel.app/products/8?_rsc=tXyZJ52UQVBCVsD3,403,Forbidden,174,567,32214
8993,Mon Sep 07 17:32:52 BDT 2026,Mon Sep 07 17:32:52 BDT 2026,GET,https://t-f-cl-test-003.vercel.app/products/9?_rsc=tXyZJ52UQVBCVsD3,403,Forbidden,238,567,32216
8995,Mon Sep 07 17:32:52 BDT 2026,Mon Sep 07 17:32:52 BDT 2026,GET,https://t-f-cl-test-003.vercel.app/login?next=%2Fcheckout&_rsc=tXyZJ52UQVBCVsD3,403,Forbidden,200,567,32211
8997,Mon Sep 07 17:32:52 BDT 2026,Mon Sep 07 17:32:52 BDT 2026,GET,https://t-f-cl-test-003.vercel.app/admin/products?_rsc=kIf7Ol7rB4d99lDw,403,Forbidden,196,567,32219
8998,Mon Sep 07 17:32:52 BDT 2026,Mon Sep 07 17:32:52 BDT 2026,GET,https://t-f-cl-test-003.vercel.app/products/5?_rsc=tXyZJ52UQVBCVsD3,403,Forbidden,219,567,32226
9001,Mon Sep 07 17:32:52 BDT 2026,Mon Sep 07 17:32:52 BDT 2026,GET,https://t-f-cl-test-003.vercel.app/products/2?_rsc=tXyZJ52UQVBCVsD3,403,Forbidden,244,567,32217
9002,Mon Sep 07 17:32:52 BDT 2026,Mon Sep 07 17:32:52 BDT 2026,GET,https://t-f-cl-test-003.vercel.app/products/4?_rsc=tXyZJ52UQVBCVsD3,403,Forbidden,264,567,32223
9004,Mon Sep 07 17:32:52 BDT 2026,Mon Sep 07 17:32:52 BDT 2026,GET,https://t-f-cl-test-003.vercel.app/products/858?_rsc=tXyZJ52UQVBCVsD3,403,Forbidden,266,567,32220
9006,Mon Sep 07 17:32:52 BDT 2026,Mon Sep 07 17:32:52 BDT 2026,GET,https://t-f-cl-test-003.vercel.app/checkout?_rsc=5CB68i4pnAekjehf,403,Forbidden,209,567,32215
9007,Mon Sep 07 17:32:52 BDT 2026,Mon Sep 07 17:32:52 BDT 2026,GET,https://t-f-cl-test-003.vercel.app/login?_rsc=tXyZJ52UQVBCVsD3,403,Forbidden,216,567,32215
9009,Mon Sep 07 17:32:52 BDT 2026,Mon Sep 07 17:32:52 BDT 2026,GET,https://t-f-cl-test-003.vercel.app/products/7?_rsc=tXyZJ52UQVBCVsD3,403,Forbidden,221,567,32225
9010,Mon Sep 07 17:32:52 BDT 2026,Mon Sep 07 17:32:52 BDT 2026,GET,https://t-f-cl-test-003.vercel.app/admin/users?_rsc=vFuJmU9DmFn3kNLq,403,Forbidden,205,567,32225
9013,Mon Sep 07 17:32:52 BDT 2026,Mon Sep 07 17:32:52 BDT 2026,GET,https://t-f-cl-test-003.vercel.app/favicon.ico?favicon.3fpu2ql9ns1a0.ico,403,Forbidden,233,567,32221
9014,Mon Sep 07 17:32:52 BDT 2026,Mon Sep 07 17:32:52 BDT 2026,GET,https://t-f-cl-test-003.vercel.app/products/10?_rsc=tXyZJ52UQVBCVsD3,403,Forbidden,217,567,32220
9016,Mon Sep 07 17:32:52 BDT 2026,Mon Sep 07 17:32:52 BDT 2026,GET,https://t-f-cl-test-003.vercel.app/products/1?_rsc=tXyZJ52UQVBCVsD3,403,Forbidden,209,567,32225
9017,Mon Sep 07 17:32:52 BDT 2026,Mon Sep 07 17:32:52 BDT 2026,GET,https://t-f-cl-test-003.vercel.app/admin?_rsc=YJWUTI47dtZDRk-k,403,Forbidden,216,567,32226
9018,Mon Sep 07 17:32:52 BDT 2026,Mon Sep 07 17:32:52 BDT 2026,GET,https://t-f-cl-test-003.vercel.app/products/6?_rsc=tXyZJ52UQVBCVsD3,403,Forbidden,216,567,32215
9025,Mon Sep 07 17:32:52 BDT 2026,Mon Sep 07 17:32:52 BDT 2026,GET,https://t-f-cl-test-003.vercel.app/login?next=%2Fcheckout,403,Forbidden,215,567,32225
9027,Mon Sep 07 17:32:52 BDT 2026,Mon Sep 07 17:32:52 BDT 2026,GET,https://t-f-cl-test-003.vercel.app/products/3?_rsc=tXyZJ52UQVBCVsD3,403,Forbidden,223,567,32214
9029,Mon Sep 07 17:32:52 BDT 2026,Mon Sep 07 17:32:52 BDT 2026,GET,https://t-f-cl-test-003.vercel.app/products/9?_rsc=tXyZJ52UQVBCVsD3,403,Forbidden,166,567,32214
9031,Mon Sep 07 17:32:52 BDT 2026,Mon Sep 07 17:32:52 BDT 2026,GET,https://t-f-cl-test-003.vercel.app/products,403,Forbidden,185,567,32226
9033,Mon Sep 07 17:32:52 BDT 2026,Mon Sep 07 17:32:52 BDT 2026,GET,https://t-f-cl-test-003.vercel.app/products/858?_rsc=tXyZJ52UQVBCVsD3,403,Forbidden,161,567,32215
9035,Mon Sep 07 17:32:52 BDT 2026,Mon Sep 07 17:32:52 BDT 2026,GET,https://t-f-cl-test-003.vercel.app/login?next=%2Fcheckout&_rsc=tXyZJ52UQVBCVsD3,403,Forbidden,187,567,32225
9037,Mon Sep 07 17:32:52 BDT 2026,Mon Sep 07 17:32:52 BDT 2026,GET,https://t-f-cl-test-003.vercel.app/products/2?_rsc=tXyZJ52UQVBCVsD3,403,Forbidden,174,567,32226
9039,Mon Sep 07 17:32:52 BDT 2026,Mon Sep 07 17:32:52 BDT 2026,GET,https://t-f-cl-test-003.vercel.app/products/8?_rsc=tXyZJ52UQVBCVsD3,403,Forbidden,226,567,32220
9041,Mon Sep 07 17:32:52 BDT 2026,Mon Sep 07 17:32:52 BDT 2026,GET,https://t-f-cl-test-003.vercel.app/products/1?_rsc=tXyZJ52UQVBCVsD3,403,Forbidden,179,567,32211
9043,Mon Sep 07 17:32:52 BDT 2026,Mon Sep 07 17:32:52 BDT 2026,GET,https://t-f-cl-test-003.vercel.app/login?next=%2Fcheckout,403,Forbidden,179,567,32220
9044,Mon Sep 07 17:32:52 BDT 2026,Mon Sep 07 17:32:52 BDT 2026,GET,https://t-f-cl-test-003.vercel.app/products/10?_rsc=tXyZJ52UQVBCVsD3,403,Forbidden,179,567,32210
9046,Mon Sep 07 17:32:52 BDT 2026,Mon Sep 07 17:32:52 BDT 2026,GET,https://t-f-cl-test-003.vercel.app/products/6?_rsc=tXyZJ52UQVBCVsD3,403,Forbidden,181,567,32215
9047,Mon Sep 07 17:32:52 BDT 2026,Mon Sep 07 17:32:52 BDT 2026,GET,https://t-f-cl-test-003.vercel.app/products/4?_rsc=tXyZJ52UQVBCVsD3,403,Forbidden,183,567,32215
9051,Mon Sep 07 17:32:52 BDT 2026,Mon Sep 07 17:32:52 BDT 2026,GET,https://t-f-cl-test-003.vercel.app/products/3?_rsc=tXyZJ52UQVBCVsD3,403,Forbidden,183,567,32211
9052,Mon Sep 07 17:32:52 BDT 2026,Mon Sep 07 17:32:52 BDT 2026,GET,https://t-f-cl-test-003.vercel.app/products/5?_rsc=tXyZJ52UQVBCVsD3,403,Forbidden,204,567,32215
9053,Mon Sep 07 17:32:52 BDT 2026,Mon Sep 07 17:32:52 BDT 2026,GET,https://t-f-cl-test-003.vercel.app/products/7?_rsc=tXyZJ52UQVBCVsD3,403,Forbidden,195,567,32226
9057,Mon Sep 07 17:32:52 BDT 2026,Mon Sep 07 17:32:52 BDT 2026,GET,https://t-f-cl-test-003.vercel.app/products,403,Forbidden,167,567,32216
9059,Mon Sep 07 17:32:52 BDT 2026,Mon Sep 07 17:32:52 BDT 2026,GET,https://t-f-cl-test-003.vercel.app/products/9?_rsc=tXyZJ52UQVBCVsD3,403,Forbidden,189,567,32210
9061,Mon Sep 07 17:32:52 BDT 2026,Mon Sep 07 17:32:52 BDT 2026,GET,https://t-f-cl-test-003.vercel.app/products/858?_rsc=tXyZJ52UQVBCVsD3,403,Forbidden,171,567,32219
9063,Mon Sep 07 17:32:52 BDT 2026,Mon Sep 07 17:32:53 BDT 2026,GET,https://t-f-cl-test-003.vercel.app/products/6?_rsc=tXyZJ52UQVBCVsD3,403,Forbidden,169,567,32228
9065,Mon Sep 07 17:32:52 BDT 2026,Mon Sep 07 17:32:53 BDT 2026,GET,https://t-f-cl-test-003.vercel.app/products/8?_rsc=tXyZJ52UQVBCVsD3,403,Forbidden,185,567,32215
9067,Mon Sep 07 17:32:52 BDT 2026,Mon Sep 07 17:32:53 BDT 2026,GET,https://t-f-cl-test-003.vercel.app/products/2?_rsc=tXyZJ52UQVBCVsD3,403,Forbidden,187,567,32210
9068,Mon Sep 07 17:32:52 BDT 2026,Mon Sep 07 17:32:53 BDT 2026,GET,https://t-f-cl-test-003.vercel.app/products/4?_rsc=tXyZJ52UQVBCVsD3,403,Forbidden,177,567,32226
9071,Mon Sep 07 17:32:52 BDT 2026,Mon Sep 07 17:32:53 BDT 2026,GET,https://t-f-cl-test-003.vercel.app/products/3?_rsc=tXyZJ52UQVBCVsD3,403,Forbidden,172,567,32214
9073,Mon Sep 07 17:32:52 BDT 2026,Mon Sep 07 17:32:53 BDT 2026,GET,https://t-f-cl-test-003.vercel.app/products/1?_rsc=tXyZJ52UQVBCVsD3,403,Forbidden,194,567,32214
9074,Mon Sep 07 17:32:52 BDT 2026,Mon Sep 07 17:32:53 BDT 2026,GET,https://t-f-cl-test-003.vercel.app/products/10?_rsc=tXyZJ52UQVBCVsD3,403,Forbidden,183,567,32217
9077,Mon Sep 07 17:32:52 BDT 2026,Mon Sep 07 17:32:53 BDT 2026,GET,https://t-f-cl-test-003.vercel.app/products/5?_rsc=tXyZJ52UQVBCVsD3,403,Forbidden,180,567,32216
9079,Mon Sep 07 17:32:52 BDT 2026,Mon Sep 07 17:32:53 BDT 2026,GET,https://t-f-cl-test-003.vercel.app/products/7?_rsc=tXyZJ52UQVBCVsD3,403,Forbidden,175,567,32216
9081,Mon Sep 07 17:32:53 BDT 2026,Mon Sep 07 17:32:53 BDT 2026,GET,https://t-f-cl-test-003.vercel.app/products/6?_rsc=tXyZJ52UQVBCVsD3,403,Forbidden,139,567,32226
9083,Mon Sep 07 17:32:52 BDT 2026,Mon Sep 07 17:32:53 BDT 2026,GET,https://t-f-cl-test-003.vercel.app/products/858?_rsc=tXyZJ52UQVBCVsD3,403,Forbidden,177,567,32217
9085,Mon Sep 07 17:32:52 BDT 2026,Mon Sep 07 17:32:53 BDT 2026,GET,https://t-f-cl-test-003.vercel.app/products/9?_rsc=tXyZJ52UQVBCVsD3,403,Forbidden,191,567,32225
9087,Mon Sep 07 17:32:53 BDT 2026,Mon Sep 07 17:32:53 BDT 2026,GET,https://t-f-cl-test-003.vercel.app/products/7?_rsc=tXyZJ52UQVBCVsD3,403,Forbidden,164,567,32217
9089,Mon Sep 07 17:32:53 BDT 2026,Mon Sep 07 17:32:53 BDT 2026,GET,https://t-f-cl-test-003.vercel.app/products/4?_rsc=tXyZJ52UQVBCVsD3,403,Forbidden,190,567,32215
9090,Mon Sep 07 17:32:53 BDT 2026,Mon Sep 07 17:32:53 BDT 2026,GET,https://t-f-cl-test-003.vercel.app/products/2?_rsc=tXyZJ52UQVBCVsD3,403,Forbidden,192,567,32219
9091,Mon Sep 07 17:32:53 BDT 2026,Mon Sep 07 17:32:53 BDT 2026,GET,https://t-f-cl-test-003.vercel.app/products/5?_rsc=tXyZJ52UQVBCVsD3,403,Forbidden,181,567,32223
9094,Mon Sep 07 17:32:53 BDT 2026,Mon Sep 07 17:32:53 BDT 2026,GET,https://t-f-cl-test-003.vercel.app/products/1?_rsc=tXyZJ52UQVBCVsD3,403,Forbidden,190,567,32217
9097,Mon Sep 07 17:32:53 BDT 2026,Mon Sep 07 17:32:53 BDT 2026,GET,https://t-f-cl-test-003.vercel.app/products/3?_rsc=tXyZJ52UQVBCVsD3,403,Forbidden,196,567,32226
9099,Mon Sep 07 17:32:53 BDT 2026,Mon Sep 07 17:32:53 BDT 2026,GET,https://t-f-cl-test-003.vercel.app/products/8?_rsc=tXyZJ52UQVBCVsD3,403,Forbidden,202,567,32210
9101,Mon Sep 07 17:32:53 BDT 2026,Mon Sep 07 17:32:53 BDT 2026,GET,https://t-f-cl-test-003.vercel.app/products/10?_rsc=tXyZJ52UQVBCVsD3,403,Forbidden,202,567,32220
9103,Mon Sep 07 17:32:53 BDT 2026,Mon Sep 07 17:32:53 BDT 2026,GET,https://t-f-cl-test-003.vercel.app/products/9?_rsc=tXyZJ52UQVBCVsD3,403,Forbidden,171,567,32223
9105,Mon Sep 07 17:32:53 BDT 2026,Mon Sep 07 17:32:53 BDT 2026,GET,https://t-f-cl-test-003.vercel.app/products/858?_rsc=tXyZJ52UQVBCVsD3,403,Forbidden,174,567,32210
9107,Mon Sep 07 17:32:53 BDT 2026,Mon Sep 07 17:32:53 BDT 2026,GET,https://t-f-cl-test-003.vercel.app/products/6?_rsc=tXyZJ52UQVBCVsD3,403,Forbidden,189,567,32223
9109,Mon Sep 07 17:32:53 BDT 2026,Mon Sep 07 17:32:53 BDT 2026,GET,https://t-f-cl-test-003.vercel.app/products/7?_rsc=tXyZJ52UQVBCVsD3,403,Forbidden,165,567,32230
9111,Mon Sep 07 17:32:53 BDT 2026,Mon Sep 07 17:32:53 BDT 2026,GET,https://t-f-cl-test-003.vercel.app/products/4?_rsc=tXyZJ52UQVBCVsD3,403,Forbidden,155,567,32214
9113,Mon Sep 07 17:32:53 BDT 2026,Mon Sep 07 17:32:53 BDT 2026,GET,https://t-f-cl-test-003.vercel.app/products/2?_rsc=tXyZJ52UQVBCVsD3,403,Forbidden,185,567,32226
9115,Mon Sep 07 17:32:53 BDT 2026,Mon Sep 07 17:32:53 BDT 2026,GET,https://t-f-cl-test-003.vercel.app/products/8?_rsc=tXyZJ52UQVBCVsD3,403,Forbidden,177,567,32217
9117,Mon Sep 07 17:32:53 BDT 2026,Mon Sep 07 17:32:53 BDT 2026,GET,https://t-f-cl-test-003.vercel.app/products/5?_rsc=tXyZJ52UQVBCVsD3,403,Forbidden,196,567,32216
9119,Mon Sep 07 17:32:53 BDT 2026,Mon Sep 07 17:32:53 BDT 2026,GET,https://t-f-cl-test-003.vercel.app/products/1?_rsc=tXyZJ52UQVBCVsD3,403,Forbidden,199,567,32228
9120,Mon Sep 07 17:32:53 BDT 2026,Mon Sep 07 17:32:53 BDT 2026,GET,https://t-f-cl-test-003.vercel.app/products/3?_rsc=tXyZJ52UQVBCVsD3,403,Forbidden,188,567,32211
9123,Mon Sep 07 17:32:53 BDT 2026,Mon Sep 07 17:32:53 BDT 2026,GET,https://t-f-cl-test-003.vercel.app/products/10?_rsc=tXyZJ52UQVBCVsD3,403,Forbidden,192,567,32210
9125,Mon Sep 07 17:32:53 BDT 2026,Mon Sep 07 17:32:53 BDT 2026,GET,https://t-f-cl-test-003.vercel.app/products/9?_rsc=tXyZJ52UQVBCVsD3,403,Forbidden,162,567,32214
9127,Mon Sep 07 17:32:53 BDT 2026,Mon Sep 07 17:32:53 BDT 2026,GET,https://t-f-cl-test-003.vercel.app/products/6?_rsc=tXyZJ52UQVBCVsD3,403,Forbidden,165,567,32214
9129,Mon Sep 07 17:32:53 BDT 2026,Mon Sep 07 17:32:53 BDT 2026,GET,https://t-f-cl-test-003.vercel.app/products/858?_rsc=tXyZJ52UQVBCVsD3,403,Forbidden,165,567,32219
9131,Mon Sep 07 17:32:53 BDT 2026,Mon Sep 07 17:32:53 BDT 2026,GET,https://t-f-cl-test-003.vercel.app/products/7?_rsc=tXyZJ52UQVBCVsD3,403,Forbidden,180,567,32215
9133,Mon Sep 07 17:32:53 BDT 2026,Mon Sep 07 17:32:53 BDT 2026,GET,https://t-f-cl-test-003.vercel.app/products/4?_rsc=tXyZJ52UQVBCVsD3,403,Forbidden,197,567,32214
9134,Mon Sep 07 17:32:53 BDT 2026,Mon Sep 07 17:32:53 BDT 2026,GET,https://t-f-cl-test-003.vercel.app/products/8?_rsc=tXyZJ52UQVBCVsD3,403,Forbidden,176,567,32220
9135,Mon Sep 07 17:32:53 BDT 2026,Mon Sep 07 17:32:53 BDT 2026,GET,https://t-f-cl-test-003.vercel.app/products/10?_rsc=tXyZJ52UQVBCVsD3,403,Forbidden,156,567,32225
9137,Mon Sep 07 17:32:53 BDT 2026,Mon Sep 07 17:32:53 BDT 2026,GET,https://t-f-cl-test-003.vercel.app/products/1?_rsc=tXyZJ52UQVBCVsD3,403,Forbidden,156,567,32210
9141,Mon Sep 07 17:32:53 BDT 2026,Mon Sep 07 17:32:53 BDT 2026,GET,https://t-f-cl-test-003.vercel.app/products/5?_rsc=tXyZJ52UQVBCVsD3,403,Forbidden,164,567,32211
9143,Mon Sep 07 17:32:53 BDT 2026,Mon Sep 07 17:32:53 BDT 2026,GET,https://t-f-cl-test-003.vercel.app/products/3?_rsc=tXyZJ52UQVBCVsD3,403,Forbidden,173,567,32215
9144,Mon Sep 07 17:32:53 BDT 2026,Mon Sep 07 17:32:53 BDT 2026,GET,https://t-f-cl-test-003.vercel.app/products/2?_rsc=tXyZJ52UQVBCVsD3,403,Forbidden,193,567,32210
9147,Mon Sep 07 17:32:53 BDT 2026,Mon Sep 07 17:32:53 BDT 2026,GET,https://t-f-cl-test-003.vercel.app/products/9?_rsc=tXyZJ52UQVBCVsD3,403,Forbidden,153,567,32223
9149,Mon Sep 07 17:32:53 BDT 2026,Mon Sep 07 17:32:53 BDT 2026,GET,https://t-f-cl-test-003.vercel.app/products/6?_rsc=tXyZJ52UQVBCVsD3,403,Forbidden,173,567,32226
9151,Mon Sep 07 17:32:53 BDT 2026,Mon Sep 07 17:32:53 BDT 2026,GET,https://t-f-cl-test-003.vercel.app/products/858?_rsc=tXyZJ52UQVBCVsD3,403,Forbidden,192,567,32216
9153,Mon Sep 07 17:32:53 BDT 2026,Mon Sep 07 17:32:53 BDT 2026,GET,https://t-f-cl-test-003.vercel.app/products/7?_rsc=tXyZJ52UQVBCVsD3,403,Forbidden,195,567,32217
9154,Mon Sep 07 17:32:53 BDT 2026,Mon Sep 07 17:32:53 BDT 2026,GET,https://t-f-cl-test-003.vercel.app/products/10?_rsc=tXyZJ52UQVBCVsD3,403,Forbidden,167,567,32230
9157,Mon Sep 07 17:32:53 BDT 2026,Mon Sep 07 17:32:53 BDT 2026,GET,https://t-f-cl-test-003.vercel.app/products/4?_rsc=tXyZJ52UQVBCVsD3,403,Forbidden,176,567,32214
9159,Mon Sep 07 17:32:53 BDT 2026,Mon Sep 07 17:32:53 BDT 2026,GET,https://t-f-cl-test-003.vercel.app/products/8?_rsc=tXyZJ52UQVBCVsD3,403,Forbidden,180,567,32215
9161,Mon Sep 07 17:32:53 BDT 2026,Mon Sep 07 17:32:53 BDT 2026,GET,https://t-f-cl-test-003.vercel.app/products/1?_rsc=tXyZJ52UQVBCVsD3,403,Forbidden,182,567,32211
9163,Mon Sep 07 17:32:53 BDT 2026,Mon Sep 07 17:32:53 BDT 2026,GET,https://t-f-cl-test-003.vercel.app/products/5?_rsc=tXyZJ52UQVBCVsD3,403,Forbidden,172,567,32215
9165,Mon Sep 07 17:32:53 BDT 2026,Mon Sep 07 17:32:53 BDT 2026,GET,https://t-f-cl-test-003.vercel.app/products/3?_rsc=tXyZJ52UQVBCVsD3,403,Forbidden,167,567,32221
9167,Mon Sep 07 17:32:53 BDT 2026,Mon Sep 07 17:32:53 BDT 2026,GET,https://t-f-cl-test-003.vercel.app/products/2?_rsc=tXyZJ52UQVBCVsD3,403,Forbidden,174,567,32220
9169,Mon Sep 07 17:32:53 BDT 2026,Mon Sep 07 17:32:53 BDT 2026,GET,https://t-f-cl-test-003.vercel.app/products/9?_rsc=tXyZJ52UQVBCVsD3,403,Forbidden,163,567,32215
9171,Mon Sep 07 17:32:53 BDT 2026,Mon Sep 07 17:32:53 BDT 2026,GET,https://t-f-cl-test-003.vercel.app/products/7?_rsc=tXyZJ52UQVBCVsD3,403,Forbidden,149,567,32215
9173,Mon Sep 07 17:32:53 BDT 2026,Mon Sep 07 17:32:53 BDT 2026,GET,https://t-f-cl-test-003.vercel.app/products/6?_rsc=tXyZJ52UQVBCVsD3,403,Forbidden,177,567,32226
9175,Mon Sep 07 17:32:53 BDT 2026,Mon Sep 07 17:32:53 BDT 2026,GET,https://t-f-cl-test-003.vercel.app/products/8?_rsc=tXyZJ52UQVBCVsD3,403,Forbidden,147,567,32214
9177,Mon Sep 07 17:32:53 BDT 2026,Mon Sep 07 17:32:53 BDT 2026,GET,https://t-f-cl-test-003.vercel.app/products/4?_rsc=tXyZJ52UQVBCVsD3,403,Forbidden,150,567,32214
9179,Mon Sep 07 17:32:53 BDT 2026,Mon Sep 07 17:32:53 BDT 2026,GET,https://t-f-cl-test-003.vercel.app/products/858?_rsc=tXyZJ52UQVBCVsD3,403,Forbidden,192,567,32211
9181,Mon Sep 07 17:32:53 BDT 2026,Mon Sep 07 17:32:53 BDT 2026,GET,https://t-f-cl-test-003.vercel.app/products/5?_rsc=tXyZJ52UQVBCVsD3,403,Forbidden,153,567,32223
9183,Mon Sep 07 17:32:53 BDT 2026,Mon Sep 07 17:32:53 BDT 2026,GET,https://t-f-cl-test-003.vercel.app/products/3?_rsc=tXyZJ52UQVBCVsD3,403,Forbidden,161,567,32210
9185,Mon Sep 07 17:32:53 BDT 2026,Mon Sep 07 17:32:53 BDT 2026,GET,https://t-f-cl-test-003.vercel.app/products/1?_rsc=tXyZJ52UQVBCVsD3,403,Forbidden,164,567,32226
9187,Mon Sep 07 17:32:53 BDT 2026,Mon Sep 07 17:32:53 BDT 2026,GET,https://t-f-cl-test-003.vercel.app/products/10?_rsc=tXyZJ52UQVBCVsD3,403,Forbidden,184,567,32216
9189,Mon Sep 07 17:32:53 BDT 2026,Mon Sep 07 17:32:53 BDT 2026,GET,https://t-f-cl-test-003.vercel.app/products/2?_rsc=tXyZJ52UQVBCVsD3,403,Forbidden,167,567,32214
9191,Mon Sep 07 17:32:53 BDT 2026,Mon Sep 07 17:32:54 BDT 2026,GET,https://t-f-cl-test-003.vercel.app/products/9?_rsc=tXyZJ52UQVBCVsD3,403,Forbidden,161,567,32216
9193,Mon Sep 07 17:32:53 BDT 2026,Mon Sep 07 17:32:54 BDT 2026,GET,https://t-f-cl-test-003.vercel.app/products/6?_rsc=tXyZJ52UQVBCVsD3,403,Forbidden,147,567,32214
9194,Mon Sep 07 17:32:53 BDT 2026,Mon Sep 07 17:32:54 BDT 2026,GET,https://t-f-cl-test-003.vercel.app/products/7?_rsc=tXyZJ52UQVBCVsD3,403,Forbidden,158,567,32226
9197,Mon Sep 07 17:32:53 BDT 2026,Mon Sep 07 17:32:54 BDT 2026,GET,https://t-f-cl-test-003.vercel.app/products/8?_rsc=tXyZJ52UQVBCVsD3,403,Forbidden,151,567,32242
9199,Mon Sep 07 17:32:53 BDT 2026,Mon Sep 07 17:32:54 BDT 2026,GET,https://t-f-cl-test-003.vercel.app/products/4?_rsc=tXyZJ52UQVBCVsD3,403,Forbidden,158,567,32220
9201,Mon Sep 07 17:32:53 BDT 2026,Mon Sep 07 17:32:54 BDT 2026,GET,https://t-f-cl-test-003.vercel.app/products/10?_rsc=tXyZJ52UQVBCVsD3,403,Forbidden,150,567,32225
9203,Mon Sep 07 17:32:53 BDT 2026,Mon Sep 07 17:32:54 BDT 2026,GET,https://t-f-cl-test-003.vercel.app/products/1?_rsc=tXyZJ52UQVBCVsD3,403,Forbidden,168,567,32225
9205,Mon Sep 07 17:32:53 BDT 2026,Mon Sep 07 17:32:54 BDT 2026,GET,https://t-f-cl-test-003.vercel.app/products/858?_rsc=tXyZJ52UQVBCVsD3,403,Forbidden,177,567,32220
9207,Mon Sep 07 17:32:53 BDT 2026,Mon Sep 07 17:32:54 BDT 2026,GET,https://t-f-cl-test-003.vercel.app/products/5?_rsc=tXyZJ52UQVBCVsD3,403,Forbidden,178,567,32211
9209,Mon Sep 07 17:32:53 BDT 2026,Mon Sep 07 17:32:54 BDT 2026,GET,https://t-f-cl-test-003.vercel.app/products/2?_rsc=tXyZJ52UQVBCVsD3,403,Forbidden,179,567,32226
9211,Mon Sep 07 17:32:53 BDT 2026,Mon Sep 07 17:32:54 BDT 2026,GET,https://t-f-cl-test-003.vercel.app/products/3?_rsc=tXyZJ52UQVBCVsD3,403,Forbidden,187,567,32211
9213,Mon Sep 07 17:32:54 BDT 2026,Mon Sep 07 17:32:54 BDT 2026,GET,https://t-f-cl-test-003.vercel.app/products/9?_rsc=tXyZJ52UQVBCVsD3,403,Forbidden,149,567,32210
9215,Mon Sep 07 17:32:54 BDT 2026,Mon Sep 07 17:32:54 BDT 2026,GET,https://t-f-cl-test-003.vercel.app/products/4?_rsc=tXyZJ52UQVBCVsD3,403,Forbidden,153,567,32219
9216,Mon Sep 07 17:32:54 BDT 2026,Mon Sep 07 17:32:54 BDT 2026,GET,https://t-f-cl-test-003.vercel.app/products/8?_rsc=tXyZJ52UQVBCVsD3,403,Forbidden,168,567,32215
9217,Mon Sep 07 17:32:54 BDT 2026,Mon Sep 07 17:32:54 BDT 2026,GET,https://t-f-cl-test-003.vercel.app/products/7?_rsc=tXyZJ52UQVBCVsD3,403,Forbidden,165,567,32216
9218,Mon Sep 07 17:32:54 BDT 2026,Mon Sep 07 17:32:54 BDT 2026,GET,https://t-f-cl-test-003.vercel.app/products/6?_rsc=tXyZJ52UQVBCVsD3,403,Forbidden,155,567,32230
9223,Mon Sep 07 17:32:54 BDT 2026,Mon Sep 07 17:32:54 BDT 2026,GET,https://t-f-cl-test-003.vercel.app/products/3?_rsc=tXyZJ52UQVBCVsD3,403,Forbidden,151,567,32214
9224,Mon Sep 07 17:32:54 BDT 2026,Mon Sep 07 17:32:54 BDT 2026,GET,https://t-f-cl-test-003.vercel.app/products/2?_rsc=tXyZJ52UQVBCVsD3,403,Forbidden,151,567,32211
9227,Mon Sep 07 17:32:54 BDT 2026,Mon Sep 07 17:32:54 BDT 2026,GET,https://t-f-cl-test-003.vercel.app/products/10?_rsc=tXyZJ52UQVBCVsD3,403,Forbidden,190,567,32220
9229,Mon Sep 07 17:32:54 BDT 2026,Mon Sep 07 17:32:54 BDT 2026,GET,https://t-f-cl-test-003.vercel.app/products/5?_rsc=tXyZJ52UQVBCVsD3,403,Forbidden,161,567,32220
9231,Mon Sep 07 17:32:54 BDT 2026,Mon Sep 07 17:32:54 BDT 2026,GET,https://t-f-cl-test-003.vercel.app/products/858?_rsc=tXyZJ52UQVBCVsD3,403,Forbidden,165,567,32228
9233,Mon Sep 07 17:32:54 BDT 2026,Mon Sep 07 17:32:54 BDT 2026,GET,https://t-f-cl-test-003.vercel.app/products/9?_rsc=tXyZJ52UQVBCVsD3,403,Forbidden,169,567,32211
9235,Mon Sep 07 17:32:54 BDT 2026,Mon Sep 07 17:32:54 BDT 2026,GET,https://t-f-cl-test-003.vercel.app/products/6?_rsc=tXyZJ52UQVBCVsD3,403,Forbidden,173,567,32220
9237,Mon Sep 07 17:32:54 BDT 2026,Mon Sep 07 17:32:54 BDT 2026,GET,https://t-f-cl-test-003.vercel.app/products/8?_rsc=tXyZJ52UQVBCVsD3,403,Forbidden,174,567,32215
9238,Mon Sep 07 17:32:54 BDT 2026,Mon Sep 07 17:32:54 BDT 2026,GET,https://t-f-cl-test-003.vercel.app/products/4?_rsc=tXyZJ52UQVBCVsD3,403,Forbidden,174,567,32210
9241,Mon Sep 07 17:32:54 BDT 2026,Mon Sep 07 17:32:54 BDT 2026,GET,https://t-f-cl-test-003.vercel.app/products/7?_rsc=tXyZJ52UQVBCVsD3,403,Forbidden,191,567,32211
9243,Mon Sep 07 17:32:54 BDT 2026,Mon Sep 07 17:32:54 BDT 2026,GET,https://t-f-cl-test-003.vercel.app/products/858?_rsc=tXyZJ52UQVBCVsD3,403,Forbidden,156,567,32225
9245,Mon Sep 07 17:32:54 BDT 2026,Mon Sep 07 17:32:54 BDT 2026,GET,https://t-f-cl-test-003.vercel.app/products/5?_rsc=tXyZJ52UQVBCVsD3,403,Forbidden,163,567,32228
9247,Mon Sep 07 17:32:54 BDT 2026,Mon Sep 07 17:32:54 BDT 2026,GET,https://t-f-cl-test-003.vercel.app/products/9?_rsc=tXyZJ52UQVBCVsD3,403,Forbidden,140,567,32216
9249,Mon Sep 07 17:32:54 BDT 2026,Mon Sep 07 17:32:54 BDT 2026,GET,https://t-f-cl-test-003.vercel.app,403,Forbidden,149,567,32210
9250,Mon Sep 07 17:32:54 BDT 2026,Mon Sep 07 17:32:54 BDT 2026,GET,https://t-f-cl-test-003.vercel.app/_next,403,Forbidden,170,567,32226
9251,Mon Sep 07 17:32:54 BDT 2026,Mon Sep 07 17:32:55 BDT 2026,GET,https://t-f-cl-test-003.vercel.app/_next/static,403,Forbidden,166,567,32219
9252,Mon Sep 07 17:32:55 BDT 2026,Mon Sep 07 17:32:55 BDT 2026,GET,https://t-f-cl-test-003.vercel.app/_next/static/immutable,403,Forbidden,165,567,32215
9253,Mon Sep 07 17:32:55 BDT 2026,Mon Sep 07 17:32:55 BDT 2026,GET,https://t-f-cl-test-003.vercel.app/_next/static/immutable/chunks,403,Forbidden,148,567,32211
9254,Mon Sep 07 17:32:55 BDT 2026,Mon Sep 07 17:32:55 BDT 2026,GET,https://t-f-cl-test-003.vercel.app/_next/static/immutable/media,403,Forbidden,165,567,32215
9255,Mon Sep 07 17:32:55 BDT 2026,Mon Sep 07 17:32:55 BDT 2026,GET,https://t-f-cl-test-003.vercel.app/products,403,Forbidden,158,567,32211
9256,Mon Sep 07 17:32:55 BDT 2026,Mon Sep 07 17:32:56 BDT 2026,GET,https://t-f-cl-test-003.vercel.app,403,Forbidden,139,567,32220
9257,Mon Sep 07 17:32:56 BDT 2026,Mon Sep 07 17:32:56 BDT 2026,GET,https://t-f-cl-test-003.vercel.app/_next,403,Forbidden,175,567,32226
9258,Mon Sep 07 17:32:56 BDT 2026,Mon Sep 07 17:32:56 BDT 2026,GET,https://t-f-cl-test-003.vercel.app/_next/static,403,Forbidden,152,567,32220
9259,Mon Sep 07 17:32:56 BDT 2026,Mon Sep 07 17:32:56 BDT 2026,GET,https://t-f-cl-test-003.vercel.app/_next/static/immutable,403,Forbidden,162,567,32223
9260,Mon Sep 07 17:32:56 BDT 2026,Mon Sep 07 17:32:56 BDT 2026,GET,https://t-f-cl-test-003.vercel.app/_next/static/immutable/chunks,403,Forbidden,155,567,32211
9261,Mon Sep 07 17:32:56 BDT 2026,Mon Sep 07 17:32:56 BDT 2026,GET,https://t-f-cl-test-003.vercel.app/_next/static/immutable/media,403,Forbidden,172,567,32215
9262,Mon Sep 07 17:32:56 BDT 2026,Mon Sep 07 17:32:56 BDT 2026,GET,https://t-f-cl-test-003.vercel.app/products,403,Forbidden,144,567,32215
9263,Mon Sep 07 17:32:56 BDT 2026,Mon Sep 07 17:32:57 BDT 2026,GET,https://t-f-cl-test-003.vercel.app,403,Forbidden,155,567,32215
9264,Mon Sep 07 17:32:57 BDT 2026,Mon Sep 07 17:32:57 BDT 2026,GET,https://t-f-cl-test-003.vercel.app/_next,403,Forbidden,165,567,32225
9265,Mon Sep 07 17:32:57 BDT 2026,Mon Sep 07 17:32:57 BDT 2026,GET,https://t-f-cl-test-003.vercel.app/_next/static,403,Forbidden,158,567,32217
9266,Mon Sep 07 17:32:57 BDT 2026,Mon Sep 07 17:32:57 BDT 2026,GET,https://t-f-cl-test-003.vercel.app/_next/static/immutable,403,Forbidden,177,567,32216
9267,Mon Sep 07 17:32:57 BDT 2026,Mon Sep 07 17:32:57 BDT 2026,GET,https://t-f-cl-test-003.vercel.app/_next/static/immutable/chunks,403,Forbidden,160,567,32210
9268,Mon Sep 07 17:32:57 BDT 2026,Mon Sep 07 17:32:57 BDT 2026,GET,https://t-f-cl-test-003.vercel.app/_next/static/immutable/media,403,Forbidden,173,567,32210
9269,Mon Sep 07 17:32:57 BDT 2026,Mon Sep 07 17:32:58 BDT 2026,GET,https://t-f-cl-test-003.vercel.app/products,403,Forbidden,164,567,32211
9270,Mon Sep 07 17:32:58 BDT 2026,Mon Sep 07 17:32:58 BDT 2026,GET,https://t-f-cl-test-003.vercel.app/swagger-ui/,403,Forbidden,187,567,32223
9271,Mon Sep 07 17:32:58 BDT 2026,Mon Sep 07 17:32:58 BDT 2026,GET,https://t-f-cl-test-003.vercel.app/login,403,Forbidden,160,567,32226
9272,Mon Sep 07 17:32:58 BDT 2026,Mon Sep 07 17:32:58 BDT 2026,GET,https://t-f-cl-test-003.vercel.app,403,Forbidden,153,567,32217
9273,Mon Sep 07 17:32:58 BDT 2026,Mon Sep 07 17:32:58 BDT 2026,GET,https://t-f-cl-test-003.vercel.app/v3/api-docs,403,Forbidden,142,567,32214
9274,Mon Sep 07 17:32:58 BDT 2026,Mon Sep 07 17:32:58 BDT 2026,GET,https://t-f-cl-test-003.vercel.app/_next,403,Forbidden,139,567,32226
9275,Mon Sep 07 17:32:58 BDT 2026,Mon Sep 07 17:32:58 BDT 2026,GET,https://t-f-cl-test-003.vercel.app/swagger.json,403,Forbidden,154,567,32215
9276,Mon Sep 07 17:32:58 BDT 2026,Mon Sep 07 17:32:58 BDT 2026,GET,https://t-f-cl-test-003.vercel.app/_next/static,403,Forbidden,164,567,32214
9277,Mon Sep 07 17:32:58 BDT 2026,Mon Sep 07 17:32:59 BDT 2026,GET,https://t-f-cl-test-003.vercel.app/openapi.json,403,Forbidden,171,567,32215
9278,Mon Sep 07 17:32:58 BDT 2026,Mon Sep 07 17:32:59 BDT 2026,GET,https://t-f-cl-test-003.vercel.app/_next/static/immutable,403,Forbidden,159,567,32215
9279,Mon Sep 07 17:32:59 BDT 2026,Mon Sep 07 17:32:59 BDT 2026,GET,https://t-f-cl-test-003.vercel.app/api-docs,403,Forbidden,182,567,32214
9280,Mon Sep 07 17:32:59 BDT 2026,Mon Sep 07 17:32:59 BDT 2026,GET,https://t-f-cl-test-003.vercel.app/_next/static/immutable/chunks,403,Forbidden,152,567,32226
9281,Mon Sep 07 17:32:59 BDT 2026,Mon Sep 07 17:32:59 BDT 2026,GET,https://t-f-cl-test-003.vercel.app/docs/,403,Forbidden,149,567,32217
9282,Mon Sep 07 17:32:59 BDT 2026,Mon Sep 07 17:32:59 BDT 2026,GET,https://t-f-cl-test-003.vercel.app/swagger,403,Forbidden,181,567,32214
9283,Mon Sep 07 17:32:59 BDT 2026,Mon Sep 07 17:32:59 BDT 2026,GET,https://t-f-cl-test-003.vercel.app/_next/static/immutable/media,403,Forbidden,161,567,32225
9284,Mon Sep 07 17:32:59 BDT 2026,Mon Sep 07 17:32:59 BDT 2026,GET,https://t-f-cl-test-003.vercel.app/v2/api-docs,403,Forbidden,171,567,32228
9285,Mon Sep 07 17:32:59 BDT 2026,Mon Sep 07 17:32:59 BDT 2026,GET,https://t-f-cl-test-003.vercel.app/admin,403,Forbidden,181,567,32219
9286,Mon Sep 07 17:32:59 BDT 2026,Mon Sep 07 17:32:59 BDT 2026,GET,https://t-f-cl-test-003.vercel.app/swagger-ui/index.html,403,Forbidden,157,567,32216
9287,Mon Sep 07 17:32:59 BDT 2026,Mon Sep 07 17:32:59 BDT 2026,GET,https://t-f-cl-test-003.vercel.app/admin,403,Forbidden,155,567,32216
9288,Mon Sep 07 17:32:59 BDT 2026,Mon Sep 07 17:32:59 BDT 2026,GET,https://t-f-cl-test-003.vercel.app/login,403,Forbidden,155,567,32219
9289,Mon Sep 07 17:32:59 BDT 2026,Mon Sep 07 17:32:59 BDT 2026,GET,https://t-f-cl-test-003.vercel.app/products,403,Forbidden,158,567,32214
9290,Mon Sep 07 17:32:59 BDT 2026,Mon Sep 07 17:32:59 BDT 2026,GET,https://t-f-cl-test-003.vercel.app/login,403,Forbidden,157,567,32230
9291,Mon Sep 07 17:32:59 BDT 2026,Mon Sep 07 17:32:59 BDT 2026,GET,https://t-f-cl-test-003.vercel.app/login,403,Forbidden,163,567,32210
9292,Mon Sep 07 17:32:59 BDT 2026,Mon Sep 07 17:33:00 BDT 2026,GET,https://t-f-cl-test-003.vercel.app/openapi.yaml,403,Forbidden,171,567,32214
9293,Mon Sep 07 17:33:00 BDT 2026,Mon Sep 07 17:33:00 BDT 2026,GET,https://t-f-cl-test-003.vercel.app/swagger.yaml,403,Forbidden,170,567,32216
9294,Mon Sep 07 17:33:00 BDT 2026,Mon Sep 07 17:33:00 BDT 2026,GET,https://t-f-cl-test-003.vercel.app/swagger/ui/index.html,403,Forbidden,156,567,32214
