ID,Req. Timestamp,Resp. Timestamp,Method,URL,Code,Reason,RTT,Size Resp. Header,Size Resp. Body
6435,Mon Sep 07 19:40:30 BDT 2026,Mon Sep 07 19:40:31 BDT 2026,GET,https://t-f-cl-test-003.vercel.app/.DS_Store,403,Forbidden,169,567,32215
6436,Mon Sep 07 19:40:31 BDT 2026,Mon Sep 07 19:40:31 BDT 2026,GET,https://t-f-cl-test-003.vercel.app/.php_cs.cache,403,Forbidden,150,567,32210
6437,Mon Sep 07 19:40:31 BDT 2026,Mon Sep 07 19:40:31 BDT 2026,GET,https://t-f-cl-test-003.vercel.app/DEADJOE,403,Forbidden,156,567,32231
6438,Mon Sep 07 19:40:31 BDT 2026,Mon Sep 07 19:40:31 BDT 2026,GET,https://t-f-cl-test-003.vercel.app/sites/default/private/files/backup_migrate/scheduled/test.txt,403,Forbidden,169,567,32212
6439,Mon Sep 07 19:40:31 BDT 2026,Mon Sep 07 19:40:31 BDT 2026,GET,https://t-f-cl-test-003.vercel.app/app/etc/local.xml,403,Forbidden,149,567,32222
6440,Mon Sep 07 19:40:31 BDT 2026,Mon Sep 07 19:40:31 BDT 2026,GET,https://t-f-cl-test-003.vercel.app/server.key,403,Forbidden,142,567,32210
6441,Mon Sep 07 19:40:31 BDT 2026,Mon Sep 07 19:40:31 BDT 2026,GET,https://t-f-cl-test-003.vercel.app/privatekey.key,403,Forbidden,148,567,32209
6442,Mon Sep 07 19:40:31 BDT 2026,Mon Sep 07 19:40:32 BDT 2026,GET,https://t-f-cl-test-003.vercel.app/myserver.key,403,Forbidden,149,567,32209
6443,Mon Sep 07 19:40:32 BDT 2026,Mon Sep 07 19:40:32 BDT 2026,GET,https://t-f-cl-test-003.vercel.app/key.pem,403,Forbidden,158,567,32227
6444,Mon Sep 07 19:40:32 BDT 2026,Mon Sep 07 19:40:32 BDT 2026,GET,https://t-f-cl-test-003.vercel.app/id_rsa,403,Forbidden,159,567,32221
6445,Mon Sep 07 19:40:32 BDT 2026,Mon Sep 07 19:40:32 BDT 2026,GET,https://t-f-cl-test-003.vercel.app/id_dsa,403,Forbidden,142,567,32212
6446,Mon Sep 07 19:40:32 BDT 2026,Mon Sep 07 19:40:32 BDT 2026,GET,https://t-f-cl-test-003.vercel.app/.ssh/id_rsa,403,Forbidden,148,567,32212
6447,Mon Sep 07 19:40:32 BDT 2026,Mon Sep 07 19:40:32 BDT 2026,GET,https://t-f-cl-test-003.vercel.app/.ssh/id_dsa,403,Forbidden,163,567,32215
6448,Mon Sep 07 19:40:32 BDT 2026,Mon Sep 07 19:40:33 BDT 2026,GET,https://t-f-cl-test-003.vercel.app/adminer.php,403,Forbidden,148,567,32212
6449,Mon Sep 07 19:40:33 BDT 2026,Mon Sep 07 19:40:33 BDT 2026,GET,https://t-f-cl-test-003.vercel.app/vb_test.php,403,Forbidden,156,567,32219
6450,Mon Sep 07 19:40:33 BDT 2026,Mon Sep 07 19:40:33 BDT 2026,GET,https://t-f-cl-test-003.vercel.app/CHANGELOG.txt,403,Forbidden,163,567,32222
6451,Mon Sep 07 19:40:33 BDT 2026,Mon Sep 07 19:40:33 BDT 2026,GET,https://t-f-cl-test-003.vercel.app/sites/default/files/.ht.sqlite,403,Forbidden,155,567,32219
6452,Mon Sep 07 19:40:33 BDT 2026,Mon Sep 07 19:40:33 BDT 2026,GET,https://t-f-cl-test-003.vercel.app/composer.json,403,Forbidden,163,567,32210
6453,Mon Sep 07 19:40:33 BDT 2026,Mon Sep 07 19:40:33 BDT 2026,GET,https://t-f-cl-test-003.vercel.app/composer.lock,403,Forbidden,138,567,32212
6454,Mon Sep 07 19:40:33 BDT 2026,Mon Sep 07 19:40:34 BDT 2026,GET,https://t-f-cl-test-003.vercel.app/vim_settings.xml,403,Forbidden,142,567,32215
6455,Mon Sep 07 19:40:34 BDT 2026,Mon Sep 07 19:40:34 BDT 2026,GET,https://t-f-cl-test-003.vercel.app/server-info,403,Forbidden,166,567,32219
6456,Mon Sep 07 19:40:34 BDT 2026,Mon Sep 07 19:40:34 BDT 2026,GET,https://t-f-cl-test-003.vercel.app/phpinfo.php,403,Forbidden,209,567,32209
6457,Mon Sep 07 19:40:34 BDT 2026,Mon Sep 07 19:40:34 BDT 2026,GET,https://t-f-cl-test-003.vercel.app/info.php,403,Forbidden,168,567,32221
6458,Mon Sep 07 19:40:34 BDT 2026,Mon Sep 07 19:40:34 BDT 2026,GET,https://t-f-cl-test-003.vercel.app/i.php,403,Forbidden,139,567,32211
6459,Mon Sep 07 19:40:34 BDT 2026,Mon Sep 07 19:40:34 BDT 2026,GET,https://t-f-cl-test-003.vercel.app/test.php,403,Forbidden,151,567,32209
6460,Mon Sep 07 19:40:34 BDT 2026,Mon Sep 07 19:40:35 BDT 2026,GET,https://t-f-cl-test-003.vercel.app/_wpeprivate/config.json,403,Forbidden,138,567,32219
6461,Mon Sep 07 19:40:35 BDT 2026,Mon Sep 07 19:40:35 BDT 2026,GET,https://t-f-cl-test-003.vercel.app/_framework/blazor.boot.json,403,Forbidden,167,567,32211
6462,Mon Sep 07 19:40:35 BDT 2026,Mon Sep 07 19:40:35 BDT 2026,GET,https://t-f-cl-test-003.vercel.app/.hg,403,Forbidden,158,567,32228
6463,Mon Sep 07 19:40:35 BDT 2026,Mon Sep 07 19:40:35 BDT 2026,GET,https://t-f-cl-test-003.vercel.app/.bzr,403,Forbidden,169,567,32222
6464,Mon Sep 07 19:40:35 BDT 2026,Mon Sep 07 19:40:35 BDT 2026,GET,https://t-f-cl-test-003.vercel.app/._darcs,403,Forbidden,150,567,32210
6465,Mon Sep 07 19:40:35 BDT 2026,Mon Sep 07 19:40:35 BDT 2026,GET,https://t-f-cl-test-003.vercel.app/BitKeeper,403,Forbidden,163,567,32221
6466,Mon Sep 07 19:40:35 BDT 2026,Mon Sep 07 19:40:35 BDT 2026,GET,https://t-f-cl-test-003.vercel.app,403,Forbidden,134,567,32215
6467,Mon Sep 07 19:40:35 BDT 2026,Mon Sep 07 19:40:35 BDT 2026,POST,https://t-f-cl-test-003.vercel.app/products/3,403,Forbidden,143,567,32215
6468,Mon Sep 07 19:40:35 BDT 2026,Mon Sep 07 19:40:35 BDT 2026,POST,https://t-f-cl-test-003.vercel.app/login?next=%3C,403,Forbidden,148,567,32215
6469,Mon Sep 07 19:40:35 BDT 2026,Mon Sep 07 19:40:35 BDT 2026,POST,https://t-f-cl-test-003.vercel.app/orders,403,Forbidden,149,567,32210
6470,Mon Sep 07 19:40:35 BDT 2026,Mon Sep 07 19:40:35 BDT 2026,GET,https://t-f-cl-test-003.vercel.app/?_rsc=%3C,403,Forbidden,161,567,32210
6471,Mon Sep 07 19:40:35 BDT 2026,Mon Sep 07 19:40:35 BDT 2026,POST,https://t-f-cl-test-003.vercel.app/checkout,403,Forbidden,165,567,32215
6472,Mon Sep 07 19:40:35 BDT 2026,Mon Sep 07 19:40:35 BDT 2026,POST,https://t-f-cl-test-003.vercel.app/products/3,403,Forbidden,167,567,32219
6473,Mon Sep 07 19:40:35 BDT 2026,Mon Sep 07 19:40:35 BDT 2026,POST,https://t-f-cl-test-003.vercel.app/user/005c9b24-b1d2-47b1-afe3-c98b4f4320b2,403,Forbidden,168,567,32210
6474,Mon Sep 07 19:40:35 BDT 2026,Mon Sep 07 19:40:36 BDT 2026,POST,https://t-f-cl-test-003.vercel.app/products/5,403,Forbidden,173,567,32210
6475,Mon Sep 07 19:40:35 BDT 2026,Mon Sep 07 19:40:36 BDT 2026,GET,https://t-f-cl-test-003.vercel.app/_next,403,Forbidden,173,567,32219
6476,Mon Sep 07 19:40:35 BDT 2026,Mon Sep 07 19:40:36 BDT 2026,POST,https://t-f-cl-test-003.vercel.app/checkout,403,Forbidden,142,567,32221
6477,Mon Sep 07 19:40:36 BDT 2026,Mon Sep 07 19:40:36 BDT 2026,POST,https://t-f-cl-test-003.vercel.app/products/5,403,Forbidden,145,567,32219
6478,Mon Sep 07 19:40:35 BDT 2026,Mon Sep 07 19:40:36 BDT 2026,POST,https://t-f-cl-test-003.vercel.app/orders,403,Forbidden,169,567,32211
6479,Mon Sep 07 19:40:35 BDT 2026,Mon Sep 07 19:40:36 BDT 2026,POST,https://t-f-cl-test-003.vercel.app/products/3,403,Forbidden,179,567,32219
6480,Mon Sep 07 19:40:35 BDT 2026,Mon Sep 07 19:40:36 BDT 2026,POST,https://t-f-cl-test-003.vercel.app/login?next=%3Cxsl%3Avalue-of+select%3D%22system-property%28%27xsl%3Avendor%27%29%22%2F%3E,403,Forbidden,175,567,32209
6481,Mon Sep 07 19:40:35 BDT 2026,Mon Sep 07 19:40:36 BDT 2026,GET,https://t-f-cl-test-003.vercel.app/?_rsc=%3Cxsl%3Avalue-of+select%3D%22system-property%28%27xsl%3Avendor%27%29%22%2F%3E,403,Forbidden,163,567,32221
6482,Mon Sep 07 19:40:35 BDT 2026,Mon Sep 07 19:40:36 BDT 2026,POST,https://t-f-cl-test-003.vercel.app/user/005c9b24-b1d2-47b1-afe3-c98b4f4320b2,403,Forbidden,154,567,32210
6483,Mon Sep 07 19:40:35 BDT 2026,Mon Sep 07 19:40:36 BDT 2026,POST,https://t-f-cl-test-003.vercel.app/products/3,403,Forbidden,162,567,32222
6484,Mon Sep 07 19:40:36 BDT 2026,Mon Sep 07 19:40:36 BDT 2026,POST,https://t-f-cl-test-003.vercel.app/checkout,403,Forbidden,145,567,32219
6485,Mon Sep 07 19:40:36 BDT 2026,Mon Sep 07 19:40:36 BDT 2026,POST,https://t-f-cl-test-003.vercel.app/products/5,403,Forbidden,150,567,32209
6486,Mon Sep 07 19:40:36 BDT 2026,Mon Sep 07 19:40:36 BDT 2026,POST,https://t-f-cl-test-003.vercel.app/login?next=system-property%28%27xsl%3Avendor%27%29%2F%3E,403,Forbidden,158,567,32227
6487,Mon Sep 07 19:40:36 BDT 2026,Mon Sep 07 19:40:36 BDT 2026,GET,https://t-f-cl-test-003.vercel.app/_next/static,403,Forbidden,171,567,32218
6488,Mon Sep 07 19:40:36 BDT 2026,Mon Sep 07 19:40:36 BDT 2026,POST,https://t-f-cl-test-003.vercel.app/products/3,403,Forbidden,152,567,32227
6489,Mon Sep 07 19:40:36 BDT 2026,Mon Sep 07 19:40:36 BDT 2026,POST,https://t-f-cl-test-003.vercel.app/user/005c9b24-b1d2-47b1-afe3-c98b4f4320b2,403,Forbidden,161,567,32218
6490,Mon Sep 07 19:40:36 BDT 2026,Mon Sep 07 19:40:36 BDT 2026,GET,https://t-f-cl-test-003.vercel.app/?_rsc=system-property%28%27xsl%3Avendor%27%29%2F%3E,403,Forbidden,170,567,32209
6491,Mon Sep 07 19:40:36 BDT 2026,Mon Sep 07 19:40:36 BDT 2026,POST,https://t-f-cl-test-003.vercel.app/orders,403,Forbidden,176,567,32215
6492,Mon Sep 07 19:40:36 BDT 2026,Mon Sep 07 19:40:36 BDT 2026,POST,https://t-f-cl-test-003.vercel.app/products/3,403,Forbidden,179,567,32228
6493,Mon Sep 07 19:40:36 BDT 2026,Mon Sep 07 19:40:36 BDT 2026,POST,https://t-f-cl-test-003.vercel.app/checkout,403,Forbidden,180,567,32225
6494,Mon Sep 07 19:40:36 BDT 2026,Mon Sep 07 19:40:36 BDT 2026,POST,https://t-f-cl-test-003.vercel.app/products/5,403,Forbidden,174,567,32210
6495,Mon Sep 07 19:40:36 BDT 2026,Mon Sep 07 19:40:36 BDT 2026,POST,https://t-f-cl-test-003.vercel.app/user/005c9b24-b1d2-47b1-afe3-c98b4f4320b2,403,Forbidden,164,567,32221
6496,Mon Sep 07 19:40:36 BDT 2026,Mon Sep 07 19:40:36 BDT 2026,POST,https://t-f-cl-test-003.vercel.app/orders,403,Forbidden,161,567,32226
6497,Mon Sep 07 19:40:36 BDT 2026,Mon Sep 07 19:40:36 BDT 2026,GET,https://t-f-cl-test-003.vercel.app/_next/static/immutable,403,Forbidden,175,567,32209
6498,Mon Sep 07 19:40:36 BDT 2026,Mon Sep 07 19:40:36 BDT 2026,POST,https://t-f-cl-test-003.vercel.app/login?next=%22%2F%3E%3Cxsl%3Avalue-of+select%3D%22system-property%28%27xsl%3Avendor%27%29%22%2F%3E%3C%21--,403,Forbidden,175,567,32235
6499,Mon Sep 07 19:40:36 BDT 2026,Mon Sep 07 19:40:36 BDT 2026,GET,https://t-f-cl-test-003.vercel.app/?_rsc=%22%2F%3E%3Cxsl%3Avalue-of+select%3D%22system-property%28%27xsl%3Avendor%27%29%22%2F%3E%3C%21--,403,Forbidden,172,567,32231
6500,Mon Sep 07 19:40:36 BDT 2026,Mon Sep 07 19:40:36 BDT 2026,POST,https://t-f-cl-test-003.vercel.app/products/3,403,Forbidden,182,567,32215
6501,Mon Sep 07 19:40:36 BDT 2026,Mon Sep 07 19:40:36 BDT 2026,POST,https://t-f-cl-test-003.vercel.app/products/3,403,Forbidden,168,567,32209
6502,Mon Sep 07 19:40:36 BDT 2026,Mon Sep 07 19:40:36 BDT 2026,POST,https://t-f-cl-test-003.vercel.app/products/5,403,Forbidden,155,567,32215
6503,Mon Sep 07 19:40:36 BDT 2026,Mon Sep 07 19:40:36 BDT 2026,POST,https://t-f-cl-test-003.vercel.app/login?next=%3Cxsl%3Avalue-of+select%3D%22system-property%28%27xsl%3Avendor%27%29%22%2F%3E%3C%21--,403,Forbidden,142,567,32227
6504,Mon Sep 07 19:40:36 BDT 2026,Mon Sep 07 19:40:36 BDT 2026,POST,https://t-f-cl-test-003.vercel.app/orders,403,Forbidden,142,567,32221
6505,Mon Sep 07 19:40:36 BDT 2026,Mon Sep 07 19:40:36 BDT 2026,POST,https://t-f-cl-test-003.vercel.app/checkout,403,Forbidden,174,567,32235
6506,Mon Sep 07 19:40:36 BDT 2026,Mon Sep 07 19:40:36 BDT 2026,POST,https://t-f-cl-test-003.vercel.app/user/005c9b24-b1d2-47b1-afe3-c98b4f4320b2,403,Forbidden,165,567,32225
6507,Mon Sep 07 19:40:36 BDT 2026,Mon Sep 07 19:40:36 BDT 2026,GET,https://t-f-cl-test-003.vercel.app/?_rsc=%3Cxsl%3Avalue-of+select%3D%22system-property%28%27xsl%3Avendor%27%29%22%2F%3E%3C%21--,403,Forbidden,160,567,32222
6508,Mon Sep 07 19:40:36 BDT 2026,Mon Sep 07 19:40:36 BDT 2026,GET,https://t-f-cl-test-003.vercel.app/_next/static/immutable/chunks,403,Forbidden,173,567,32222
6509,Mon Sep 07 19:40:36 BDT 2026,Mon Sep 07 19:40:36 BDT 2026,POST,https://t-f-cl-test-003.vercel.app/products/3,403,Forbidden,158,567,32215
6510,Mon Sep 07 19:40:36 BDT 2026,Mon Sep 07 19:40:36 BDT 2026,POST,https://t-f-cl-test-003.vercel.app/products/3,403,Forbidden,185,567,32218
6511,Mon Sep 07 19:40:36 BDT 2026,Mon Sep 07 19:40:36 BDT 2026,POST,https://t-f-cl-test-003.vercel.app/products/5,403,Forbidden,162,567,32209
6512,Mon Sep 07 19:40:36 BDT 2026,Mon Sep 07 19:40:36 BDT 2026,POST,https://t-f-cl-test-003.vercel.app/orders,403,Forbidden,168,567,32215
6513,Mon Sep 07 19:40:36 BDT 2026,Mon Sep 07 19:40:36 BDT 2026,POST,https://t-f-cl-test-003.vercel.app/checkout,403,Forbidden,165,567,32211
6514,Mon Sep 07 19:40:36 BDT 2026,Mon Sep 07 19:40:36 BDT 2026,POST,https://t-f-cl-test-003.vercel.app/login?next=%3Cxsl%3Avalue-of+select%3D%22document%28%27http%3A%2F%2Ft-f-cl-test-003.vercel.app%3A22%27%29%22%2F%3E,403,Forbidden,179,567,32225
6515,Mon Sep 07 19:40:36 BDT 2026,Mon Sep 07 19:40:36 BDT 2026,POST,https://t-f-cl-test-003.vercel.app/user/005c9b24-b1d2-47b1-afe3-c98b4f4320b2,403,Forbidden,162,567,32211
6516,Mon Sep 07 19:40:36 BDT 2026,Mon Sep 07 19:40:36 BDT 2026,GET,https://t-f-cl-test-003.vercel.app/_next/static/immutable/media,403,Forbidden,147,567,32215
6517,Mon Sep 07 19:40:36 BDT 2026,Mon Sep 07 19:40:36 BDT 2026,POST,https://t-f-cl-test-003.vercel.app/products/3,403,Forbidden,153,567,32219
6518,Mon Sep 07 19:40:36 BDT 2026,Mon Sep 07 19:40:36 BDT 2026,GET,https://t-f-cl-test-003.vercel.app/?_rsc=%3Cxsl%3Avalue-of+select%3D%22document%28%27http%3A%2F%2Ft-f-cl-test-003.vercel.app%3A22%27%29%22%2F%3E,403,Forbidden,162,567,32231
6519,Mon Sep 07 19:40:36 BDT 2026,Mon Sep 07 19:40:36 BDT 2026,POST,https://t-f-cl-test-003.vercel.app/products/3,403,Forbidden,157,567,32209
6520,Mon Sep 07 19:40:36 BDT 2026,Mon Sep 07 19:40:36 BDT 2026,POST,https://t-f-cl-test-003.vercel.app/products/5,403,Forbidden,144,567,32215
6521,Mon Sep 07 19:40:36 BDT 2026,Mon Sep 07 19:40:36 BDT 2026,POST,https://t-f-cl-test-003.vercel.app/orders,403,Forbidden,161,567,32221
6522,Mon Sep 07 19:40:36 BDT 2026,Mon Sep 07 19:40:36 BDT 2026,POST,https://t-f-cl-test-003.vercel.app/checkout,403,Forbidden,155,567,32218
6523,Mon Sep 07 19:40:36 BDT 2026,Mon Sep 07 19:40:36 BDT 2026,GET,https://t-f-cl-test-003.vercel.app/favicon.ico?favicon.3fpu2ql9ns1a0.ico=%3C,403,Forbidden,158,567,32211
6524,Mon Sep 07 19:40:36 BDT 2026,Mon Sep 07 19:40:36 BDT 2026,GET,https://t-f-cl-test-003.vercel.app/login?next=%3C,403,Forbidden,171,567,32209
6525,Mon Sep 07 19:40:36 BDT 2026,Mon Sep 07 19:40:36 BDT 2026,GET,https://t-f-cl-test-003.vercel.app/orders?_rsc=%3C,403,Forbidden,169,567,32210
6526,Mon Sep 07 19:40:36 BDT 2026,Mon Sep 07 19:40:36 BDT 2026,GET,https://t-f-cl-test-003.vercel.app/login?next=%3C&_rsc=tXyZJ52UQVBCVsD3,403,Forbidden,171,567,32219
6527,Mon Sep 07 19:40:36 BDT 2026,Mon Sep 07 19:40:36 BDT 2026,GET,https://t-f-cl-test-003.vercel.app/products,403,Forbidden,168,567,32212
6528,Mon Sep 07 19:40:36 BDT 2026,Mon Sep 07 19:40:36 BDT 2026,POST,https://t-f-cl-test-003.vercel.app/login?next=%3Cxsl%3Avariable+name%3D%22rtobject%22+select%3D%22runtime%3AgetRuntime%28%29%22%2F%3E%0A%3Cxsl%3Avariable+name%3D%22process%22+select%3D%22runtime%3Aexec%28%24rtobject%2C%27erroneous_command%27%29%22%2F%3E%0A%3Cxsl%3Avariable+name%3D%22waiting%22+select%3D%22process%3AwaitFor%28%24process%29%22%2F%3E%0A%3Cxsl%3Avalue-of+select%3D%22%24process%22%2F%3E,403,Forbidden,178,567,32215
6529,Mon Sep 07 19:40:36 BDT 2026,Mon Sep 07 19:40:36 BDT 2026,GET,https://t-f-cl-test-003.vercel.app/login?_rsc=%3C,403,Forbidden,177,567,32215
6530,Mon Sep 07 19:40:36 BDT 2026,Mon Sep 07 19:40:36 BDT 2026,GET,https://t-f-cl-test-003.vercel.app/checkout?_rsc=%3C,403,Forbidden,177,567,32210
6531,Mon Sep 07 19:40:36 BDT 2026,Mon Sep 07 19:40:36 BDT 2026,POST,https://t-f-cl-test-003.vercel.app/products/3,403,Forbidden,178,567,32218
6532,Mon Sep 07 19:40:36 BDT 2026,Mon Sep 07 19:40:36 BDT 2026,POST,https://t-f-cl-test-003.vercel.app/user/005c9b24-b1d2-47b1-afe3-c98b4f4320b2,403,Forbidden,184,567,32211
6533,Mon Sep 07 19:40:36 BDT 2026,Mon Sep 07 19:40:37 BDT 2026,GET,https://t-f-cl-test-003.vercel.app/?_rsc=%3Cxsl%3Avariable+name%3D%22rtobject%22+select%3D%22runtime%3AgetRuntime%28%29%22%2F%3E%0A%3Cxsl%3Avariable+name%3D%22process%22+select%3D%22runtime%3Aexec%28%24rtobject%2C%27erroneous_command%27%29%22%2F%3E%0A%3Cxsl%3Avariable+name%3D%22waiting%22+select%3D%22process%3AwaitFor%28%24process%29%22%2F%3E%0A%3Cxsl%3Avalue-of+select%3D%22%24process%22%2F%3E,403,Forbidden,179,567,32219
6534,Mon Sep 07 19:40:36 BDT 2026,Mon Sep 07 19:40:37 BDT 2026,POST,https://t-f-cl-test-003.vercel.app/products/3,403,Forbidden,161,567,32222
6535,Mon Sep 07 19:40:36 BDT 2026,Mon Sep 07 19:40:37 BDT 2026,POST,https://t-f-cl-test-003.vercel.app/products/5,403,Forbidden,161,567,32222
6536,Mon Sep 07 19:40:36 BDT 2026,Mon Sep 07 19:40:37 BDT 2026,GET,https://t-f-cl-test-003.vercel.app/login?next=%3Cxsl%3Avalue-of+select%3D%22system-property%28%27xsl%3Avendor%27%29%22%2F%3E,403,Forbidden,157,567,32219
6537,Mon Sep 07 19:40:36 BDT 2026,Mon Sep 07 19:40:37 BDT 2026,GET,https://t-f-cl-test-003.vercel.app/products/5?_rsc=%3C,403,Forbidden,161,567,32210
6538,Mon Sep 07 19:40:36 BDT 2026,Mon Sep 07 19:40:37 BDT 2026,GET,https://t-f-cl-test-003.vercel.app/checkout?_rsc=%3Cxsl%3Avalue-of+select%3D%22system-property%28%27xsl%3Avendor%27%29%22%2F%3E,403,Forbidden,164,567,32211
6539,Mon Sep 07 19:40:36 BDT 2026,Mon Sep 07 19:40:37 BDT 2026,GET,https://t-f-cl-test-003.vercel.app/orders?_rsc=%3Cxsl%3Avalue-of+select%3D%22system-property%28%27xsl%3Avendor%27%29%22%2F%3E,403,Forbidden,198,567,32211
6540,Mon Sep 07 19:40:36 BDT 2026,Mon Sep 07 19:40:37 BDT 2026,GET,https://t-f-cl-test-003.vercel.app/products/7?_rsc=%3C,403,Forbidden,196,567,32209
6541,Mon Sep 07 19:40:36 BDT 2026,Mon Sep 07 19:40:37 BDT 2026,GET,https://t-f-cl-test-003.vercel.app/products/8?_rsc=%3C,403,Forbidden,195,567,32209
6542,Mon Sep 07 19:40:36 BDT 2026,Mon Sep 07 19:40:37 BDT 2026,POST,https://t-f-cl-test-003.vercel.app/orders,403,Forbidden,242,567,32226
6543,Mon Sep 07 19:40:36 BDT 2026,Mon Sep 07 19:40:37 BDT 2026,GET,https://t-f-cl-test-003.vercel.app/login?_rsc=%3Cxsl%3Avalue-of+select%3D%22system-property%28%27xsl%3Avendor%27%29%22%2F%3E,403,Forbidden,208,567,32218
6544,Mon Sep 07 19:40:36 BDT 2026,Mon Sep 07 19:40:37 BDT 2026,GET,https://t-f-cl-test-003.vercel.app/products/9?_rsc=%3C,403,Forbidden,210,567,32210
6545,Mon Sep 07 19:40:36 BDT 2026,Mon Sep 07 19:40:37 BDT 2026,GET,https://t-f-cl-test-003.vercel.app/favicon.ico?favicon.3fpu2ql9ns1a0.ico=%3Cxsl%3Avalue-of+select%3D%22system-property%28%27xsl%3Avendor%27%29%22%2F%3E,403,Forbidden,225,567,32211
6546,Mon Sep 07 19:40:36 BDT 2026,Mon Sep 07 19:40:37 BDT 2026,POST,https://t-f-cl-test-003.vercel.app/checkout,403,Forbidden,236,567,32225
6547,Mon Sep 07 19:40:36 BDT 2026,Mon Sep 07 19:40:37 BDT 2026,GET,https://t-f-cl-test-003.vercel.app/products/10?_rsc=%3C,403,Forbidden,213,567,32210
6548,Mon Sep 07 19:40:37 BDT 2026,Mon Sep 07 19:40:37 BDT 2026,POST,https://t-f-cl-test-003.vercel.app/products/3,403,Forbidden,195,567,32225
6549,Mon Sep 07 19:40:36 BDT 2026,Mon Sep 07 19:40:37 BDT 2026,POST,https://t-f-cl-test-003.vercel.app/login?next=%3Cxsl%3Avalue-of+select%3D%22php%3Afunction%28%27exec%27%2C%27erroneous_command+2%3E%26amp%3B1%27%29%22%2F%3E,403,Forbidden,215,567,32212
6550,Mon Sep 07 19:40:36 BDT 2026,Mon Sep 07 19:40:37 BDT 2026,GET,https://t-f-cl-test-003.vercel.app/products/1?_rsc=%3C,403,Forbidden,211,567,32212
6551,Mon Sep 07 19:40:36 BDT 2026,Mon Sep 07 19:40:37 BDT 2026,POST,https://t-f-cl-test-003.vercel.app/user/005c9b24-b1d2-47b1-afe3-c98b4f4320b2,403,Forbidden,204,567,32219
6552,Mon Sep 07 19:40:36 BDT 2026,Mon Sep 07 19:40:37 BDT 2026,GET,https://t-f-cl-test-003.vercel.app/products/4?_rsc=%3C,403,Forbidden,213,567,32222
6553,Mon Sep 07 19:40:37 BDT 2026,Mon Sep 07 19:40:37 BDT 2026,GET,https://t-f-cl-test-003.vercel.app/?_rsc=%3Cxsl%3Avalue-of+select%3D%22php%3Afunction%28%27exec%27%2C%27erroneous_command+2%3E%26amp%3B1%27%29%22%2F%3E,403,Forbidden,197,567,32211
6554,Mon Sep 07 19:40:36 BDT 2026,Mon Sep 07 19:40:37 BDT 2026,GET,https://t-f-cl-test-003.vercel.app/products/2?_rsc=%3C,403,Forbidden,213,567,32221
6555,Mon Sep 07 19:40:36 BDT 2026,Mon Sep 07 19:40:37 BDT 2026,GET,https://t-f-cl-test-003.vercel.app/products/3?_rsc=%3C,403,Forbidden,213,567,32218
6556,Mon Sep 07 19:40:36 BDT 2026,Mon Sep 07 19:40:37 BDT 2026,GET,https://t-f-cl-test-003.vercel.app/products/6?_rsc=%3C,403,Forbidden,219,567,32225
6557,Mon Sep 07 19:40:36 BDT 2026,Mon Sep 07 19:40:37 BDT 2026,GET,https://t-f-cl-test-003.vercel.app/user,403,Forbidden,221,567,32209
6558,Mon Sep 07 19:40:36 BDT 2026,Mon Sep 07 19:40:37 BDT 2026,POST,https://t-f-cl-test-003.vercel.app/products/3,403,Forbidden,219,567,32215
6559,Mon Sep 07 19:40:36 BDT 2026,Mon Sep 07 19:40:37 BDT 2026,GET,https://t-f-cl-test-003.vercel.app/login?next=%3Cxsl%3Avalue-of+select%3D%22system-property%28%27xsl%3Avendor%27%29%22%2F%3E&_rsc=tXyZJ52UQVBCVsD3,403,Forbidden,227,567,32215
6560,Mon Sep 07 19:40:37 BDT 2026,Mon Sep 07 19:40:37 BDT 2026,GET,https://t-f-cl-test-003.vercel.app/checkout?_rsc=system-property%28%27xsl%3Avendor%27%29%2F%3E,403,Forbidden,180,567,32226
6561,Mon Sep 07 19:40:37 BDT 2026,Mon Sep 07 19:40:37 BDT 2026,GET,https://t-f-cl-test-003.vercel.app/orders?_rsc=system-property%28%27xsl%3Avendor%27%29%2F%3E,403,Forbidden,151,567,32210
6562,Mon Sep 07 19:40:37 BDT 2026,Mon Sep 07 19:40:37 BDT 2026,GET,https://t-f-cl-test-003.vercel.app/products/7?_rsc=%3Cxsl%3Avalue-of+select%3D%22system-property%28%27xsl%3Avendor%27%29%22%2F%3E,403,Forbidden,154,567,32215
6563,Mon Sep 07 19:40:37 BDT 2026,Mon Sep 07 19:40:37 BDT 2026,GET,https://t-f-cl-test-003.vercel.app/login?next=system-property%28%27xsl%3Avendor%27%29%2F%3E,403,Forbidden,198,567,32212
6564,Mon Sep 07 19:40:37 BDT 2026,Mon Sep 07 19:40:37 BDT 2026,GET,https://t-f-cl-test-003.vercel.app/products/5?_rsc=%3Cxsl%3Avalue-of+select%3D%22system-property%28%27xsl%3Avendor%27%29%22%2F%3E,403,Forbidden,195,567,32219
6565,Mon Sep 07 19:40:37 BDT 2026,Mon Sep 07 19:40:37 BDT 2026,GET,https://t-f-cl-test-003.vercel.app/products/8?_rsc=%3Cxsl%3Avalue-of+select%3D%22system-property%28%27xsl%3Avendor%27%29%22%2F%3E,403,Forbidden,163,567,32209
6566,Mon Sep 07 19:40:37 BDT 2026,Mon Sep 07 19:40:37 BDT 2026,GET,https://t-f-cl-test-003.vercel.app/products/6?_rsc=%3Cxsl%3Avalue-of+select%3D%22system-property%28%27xsl%3Avendor%27%29%22%2F%3E,403,Forbidden,150,567,32225
6567,Mon Sep 07 19:40:37 BDT 2026,Mon Sep 07 19:40:37 BDT 2026,GET,https://t-f-cl-test-003.vercel.app/products/9?_rsc=%3Cxsl%3Avalue-of+select%3D%22system-property%28%27xsl%3Avendor%27%29%22%2F%3E,403,Forbidden,169,567,32211
6568,Mon Sep 07 19:40:37 BDT 2026,Mon Sep 07 19:40:37 BDT 2026,GET,https://t-f-cl-test-003.vercel.app/favicon.ico?favicon.3fpu2ql9ns1a0.ico=system-property%28%27xsl%3Avendor%27%29%2F%3E,403,Forbidden,169,567,32225
6569,Mon Sep 07 19:40:37 BDT 2026,Mon Sep 07 19:40:37 BDT 2026,GET,https://t-f-cl-test-003.vercel.app/products/4?_rsc=%3Cxsl%3Avalue-of+select%3D%22system-property%28%27xsl%3Avendor%27%29%22%2F%3E,403,Forbidden,168,567,32218
6570,Mon Sep 07 19:40:37 BDT 2026,Mon Sep 07 19:40:37 BDT 2026,GET,https://t-f-cl-test-003.vercel.app/products/1?_rsc=%3Cxsl%3Avalue-of+select%3D%22system-property%28%27xsl%3Avendor%27%29%22%2F%3E,403,Forbidden,172,567,32218
6571,Mon Sep 07 19:40:37 BDT 2026,Mon Sep 07 19:40:37 BDT 2026,GET,https://t-f-cl-test-003.vercel.app/products/10?_rsc=%3Cxsl%3Avalue-of+select%3D%22system-property%28%27xsl%3Avendor%27%29%22%2F%3E,403,Forbidden,173,567,32222
6572,Mon Sep 07 19:40:37 BDT 2026,Mon Sep 07 19:40:37 BDT 2026,GET,https://t-f-cl-test-003.vercel.app/products/2?_rsc=%3Cxsl%3Avalue-of+select%3D%22system-property%28%27xsl%3Avendor%27%29%22%2F%3E,403,Forbidden,170,567,32228
6573,Mon Sep 07 19:40:37 BDT 2026,Mon Sep 07 19:40:37 BDT 2026,GET,https://t-f-cl-test-003.vercel.app/products/3?_rsc=%3Cxsl%3Avalue-of+select%3D%22system-property%28%27xsl%3Avendor%27%29%22%2F%3E,403,Forbidden,173,567,32218
6574,Mon Sep 07 19:40:37 BDT 2026,Mon Sep 07 19:40:37 BDT 2026,GET,https://t-f-cl-test-003.vercel.app/login?next=system-property%28%27xsl%3Avendor%27%29%2F%3E&_rsc=tXyZJ52UQVBCVsD3,403,Forbidden,164,567,32228
6575,Mon Sep 07 19:40:37 BDT 2026,Mon Sep 07 19:40:37 BDT 2026,POST,https://t-f-cl-test-003.vercel.app/login?next=%2Fcheckout,403,Forbidden,179,567,32211
6576,Mon Sep 07 19:40:37 BDT 2026,Mon Sep 07 19:40:37 BDT 2026,GET,https://t-f-cl-test-003.vercel.app/login?_rsc=system-property%28%27xsl%3Avendor%27%29%2F%3E,403,Forbidden,187,567,32222
6577,Mon Sep 07 19:40:37 BDT 2026,Mon Sep 07 19:40:37 BDT 2026,GET,https://t-f-cl-test-003.vercel.app/user/005c9b24-b1d2-47b1-afe3-c98b4f4320b2?_rsc=%3C,403,Forbidden,173,567,32218
6578,Mon Sep 07 19:40:37 BDT 2026,Mon Sep 07 19:40:37 BDT 2026,GET,https://t-f-cl-test-003.vercel.app/checkout?_rsc=%22%2F%3E%3Cxsl%3Avalue-of+select%3D%22system-property%28%27xsl%3Avendor%27%29%22%2F%3E%3C%21--,403,Forbidden,157,567,32215
6579,Mon Sep 07 19:40:37 BDT 2026,Mon Sep 07 19:40:37 BDT 2026,GET,https://t-f-cl-test-003.vercel.app/products/5?_rsc=system-property%28%27xsl%3Avendor%27%29%2F%3E,403,Forbidden,162,567,32211
6580,Mon Sep 07 19:40:37 BDT 2026,Mon Sep 07 19:40:37 BDT 2026,GET,https://t-f-cl-test-003.vercel.app/products/8?_rsc=system-property%28%27xsl%3Avendor%27%29%2F%3E,403,Forbidden,159,567,32235
6581,Mon Sep 07 19:40:37 BDT 2026,Mon Sep 07 19:40:37 BDT 2026,GET,https://t-f-cl-test-003.vercel.app/products/7?_rsc=system-property%28%27xsl%3Avendor%27%29%2F%3E,403,Forbidden,173,567,32211
6582,Mon Sep 07 19:40:37 BDT 2026,Mon Sep 07 19:40:37 BDT 2026,GET,https://t-f-cl-test-003.vercel.app/orders?_rsc=%22%2F%3E%3Cxsl%3Avalue-of+select%3D%22system-property%28%27xsl%3Avendor%27%29%22%2F%3E%3C%21--,403,Forbidden,187,567,32211
6583,Mon Sep 07 19:40:37 BDT 2026,Mon Sep 07 19:40:37 BDT 2026,GET,https://t-f-cl-test-003.vercel.app/login?next=%22%2F%3E%3Cxsl%3Avalue-of+select%3D%22system-property%28%27xsl%3Avendor%27%29%22%2F%3E%3C%21--,403,Forbidden,187,567,32215
6584,Mon Sep 07 19:40:37 BDT 2026,Mon Sep 07 19:40:37 BDT 2026,GET,https://t-f-cl-test-003.vercel.app/products/6?_rsc=system-property%28%27xsl%3Avendor%27%29%2F%3E,403,Forbidden,171,567,32210
6585,Mon Sep 07 19:40:37 BDT 2026,Mon Sep 07 19:40:37 BDT 2026,POST,https://t-f-cl-test-003.vercel.app/login?next=%2Fcheckout,403,Forbidden,148,567,32211
6586,Mon Sep 07 19:40:37 BDT 2026,Mon Sep 07 19:40:37 BDT 2026,GET,https://t-f-cl-test-003.vercel.app/products/3?_rsc=system-property%28%27xsl%3Avendor%27%29%2F%3E,403,Forbidden,154,567,32211
6587,Mon Sep 07 19:40:37 BDT 2026,Mon Sep 07 19:40:37 BDT 2026,GET,https://t-f-cl-test-003.vercel.app/login?_rsc=%22%2F%3E%3Cxsl%3Avalue-of+select%3D%22system-property%28%27xsl%3Avendor%27%29%22%2F%3E%3C%21--,403,Forbidden,151,567,32225
6588,Mon Sep 07 19:40:37 BDT 2026,Mon Sep 07 19:40:37 BDT 2026,GET,https://t-f-cl-test-003.vercel.app/login?next=%22%2F%3E%3Cxsl%3Avalue-of+select%3D%22system-property%28%27xsl%3Avendor%27%29%22%2F%3E%3C%21--&_rsc=tXyZJ52UQVBCVsD3,403,Forbidden,161,567,32210
6589,Mon Sep 07 19:40:37 BDT 2026,Mon Sep 07 19:40:37 BDT 2026,GET,https://t-f-cl-test-003.vercel.app/products/4?_rsc=system-property%28%27xsl%3Avendor%27%29%2F%3E,403,Forbidden,170,567,32218
6590,Mon Sep 07 19:40:37 BDT 2026,Mon Sep 07 19:40:37 BDT 2026,GET,https://t-f-cl-test-003.vercel.app/products/1?_rsc=system-property%28%27xsl%3Avendor%27%29%2F%3E,403,Forbidden,168,567,32210
6591,Mon Sep 07 19:40:37 BDT 2026,Mon Sep 07 19:40:37 BDT 2026,GET,https://t-f-cl-test-003.vercel.app/products/2?_rsc=system-property%28%27xsl%3Avendor%27%29%2F%3E,403,Forbidden,174,567,32215
6592,Mon Sep 07 19:40:37 BDT 2026,Mon Sep 07 19:40:37 BDT 2026,GET,https://t-f-cl-test-003.vercel.app/products/9?_rsc=system-property%28%27xsl%3Avendor%27%29%2F%3E,403,Forbidden,181,567,32227
6593,Mon Sep 07 19:40:37 BDT 2026,Mon Sep 07 19:40:37 BDT 2026,GET,https://t-f-cl-test-003.vercel.app/products/10?_rsc=system-property%28%27xsl%3Avendor%27%29%2F%3E,403,Forbidden,180,567,32221
6594,Mon Sep 07 19:40:37 BDT 2026,Mon Sep 07 19:40:37 BDT 2026,GET,https://t-f-cl-test-003.vercel.app/favicon.ico?favicon.3fpu2ql9ns1a0.ico=%22%2F%3E%3Cxsl%3Avalue-of+select%3D%22system-property%28%27xsl%3Avendor%27%29%22%2F%3E%3C%21--,403,Forbidden,193,567,32219
6595,Mon Sep 07 19:40:37 BDT 2026,Mon Sep 07 19:40:37 BDT 2026,GET,https://t-f-cl-test-003.vercel.app/user/005c9b24-b1d2-47b1-afe3-c98b4f4320b2?_rsc=%3Cxsl%3Avalue-of+select%3D%22system-property%28%27xsl%3Avendor%27%29%22%2F%3E,403,Forbidden,182,567,32226
6596,Mon Sep 07 19:40:37 BDT 2026,Mon Sep 07 19:40:37 BDT 2026,GET,https://t-f-cl-test-003.vercel.app/products/8?_rsc=%22%2F%3E%3Cxsl%3Avalue-of+select%3D%22system-property%28%27xsl%3Avendor%27%29%22%2F%3E%3C%21--,403,Forbidden,149,567,32210
6597,Mon Sep 07 19:40:37 BDT 2026,Mon Sep 07 19:40:37 BDT 2026,GET,https://t-f-cl-test-003.vercel.app/orders?_rsc=%3Cxsl%3Avalue-of+select%3D%22system-property%28%27xsl%3Avendor%27%29%22%2F%3E%3C%21--,403,Forbidden,146,567,32210
6598,Mon Sep 07 19:40:37 BDT 2026,Mon Sep 07 19:40:37 BDT 2026,GET,https://t-f-cl-test-003.vercel.app/checkout?_rsc=%3Cxsl%3Avalue-of+select%3D%22system-property%28%27xsl%3Avendor%27%29%22%2F%3E%3C%21--,403,Forbidden,178,567,32215
6599,Mon Sep 07 19:40:37 BDT 2026,Mon Sep 07 19:40:37 BDT 2026,GET,https://t-f-cl-test-003.vercel.app/products/5?_rsc=%22%2F%3E%3Cxsl%3Avalue-of+select%3D%22system-property%28%27xsl%3Avendor%27%29%22%2F%3E%3C%21--,403,Forbidden,176,567,32215
6600,Mon Sep 07 19:40:37 BDT 2026,Mon Sep 07 19:40:37 BDT 2026,GET,https://t-f-cl-test-003.vercel.app/login?next=%3Cxsl%3Avalue-of+select%3D%22system-property%28%27xsl%3Avendor%27%29%22%2F%3E%3C%21--&_rsc=tXyZJ52UQVBCVsD3,403,Forbidden,158,567,32215
6601,Mon Sep 07 19:40:37 BDT 2026,Mon Sep 07 19:40:37 BDT 2026,GET,https://t-f-cl-test-003.vercel.app/login?next=%3Cxsl%3Avalue-of+select%3D%22system-property%28%27xsl%3Avendor%27%29%22%2F%3E%3C%21--,403,Forbidden,172,567,32209
6602,Mon Sep 07 19:40:37 BDT 2026,Mon Sep 07 19:40:37 BDT 2026,GET,https://t-f-cl-test-003.vercel.app/products/7?_rsc=%22%2F%3E%3Cxsl%3Avalue-of+select%3D%22system-property%28%27xsl%3Avendor%27%29%22%2F%3E%3C%21--,403,Forbidden,192,567,32210
6603,Mon Sep 07 19:40:37 BDT 2026,Mon Sep 07 19:40:37 BDT 2026,GET,https://t-f-cl-test-003.vercel.app/login?_rsc=%3Cxsl%3Avalue-of+select%3D%22system-property%28%27xsl%3Avendor%27%29%22%2F%3E%3C%21--,403,Forbidden,174,567,32235
6604,Mon Sep 07 19:40:37 BDT 2026,Mon Sep 07 19:40:37 BDT 2026,GET,https://t-f-cl-test-003.vercel.app/products/6?_rsc=%22%2F%3E%3Cxsl%3Avalue-of+select%3D%22system-property%28%27xsl%3Avendor%27%29%22%2F%3E%3C%21--,403,Forbidden,187,567,32210
6605,Mon Sep 07 19:40:37 BDT 2026,Mon Sep 07 19:40:37 BDT 2026,POST,https://t-f-cl-test-003.vercel.app/login?next=%2Fcheckout,403,Forbidden,182,567,32215
6606,Mon Sep 07 19:40:37 BDT 2026,Mon Sep 07 19:40:37 BDT 2026,GET,https://t-f-cl-test-003.vercel.app/products/3?_rsc=%22%2F%3E%3Cxsl%3Avalue-of+select%3D%22system-property%28%27xsl%3Avendor%27%29%22%2F%3E%3C%21--,403,Forbidden,183,567,32221
6607,Mon Sep 07 19:40:37 BDT 2026,Mon Sep 07 19:40:37 BDT 2026,GET,https://t-f-cl-test-003.vercel.app/products/4?_rsc=%22%2F%3E%3Cxsl%3Avalue-of+select%3D%22system-property%28%27xsl%3Avendor%27%29%22%2F%3E%3C%21--,403,Forbidden,176,567,32215
6608,Mon Sep 07 19:40:37 BDT 2026,Mon Sep 07 19:40:37 BDT 2026,GET,https://t-f-cl-test-003.vercel.app/products/1?_rsc=%22%2F%3E%3Cxsl%3Avalue-of+select%3D%22system-property%28%27xsl%3Avendor%27%29%22%2F%3E%3C%21--,403,Forbidden,173,567,32219
6609,Mon Sep 07 19:40:37 BDT 2026,Mon Sep 07 19:40:37 BDT 2026,GET,https://t-f-cl-test-003.vercel.app/products/10?_rsc=%22%2F%3E%3Cxsl%3Avalue-of+select%3D%22system-property%28%27xsl%3Avendor%27%29%22%2F%3E%3C%21--,403,Forbidden,169,567,32217
6610,Mon Sep 07 19:40:37 BDT 2026,Mon Sep 07 19:40:37 BDT 2026,GET,https://t-f-cl-test-003.vercel.app/products/9?_rsc=%22%2F%3E%3Cxsl%3Avalue-of+select%3D%22system-property%28%27xsl%3Avendor%27%29%22%2F%3E%3C%21--,403,Forbidden,172,567,32225
6611,Mon Sep 07 19:40:37 BDT 2026,Mon Sep 07 19:40:37 BDT 2026,GET,https://t-f-cl-test-003.vercel.app/products/2?_rsc=%22%2F%3E%3Cxsl%3Avalue-of+select%3D%22system-property%28%27xsl%3Avendor%27%29%22%2F%3E%3C%21--,403,Forbidden,184,567,32231
6612,Mon Sep 07 19:40:37 BDT 2026,Mon Sep 07 19:40:37 BDT 2026,GET,https://t-f-cl-test-003.vercel.app/favicon.ico?favicon.3fpu2ql9ns1a0.ico=%3Cxsl%3Avalue-of+select%3D%22system-property%28%27xsl%3Avendor%27%29%22%2F%3E%3C%21--,403,Forbidden,169,567,32219
6613,Mon Sep 07 19:40:37 BDT 2026,Mon Sep 07 19:40:37 BDT 2026,GET,https://t-f-cl-test-003.vercel.app/user/005c9b24-b1d2-47b1-afe3-c98b4f4320b2?_rsc=system-property%28%27xsl%3Avendor%27%29%2F%3E,403,Forbidden,156,567,32226
6614,Mon Sep 07 19:40:37 BDT 2026,Mon Sep 07 19:40:37 BDT 2026,GET,https://t-f-cl-test-003.vercel.app/products/8?_rsc=%3Cxsl%3Avalue-of+select%3D%22system-property%28%27xsl%3Avendor%27%29%22%2F%3E%3C%21--,403,Forbidden,146,567,32210
6615,Mon Sep 07 19:40:37 BDT 2026,Mon Sep 07 19:40:37 BDT 2026,GET,https://t-f-cl-test-003.vercel.app/checkout?_rsc=%3Cxsl%3Avalue-of+select%3D%22document%28%27http%3A%2F%2Ft-f-cl-test-003.vercel.app%3A22%27%29%22%2F%3E,403,Forbidden,164,567,32222
6616,Mon Sep 07 19:40:37 BDT 2026,Mon Sep 07 19:40:37 BDT 2026,GET,https://t-f-cl-test-003.vercel.app/login?next=%3Cxsl%3Avalue-of+select%3D%22document%28%27http%3A%2F%2Ft-f-cl-test-003.vercel.app%3A22%27%29%22%2F%3E&_rsc=tXyZJ52UQVBCVsD3,403,Forbidden,145,567,32211
6617,Mon Sep 07 19:40:37 BDT 2026,Mon Sep 07 19:40:37 BDT 2026,GET,https://t-f-cl-test-003.vercel.app/login?next=%3Cxsl%3Avalue-of+select%3D%22document%28%27http%3A%2F%2Ft-f-cl-test-003.vercel.app%3A22%27%29%22%2F%3E,403,Forbidden,151,567,32218
6618,Mon Sep 07 19:40:37 BDT 2026,Mon Sep 07 19:40:37 BDT 2026,GET,https://t-f-cl-test-003.vercel.app/orders?_rsc=%3Cxsl%3Avalue-of+select%3D%22document%28%27http%3A%2F%2Ft-f-cl-test-003.vercel.app%3A22%27%29%22%2F%3E,403,Forbidden,181,567,32231
6619,Mon Sep 07 19:40:37 BDT 2026,Mon Sep 07 19:40:37 BDT 2026,GET,https://t-f-cl-test-003.vercel.app/products/2?_rsc=%3Cxsl%3Avalue-of+select%3D%22system-property%28%27xsl%3Avendor%27%29%22%2F%3E%3C%21--,403,Forbidden,160,567,32221
6620,Mon Sep 07 19:40:37 BDT 2026,Mon Sep 07 19:40:37 BDT 2026,GET,https://t-f-cl-test-003.vercel.app/products/1?_rsc=%3Cxsl%3Avalue-of+select%3D%22system-property%28%27xsl%3Avendor%27%29%22%2F%3E%3C%21--,403,Forbidden,175,567,32212
6621,Mon Sep 07 19:40:37 BDT 2026,Mon Sep 07 19:40:37 BDT 2026,POST,https://t-f-cl-test-003.vercel.app/login?next=%2Fcheckout,403,Forbidden,181,567,32210
6622,Mon Sep 07 19:40:37 BDT 2026,Mon Sep 07 19:40:37 BDT 2026,GET,https://t-f-cl-test-003.vercel.app/products/6?_rsc=%3Cxsl%3Avalue-of+select%3D%22system-property%28%27xsl%3Avendor%27%29%22%2F%3E%3C%21--,403,Forbidden,184,567,32209
6623,Mon Sep 07 19:40:37 BDT 2026,Mon Sep 07 19:40:37 BDT 2026,GET,https://t-f-cl-test-003.vercel.app/products/5?_rsc=%3Cxsl%3Avalue-of+select%3D%22system-property%28%27xsl%3Avendor%27%29%22%2F%3E%3C%21--,403,Forbidden,213,567,32222
6624,Mon Sep 07 19:40:37 BDT 2026,Mon Sep 07 19:40:37 BDT 2026,GET,https://t-f-cl-test-003.vercel.app/products/3?_rsc=%3Cxsl%3Avalue-of+select%3D%22system-property%28%27xsl%3Avendor%27%29%22%2F%3E%3C%21--,403,Forbidden,180,567,32218
6625,Mon Sep 07 19:40:37 BDT 2026,Mon Sep 07 19:40:37 BDT 2026,GET,https://t-f-cl-test-003.vercel.app/products/9?_rsc=%3Cxsl%3Avalue-of+select%3D%22system-property%28%27xsl%3Avendor%27%29%22%2F%3E%3C%21--,403,Forbidden,186,567,32210
6626,Mon Sep 07 19:40:37 BDT 2026,Mon Sep 07 19:40:37 BDT 2026,GET,https://t-f-cl-test-003.vercel.app/login?_rsc=%3Cxsl%3Avalue-of+select%3D%22document%28%27http%3A%2F%2Ft-f-cl-test-003.vercel.app%3A22%27%29%22%2F%3E,403,Forbidden,195,567,32217
6627,Mon Sep 07 19:40:37 BDT 2026,Mon Sep 07 19:40:37 BDT 2026,GET,https://t-f-cl-test-003.vercel.app/products/7?_rsc=%3Cxsl%3Avalue-of+select%3D%22system-property%28%27xsl%3Avendor%27%29%22%2F%3E%3C%21--,403,Forbidden,201,567,32222
6628,Mon Sep 07 19:40:37 BDT 2026,Mon Sep 07 19:40:37 BDT 2026,GET,https://t-f-cl-test-003.vercel.app/products/4?_rsc=%3Cxsl%3Avalue-of+select%3D%22system-property%28%27xsl%3Avendor%27%29%22%2F%3E%3C%21--,403,Forbidden,193,567,32227
6629,Mon Sep 07 19:40:37 BDT 2026,Mon Sep 07 19:40:37 BDT 2026,GET,https://t-f-cl-test-003.vercel.app/products/10?_rsc=%3Cxsl%3Avalue-of+select%3D%22system-property%28%27xsl%3Avendor%27%29%22%2F%3E%3C%21--,403,Forbidden,190,567,32226
6630,Mon Sep 07 19:40:37 BDT 2026,Mon Sep 07 19:40:37 BDT 2026,GET,https://t-f-cl-test-003.vercel.app/favicon.ico?favicon.3fpu2ql9ns1a0.ico=%3Cxsl%3Avalue-of+select%3D%22document%28%27http%3A%2F%2Ft-f-cl-test-003.vercel.app%3A22%27%29%22%2F%3E,403,Forbidden,186,567,32215
6631,Mon Sep 07 19:40:37 BDT 2026,Mon Sep 07 19:40:37 BDT 2026,GET,https://t-f-cl-test-003.vercel.app/user/005c9b24-b1d2-47b1-afe3-c98b4f4320b2?_rsc=%22%2F%3E%3Cxsl%3Avalue-of+select%3D%22system-property%28%27xsl%3Avendor%27%29%22%2F%3E%3C%21--,403,Forbidden,190,567,32210
6632,Mon Sep 07 19:40:37 BDT 2026,Mon Sep 07 19:40:37 BDT 2026,GET,https://t-f-cl-test-003.vercel.app/products/8?_rsc=%3Cxsl%3Avalue-of+select%3D%22document%28%27http%3A%2F%2Ft-f-cl-test-003.vercel.app%3A22%27%29%22%2F%3E,403,Forbidden,172,567,32218
6633,Mon Sep 07 19:40:37 BDT 2026,Mon Sep 07 19:40:38 BDT 2026,GET,https://t-f-cl-test-003.vercel.app/login?next=%3Cxsl%3Avariable+name%3D%22rtobject%22+select%3D%22runtime%3AgetRuntime%28%29%22%2F%3E%0A%3Cxsl%3Avariable+name%3D%22process%22+select%3D%22runtime%3Aexec%28%24rtobject%2C%27erroneous_command%27%29%22%2F%3E%0A%3Cxsl%3Avariable+name%3D%22waiting%22+select%3D%22process%3AwaitFor%28%24process%29%22%2F%3E%0A%3Cxsl%3Avalue-of+select%3D%22%24process%22%2F%3E&_rsc=tXyZJ52UQVBCVsD3,403,Forbidden,171,567,32210
6634,Mon Sep 07 19:40:37 BDT 2026,Mon Sep 07 19:40:38 BDT 2026,GET,https://t-f-cl-test-003.vercel.app/checkout?_rsc=%3Cxsl%3Avariable+name%3D%22rtobject%22+select%3D%22runtime%3AgetRuntime%28%29%22%2F%3E%0A%3Cxsl%3Avariable+name%3D%22process%22+select%3D%22runtime%3Aexec%28%24rtobject%2C%27erroneous_command%27%29%22%2F%3E%0A%3Cxsl%3Avariable+name%3D%22waiting%22+select%3D%22process%3AwaitFor%28%24process%29%22%2F%3E%0A%3Cxsl%3Avalue-of+select%3D%22%24process%22%2F%3E,403,Forbidden,180,567,32219
6635,Mon Sep 07 19:40:37 BDT 2026,Mon Sep 07 19:40:38 BDT 2026,GET,https://t-f-cl-test-003.vercel.app/login?next=%3Cxsl%3Avariable+name%3D%22rtobject%22+select%3D%22runtime%3AgetRuntime%28%29%22%2F%3E%0A%3Cxsl%3Avariable+name%3D%22process%22+select%3D%22runtime%3Aexec%28%24rtobject%2C%27erroneous_command%27%29%22%2F%3E%0A%3Cxsl%3Avariable+name%3D%22waiting%22+select%3D%22process%3AwaitFor%28%24process%29%22%2F%3E%0A%3Cxsl%3Avalue-of+select%3D%22%24process%22%2F%3E,403,Forbidden,181,567,32222
6636,Mon Sep 07 19:40:37 BDT 2026,Mon Sep 07 19:40:38 BDT 2026,GET,https://t-f-cl-test-003.vercel.app/products/2?_rsc=%3Cxsl%3Avalue-of+select%3D%22document%28%27http%3A%2F%2Ft-f-cl-test-003.vercel.app%3A22%27%29%22%2F%3E,403,Forbidden,142,567,32219
6637,Mon Sep 07 19:40:37 BDT 2026,Mon Sep 07 19:40:38 BDT 2026,GET,https://t-f-cl-test-003.vercel.app/products/1?_rsc=%3Cxsl%3Avalue-of+select%3D%22document%28%27http%3A%2F%2Ft-f-cl-test-003.vercel.app%3A22%27%29%22%2F%3E,403,Forbidden,159,567,32217
6638,Mon Sep 07 19:40:37 BDT 2026,Mon Sep 07 19:40:38 BDT 2026,GET,https://t-f-cl-test-003.vercel.app/orders?_rsc=%3Cxsl%3Avariable+name%3D%22rtobject%22+select%3D%22runtime%3AgetRuntime%28%29%22%2F%3E%0A%3Cxsl%3Avariable+name%3D%22process%22+select%3D%22runtime%3Aexec%28%24rtobject%2C%27erroneous_command%27%29%22%2F%3E%0A%3Cxsl%3Avariable+name%3D%22waiting%22+select%3D%22process%3AwaitFor%28%24process%29%22%2F%3E%0A%3Cxsl%3Avalue-of+select%3D%22%24process%22%2F%3E,403,Forbidden,206,567,32219
6639,Mon Sep 07 19:40:37 BDT 2026,Mon Sep 07 19:40:38 BDT 2026,GET,https://t-f-cl-test-003.vercel.app/products/10?_rsc=%3Cxsl%3Avalue-of+select%3D%22document%28%27http%3A%2F%2Ft-f-cl-test-003.vercel.app%3A22%27%29%22%2F%3E,403,Forbidden,151,567,32222
6640,Mon Sep 07 19:40:37 BDT 2026,Mon Sep 07 19:40:38 BDT 2026,GET,https://t-f-cl-test-003.vercel.app/products/6?_rsc=%3Cxsl%3Avalue-of+select%3D%22document%28%27http%3A%2F%2Ft-f-cl-test-003.vercel.app%3A22%27%29%22%2F%3E,403,Forbidden,171,567,32215
6641,Mon Sep 07 19:40:37 BDT 2026,Mon Sep 07 19:40:38 BDT 2026,GET,https://t-f-cl-test-003.vercel.app/login?_rsc=%3Cxsl%3Avariable+name%3D%22rtobject%22+select%3D%22runtime%3AgetRuntime%28%29%22%2F%3E%0A%3Cxsl%3Avariable+name%3D%22process%22+select%3D%22runtime%3Aexec%28%24rtobject%2C%27erroneous_command%27%29%22%2F%3E%0A%3Cxsl%3Avariable+name%3D%22waiting%22+select%3D%22process%3AwaitFor%28%24process%29%22%2F%3E%0A%3Cxsl%3Avalue-of+select%3D%22%24process%22%2F%3E,403,Forbidden,161,567,32210
6642,Mon Sep 07 19:40:37 BDT 2026,Mon Sep 07 19:40:38 BDT 2026,GET,https://t-f-cl-test-003.vercel.app/products/9?_rsc=%3Cxsl%3Avalue-of+select%3D%22document%28%27http%3A%2F%2Ft-f-cl-test-003.vercel.app%3A22%27%29%22%2F%3E,403,Forbidden,164,567,32228
6643,Mon Sep 07 19:40:37 BDT 2026,Mon Sep 07 19:40:38 BDT 2026,GET,https://t-f-cl-test-003.vercel.app/user/005c9b24-b1d2-47b1-afe3-c98b4f4320b2?_rsc=%3Cxsl%3Avalue-of+select%3D%22system-property%28%27xsl%3Avendor%27%29%22%2F%3E%3C%21--,403,Forbidden,148,567,32222
6644,Mon Sep 07 19:40:37 BDT 2026,Mon Sep 07 19:40:38 BDT 2026,GET,https://t-f-cl-test-003.vercel.app/products/5?_rsc=%3Cxsl%3Avalue-of+select%3D%22document%28%27http%3A%2F%2Ft-f-cl-test-003.vercel.app%3A22%27%29%22%2F%3E,403,Forbidden,175,567,32219
6645,Mon Sep 07 19:40:37 BDT 2026,Mon Sep 07 19:40:38 BDT 2026,GET,https://t-f-cl-test-003.vercel.app/favicon.ico?favicon.3fpu2ql9ns1a0.ico=%3Cxsl%3Avariable+name%3D%22rtobject%22+select%3D%22runtime%3AgetRuntime%28%29%22%2F%3E%0A%3Cxsl%3Avariable+name%3D%22process%22+select%3D%22runtime%3Aexec%28%24rtobject%2C%27erroneous_command%27%29%22%2F%3E%0A%3Cxsl%3Avariable+name%3D%22waiting%22+select%3D%22process%3AwaitFor%28%24process%29%22%2F%3E%0A%3Cxsl%3Avalue-of+select%3D%22%24process%22%2F%3E,403,Forbidden,160,567,32210
6646,Mon Sep 07 19:40:37 BDT 2026,Mon Sep 07 19:40:38 BDT 2026,GET,https://t-f-cl-test-003.vercel.app/products/3?_rsc=%3Cxsl%3Avalue-of+select%3D%22document%28%27http%3A%2F%2Ft-f-cl-test-003.vercel.app%3A22%27%29%22%2F%3E,403,Forbidden,180,567,32231
6647,Mon Sep 07 19:40:37 BDT 2026,Mon Sep 07 19:40:38 BDT 2026,GET,https://t-f-cl-test-003.vercel.app/products/7?_rsc=%3Cxsl%3Avalue-of+select%3D%22document%28%27http%3A%2F%2Ft-f-cl-test-003.vercel.app%3A22%27%29%22%2F%3E,403,Forbidden,176,567,32209
6648,Mon Sep 07 19:40:37 BDT 2026,Mon Sep 07 19:40:38 BDT 2026,GET,https://t-f-cl-test-003.vercel.app/products/4?_rsc=%3Cxsl%3Avalue-of+select%3D%22document%28%27http%3A%2F%2Ft-f-cl-test-003.vercel.app%3A22%27%29%22%2F%3E,403,Forbidden,178,567,32209
6649,Mon Sep 07 19:40:37 BDT 2026,Mon Sep 07 19:40:38 BDT 2026,GET,https://t-f-cl-test-003.vercel.app/products/8?_rsc=%3Cxsl%3Avariable+name%3D%22rtobject%22+select%3D%22runtime%3AgetRuntime%28%29%22%2F%3E%0A%3Cxsl%3Avariable+name%3D%22process%22+select%3D%22runtime%3Aexec%28%24rtobject%2C%27erroneous_command%27%29%22%2F%3E%0A%3Cxsl%3Avariable+name%3D%22waiting%22+select%3D%22process%3AwaitFor%28%24process%29%22%2F%3E%0A%3Cxsl%3Avalue-of+select%3D%22%24process%22%2F%3E,403,Forbidden,155,567,32222
6650,Mon Sep 07 19:40:38 BDT 2026,Mon Sep 07 19:40:38 BDT 2026,GET,https://t-f-cl-test-003.vercel.app/checkout?_rsc=%3Cxsl%3Avalue-of+select%3D%22php%3Afunction%28%27exec%27%2C%27erroneous_command+2%3E%26amp%3B1%27%29%22%2F%3E,403,Forbidden,162,567,32217
6651,Mon Sep 07 19:40:38 BDT 2026,Mon Sep 07 19:40:38 BDT 2026,GET,https://t-f-cl-test-003.vercel.app/login?next=%3Cxsl%3Avalue-of+select%3D%22php%3Afunction%28%27exec%27%2C%27erroneous_command+2%3E%26amp%3B1%27%29%22%2F%3E,403,Forbidden,148,567,32211
6652,Mon Sep 07 19:40:38 BDT 2026,Mon Sep 07 19:40:38 BDT 2026,GET,https://t-f-cl-test-003.vercel.app/login?next=%3Cxsl%3Avalue-of+select%3D%22php%3Afunction%28%27exec%27%2C%27erroneous_command+2%3E%26amp%3B1%27%29%22%2F%3E&_rsc=tXyZJ52UQVBCVsD3,403,Forbidden,172,567,32219
6653,Mon Sep 07 19:40:38 BDT 2026,Mon Sep 07 19:40:38 BDT 2026,GET,https://t-f-cl-test-003.vercel.app/products/1?_rsc=%3Cxsl%3Avariable+name%3D%22rtobject%22+select%3D%22runtime%3AgetRuntime%28%29%22%2F%3E%0A%3Cxsl%3Avariable+name%3D%22process%22+select%3D%22runtime%3Aexec%28%24rtobject%2C%27erroneous_command%27%29%22%2F%3E%0A%3Cxsl%3Avariable+name%3D%22waiting%22+select%3D%22process%3AwaitFor%28%24process%29%22%2F%3E%0A%3Cxsl%3Avalue-of+select%3D%22%24process%22%2F%3E,403,Forbidden,153,567,32218
6654,Mon Sep 07 19:40:38 BDT 2026,Mon Sep 07 19:40:38 BDT 2026,GET,https://t-f-cl-test-003.vercel.app/orders?_rsc=%3Cxsl%3Avalue-of+select%3D%22php%3Afunction%28%27exec%27%2C%27erroneous_command+2%3E%26amp%3B1%27%29%22%2F%3E,403,Forbidden,160,567,32209
6655,Mon Sep 07 19:40:38 BDT 2026,Mon Sep 07 19:40:38 BDT 2026,GET,https://t-f-cl-test-003.vercel.app/products/10?_rsc=%3Cxsl%3Avariable+name%3D%22rtobject%22+select%3D%22runtime%3AgetRuntime%28%29%22%2F%3E%0A%3Cxsl%3Avariable+name%3D%22process%22+select%3D%22runtime%3Aexec%28%24rtobject%2C%27erroneous_command%27%29%22%2F%3E%0A%3Cxsl%3Avariable+name%3D%22waiting%22+select%3D%22process%3AwaitFor%28%24process%29%22%2F%3E%0A%3Cxsl%3Avalue-of+select%3D%22%24process%22%2F%3E,403,Forbidden,163,567,32211
6656,Mon Sep 07 19:40:38 BDT 2026,Mon Sep 07 19:40:38 BDT 2026,GET,https://t-f-cl-test-003.vercel.app/products/2?_rsc=%3Cxsl%3Avariable+name%3D%22rtobject%22+select%3D%22runtime%3AgetRuntime%28%29%22%2F%3E%0A%3Cxsl%3Avariable+name%3D%22process%22+select%3D%22runtime%3Aexec%28%24rtobject%2C%27erroneous_command%27%29%22%2F%3E%0A%3Cxsl%3Avariable+name%3D%22waiting%22+select%3D%22process%3AwaitFor%28%24process%29%22%2F%3E%0A%3Cxsl%3Avalue-of+select%3D%22%24process%22%2F%3E,403,Forbidden,202,567,32211
6657,Mon Sep 07 19:40:38 BDT 2026,Mon Sep 07 19:40:38 BDT 2026,GET,https://t-f-cl-test-003.vercel.app/user/005c9b24-b1d2-47b1-afe3-c98b4f4320b2?_rsc=%3Cxsl%3Avalue-of+select%3D%22document%28%27http%3A%2F%2Ft-f-cl-test-003.vercel.app%3A22%27%29%22%2F%3E,403,Forbidden,175,567,32211
6658,Mon Sep 07 19:40:38 BDT 2026,Mon Sep 07 19:40:38 BDT 2026,GET,https://t-f-cl-test-003.vercel.app/products/3?_rsc=%3Cxsl%3Avariable+name%3D%22rtobject%22+select%3D%22runtime%3AgetRuntime%28%29%22%2F%3E%0A%3Cxsl%3Avariable+name%3D%22process%22+select%3D%22runtime%3Aexec%28%24rtobject%2C%27erroneous_command%27%29%22%2F%3E%0A%3Cxsl%3Avariable+name%3D%22waiting%22+select%3D%22process%3AwaitFor%28%24process%29%22%2F%3E%0A%3Cxsl%3Avalue-of+select%3D%22%24process%22%2F%3E,403,Forbidden,168,567,32210
6659,Mon Sep 07 19:40:38 BDT 2026,Mon Sep 07 19:40:38 BDT 2026,GET,https://t-f-cl-test-003.vercel.app/products/5?_rsc=%3Cxsl%3Avariable+name%3D%22rtobject%22+select%3D%22runtime%3AgetRuntime%28%29%22%2F%3E%0A%3Cxsl%3Avariable+name%3D%22process%22+select%3D%22runtime%3Aexec%28%24rtobject%2C%27erroneous_command%27%29%22%2F%3E%0A%3Cxsl%3Avariable+name%3D%22waiting%22+select%3D%22process%3AwaitFor%28%24process%29%22%2F%3E%0A%3Cxsl%3Avalue-of+select%3D%22%24process%22%2F%3E,403,Forbidden,175,567,32231
6660,Mon Sep 07 19:40:38 BDT 2026,Mon Sep 07 19:40:38 BDT 2026,GET,https://t-f-cl-test-003.vercel.app/products/6?_rsc=%3Cxsl%3Avariable+name%3D%22rtobject%22+select%3D%22runtime%3AgetRuntime%28%29%22%2F%3E%0A%3Cxsl%3Avariable+name%3D%22process%22+select%3D%22runtime%3Aexec%28%24rtobject%2C%27erroneous_command%27%29%22%2F%3E%0A%3Cxsl%3Avariable+name%3D%22waiting%22+select%3D%22process%3AwaitFor%28%24process%29%22%2F%3E%0A%3Cxsl%3Avalue-of+select%3D%22%24process%22%2F%3E,403,Forbidden,181,567,32210
6661,Mon Sep 07 19:40:38 BDT 2026,Mon Sep 07 19:40:38 BDT 2026,GET,https://t-f-cl-test-003.vercel.app/products/9?_rsc=%3Cxsl%3Avariable+name%3D%22rtobject%22+select%3D%22runtime%3AgetRuntime%28%29%22%2F%3E%0A%3Cxsl%3Avariable+name%3D%22process%22+select%3D%22runtime%3Aexec%28%24rtobject%2C%27erroneous_command%27%29%22%2F%3E%0A%3Cxsl%3Avariable+name%3D%22waiting%22+select%3D%22process%3AwaitFor%28%24process%29%22%2F%3E%0A%3Cxsl%3Avalue-of+select%3D%22%24process%22%2F%3E,403,Forbidden,181,567,32218
6662,Mon Sep 07 19:40:38 BDT 2026,Mon Sep 07 19:40:38 BDT 2026,GET,https://t-f-cl-test-003.vercel.app/products/7?_rsc=%3Cxsl%3Avariable+name%3D%22rtobject%22+select%3D%22runtime%3AgetRuntime%28%29%22%2F%3E%0A%3Cxsl%3Avariable+name%3D%22process%22+select%3D%22runtime%3Aexec%28%24rtobject%2C%27erroneous_command%27%29%22%2F%3E%0A%3Cxsl%3Avariable+name%3D%22waiting%22+select%3D%22process%3AwaitFor%28%24process%29%22%2F%3E%0A%3Cxsl%3Avalue-of+select%3D%22%24process%22%2F%3E,403,Forbidden,175,567,32211
6663,Mon Sep 07 19:40:38 BDT 2026,Mon Sep 07 19:40:38 BDT 2026,GET,https://t-f-cl-test-003.vercel.app/favicon.ico?favicon.3fpu2ql9ns1a0.ico=%3Cxsl%3Avalue-of+select%3D%22php%3Afunction%28%27exec%27%2C%27erroneous_command+2%3E%26amp%3B1%27%29%22%2F%3E,403,Forbidden,184,567,32218
6664,Mon Sep 07 19:40:38 BDT 2026,Mon Sep 07 19:40:38 BDT 2026,GET,https://t-f-cl-test-003.vercel.app/login?_rsc=%3Cxsl%3Avalue-of+select%3D%22php%3Afunction%28%27exec%27%2C%27erroneous_command+2%3E%26amp%3B1%27%29%22%2F%3E,403,Forbidden,192,567,32215
6665,Mon Sep 07 19:40:38 BDT 2026,Mon Sep 07 19:40:38 BDT 2026,GET,https://t-f-cl-test-003.vercel.app/products/4?_rsc=%3Cxsl%3Avariable+name%3D%22rtobject%22+select%3D%22runtime%3AgetRuntime%28%29%22%2F%3E%0A%3Cxsl%3Avariable+name%3D%22process%22+select%3D%22runtime%3Aexec%28%24rtobject%2C%27erroneous_command%27%29%22%2F%3E%0A%3Cxsl%3Avariable+name%3D%22waiting%22+select%3D%22process%3AwaitFor%28%24process%29%22%2F%3E%0A%3Cxsl%3Avalue-of+select%3D%22%24process%22%2F%3E,403,Forbidden,173,567,32209
6666,Mon Sep 07 19:40:38 BDT 2026,Mon Sep 07 19:40:38 BDT 2026,GET,https://t-f-cl-test-003.vercel.app/products/8?_rsc=%3Cxsl%3Avalue-of+select%3D%22php%3Afunction%28%27exec%27%2C%27erroneous_command+2%3E%26amp%3B1%27%29%22%2F%3E,403,Forbidden,150,567,32226
6667,Mon Sep 07 19:40:38 BDT 2026,Mon Sep 07 19:40:38 BDT 2026,GET,https://t-f-cl-test-003.vercel.app/login?next=%2Fcheckout&_rsc=%3C,403,Forbidden,164,567,32215
6668,Mon Sep 07 19:40:38 BDT 2026,Mon Sep 07 19:40:38 BDT 2026,GET,https://t-f-cl-test-003.vercel.app/products/1?_rsc=%3Cxsl%3Avalue-of+select%3D%22php%3Afunction%28%27exec%27%2C%27erroneous_command+2%3E%26amp%3B1%27%29%22%2F%3E,403,Forbidden,186,567,32211
6669,Mon Sep 07 19:40:38 BDT 2026,Mon Sep 07 19:40:38 BDT 2026,GET,https://t-f-cl-test-003.vercel.app/products/6?_rsc=%3Cxsl%3Avalue-of+select%3D%22php%3Afunction%28%27exec%27%2C%27erroneous_command+2%3E%26amp%3B1%27%29%22%2F%3E,403,Forbidden,143,567,32221
6670,Mon Sep 07 19:40:38 BDT 2026,Mon Sep 07 19:40:38 BDT 2026,GET,https://t-f-cl-test-003.vercel.app/products/10?_rsc=%3Cxsl%3Avalue-of+select%3D%22php%3Afunction%28%27exec%27%2C%27erroneous_command+2%3E%26amp%3B1%27%29%22%2F%3E,403,Forbidden,166,567,32231
6671,Mon Sep 07 19:40:38 BDT 2026,Mon Sep 07 19:40:38 BDT 2026,GET,https://t-f-cl-test-003.vercel.app/user/005c9b24-b1d2-47b1-afe3-c98b4f4320b2?_rsc=%3Cxsl%3Avariable+name%3D%22rtobject%22+select%3D%22runtime%3AgetRuntime%28%29%22%2F%3E%0A%3Cxsl%3Avariable+name%3D%22process%22+select%3D%22runtime%3Aexec%28%24rtobject%2C%27erroneous_command%27%29%22%2F%3E%0A%3Cxsl%3Avariable+name%3D%22waiting%22+select%3D%22process%3AwaitFor%28%24process%29%22%2F%3E%0A%3Cxsl%3Avalue-of+select%3D%22%24process%22%2F%3E,403,Forbidden,155,567,32225
6672,Mon Sep 07 19:40:38 BDT 2026,Mon Sep 07 19:40:38 BDT 2026,GET,https://t-f-cl-test-003.vercel.app/products/5?_rsc=%3Cxsl%3Avalue-of+select%3D%22php%3Afunction%28%27exec%27%2C%27erroneous_command+2%3E%26amp%3B1%27%29%22%2F%3E,403,Forbidden,155,567,32215
6673,Mon Sep 07 19:40:38 BDT 2026,Mon Sep 07 19:40:38 BDT 2026,GET,https://t-f-cl-test-003.vercel.app/products/3?_rsc=%3Cxsl%3Avalue-of+select%3D%22php%3Afunction%28%27exec%27%2C%27erroneous_command+2%3E%26amp%3B1%27%29%22%2F%3E,403,Forbidden,155,567,32209
6674,Mon Sep 07 19:40:38 BDT 2026,Mon Sep 07 19:40:38 BDT 2026,GET,https://t-f-cl-test-003.vercel.app/products/4?_rsc=%3Cxsl%3Avalue-of+select%3D%22php%3Afunction%28%27exec%27%2C%27erroneous_command+2%3E%26amp%3B1%27%29%22%2F%3E,403,Forbidden,145,567,32222
6675,Mon Sep 07 19:40:38 BDT 2026,Mon Sep 07 19:40:38 BDT 2026,GET,https://t-f-cl-test-003.vercel.app/products/2?_rsc=%3Cxsl%3Avalue-of+select%3D%22php%3Afunction%28%27exec%27%2C%27erroneous_command+2%3E%26amp%3B1%27%29%22%2F%3E,403,Forbidden,193,567,32211
6676,Mon Sep 07 19:40:38 BDT 2026,Mon Sep 07 19:40:38 BDT 2026,GET,https://t-f-cl-test-003.vercel.app/products/9?_rsc=%3Cxsl%3Avalue-of+select%3D%22php%3Afunction%28%27exec%27%2C%27erroneous_command+2%3E%26amp%3B1%27%29%22%2F%3E,403,Forbidden,176,567,32210
6677,Mon Sep 07 19:40:38 BDT 2026,Mon Sep 07 19:40:38 BDT 2026,GET,https://t-f-cl-test-003.vercel.app/products/7?_rsc=%3Cxsl%3Avalue-of+select%3D%22php%3Afunction%28%27exec%27%2C%27erroneous_command+2%3E%26amp%3B1%27%29%22%2F%3E,403,Forbidden,182,567,32210
6678,Mon Sep 07 19:40:38 BDT 2026,Mon Sep 07 19:40:38 BDT 2026,GET,https://t-f-cl-test-003.vercel.app/login?next=%2Fcheckout&_rsc=%3Cxsl%3Avalue-of+select%3D%22system-property%28%27xsl%3Avendor%27%29%22%2F%3E,403,Forbidden,165,567,32218
6679,Mon Sep 07 19:40:38 BDT 2026,Mon Sep 07 19:40:38 BDT 2026,GET,https://t-f-cl-test-003.vercel.app/user/005c9b24-b1d2-47b1-afe3-c98b4f4320b2?_rsc=%3Cxsl%3Avalue-of+select%3D%22php%3Afunction%28%27exec%27%2C%27erroneous_command+2%3E%26amp%3B1%27%29%22%2F%3E,403,Forbidden,191,567,32235
6680,Mon Sep 07 19:40:38 BDT 2026,Mon Sep 07 19:40:38 BDT 2026,GET,https://t-f-cl-test-003.vercel.app/login?next=%2Fcheckout&_rsc=system-property%28%27xsl%3Avendor%27%29%2F%3E,403,Forbidden,166,567,32228
6681,Mon Sep 07 19:40:38 BDT 2026,Mon Sep 07 19:40:38 BDT 2026,GET,https://t-f-cl-test-003.vercel.app/login?next=%2Fcheckout&_rsc=%22%2F%3E%3Cxsl%3Avalue-of+select%3D%22system-property%28%27xsl%3Avendor%27%29%22%2F%3E%3C%21--,403,Forbidden,171,567,32211
6682,Mon Sep 07 19:40:38 BDT 2026,Mon Sep 07 19:40:38 BDT 2026,POST,http://t-f-cl-test-003.vercel.app/checkout,308,Permanent Redirect,80,192,14
6683,Mon Sep 07 19:40:38 BDT 2026,Mon Sep 07 19:40:38 BDT 2026,POST,http://t-f-cl-test-003.vercel.app/products/3,308,Permanent Redirect,80,196,14
6684,Mon Sep 07 19:40:38 BDT 2026,Mon Sep 07 19:40:38 BDT 2026,GET,http://t-f-cl-test-003.vercel.app/,308,Permanent Redirect,83,176,14
6685,Mon Sep 07 19:40:38 BDT 2026,Mon Sep 07 19:40:38 BDT 2026,POST,http://t-f-cl-test-003.vercel.app/products/5,308,Permanent Redirect,85,196,14
6686,Mon Sep 07 19:40:38 BDT 2026,Mon Sep 07 19:40:38 BDT 2026,POST,http://t-f-cl-test-003.vercel.app/user/005c9b24-b1d2-47b1-afe3-c98b4f4320b2,308,Permanent Redirect,84,258,14
6687,Mon Sep 07 19:40:38 BDT 2026,Mon Sep 07 19:40:38 BDT 2026,POST,http://t-f-cl-test-003.vercel.app/orders,308,Permanent Redirect,90,188,14
6688,Mon Sep 07 19:40:38 BDT 2026,Mon Sep 07 19:40:38 BDT 2026,POST,http://t-f-cl-test-003.vercel.app/products/3,308,Permanent Redirect,91,196,14
6689,Mon Sep 07 19:40:38 BDT 2026,Mon Sep 07 19:40:38 BDT 2026,POST,http://t-f-cl-test-003.vercel.app/login?next=%2Fcheckout,308,Permanent Redirect,93,220,14
6690,Mon Sep 07 19:40:38 BDT 2026,Mon Sep 07 19:40:38 BDT 2026,GET,http://t-f-cl-test-003.vercel.app/?_rsc=tXyZJ52UQVBCVsD3,308,Permanent Redirect,106,220,14
6691,Mon Sep 07 19:40:38 BDT 2026,Mon Sep 07 19:40:39 BDT 2026,GET,https://t-f-cl-test-003.vercel.app,403,Forbidden,165,567,32209
6692,Mon Sep 07 19:40:39 BDT 2026,Mon Sep 07 19:40:39 BDT 2026,GET,https://t-f-cl-test-003.vercel.app/_next,403,Forbidden,157,567,32227
6693,Mon Sep 07 19:40:39 BDT 2026,Mon Sep 07 19:40:39 BDT 2026,GET,https://t-f-cl-test-003.vercel.app/_next/static,403,Forbidden,157,567,32211
6694,Mon Sep 07 19:40:39 BDT 2026,Mon Sep 07 19:40:39 BDT 2026,GET,https://t-f-cl-test-003.vercel.app/_next/static/immutable,403,Forbidden,151,567,32211
6695,Mon Sep 07 19:40:39 BDT 2026,Mon Sep 07 19:40:39 BDT 2026,GET,https://t-f-cl-test-003.vercel.app/_next/static/immutable/chunks,403,Forbidden,162,567,32210
6696,Mon Sep 07 19:40:39 BDT 2026,Mon Sep 07 19:40:39 BDT 2026,GET,http://t-f-cl-test-003.vercel.app/_next/static/immutable/chunks/1d4958ewfv327.js,308,Permanent Redirect,84,268,14
6697,Mon Sep 07 19:40:39 BDT 2026,Mon Sep 07 19:40:39 BDT 2026,GET,http://t-f-cl-test-003.vercel.app/_next/static/immutable/chunks/16wlnohtd568d.js,308,Permanent Redirect,84,268,14
6698,Mon Sep 07 19:40:39 BDT 2026,Mon Sep 07 19:40:39 BDT 2026,GET,http://t-f-cl-test-003.vercel.app/_next/static/immutable/chunks/2hnoy-l5u7xsz.js,308,Permanent Redirect,85,268,14
6699,Mon Sep 07 19:40:39 BDT 2026,Mon Sep 07 19:40:39 BDT 2026,GET,http://t-f-cl-test-003.vercel.app/_next/static/immutable/chunks/3o3-pqfgq6cb5.css,308,Permanent Redirect,85,270,14
6700,Mon Sep 07 19:40:39 BDT 2026,Mon Sep 07 19:40:39 BDT 2026,GET,http://t-f-cl-test-003.vercel.app/_next/static/immutable/chunks/2snf3fwvli28n.js,308,Permanent Redirect,88,268,14
6701,Mon Sep 07 19:40:39 BDT 2026,Mon Sep 07 19:40:39 BDT 2026,GET,http://t-f-cl-test-003.vercel.app/_next/static/immutable/chunks/28vn259qs49yk.js,308,Permanent Redirect,90,268,14
6702,Mon Sep 07 19:40:39 BDT 2026,Mon Sep 07 19:40:39 BDT 2026,GET,http://t-f-cl-test-003.vercel.app/_next/static/immutable/chunks/1wgrv8-jci7nj.js,308,Permanent Redirect,93,268,14
6703,Mon Sep 07 19:40:39 BDT 2026,Mon Sep 07 19:40:39 BDT 2026,GET,http://t-f-cl-test-003.vercel.app/_next/static/immutable/chunks/2v3cv0w2fww2x.js,308,Permanent Redirect,91,268,14
6704,Mon Sep 07 19:40:39 BDT 2026,Mon Sep 07 19:40:39 BDT 2026,GET,http://t-f-cl-test-003.vercel.app/_next/static/immutable/chunks/turbopack-3owek367tc1ue.js,308,Permanent Redirect,97,288,14
6705,Mon Sep 07 19:40:39 BDT 2026,Mon Sep 07 19:40:39 BDT 2026,GET,http://t-f-cl-test-003.vercel.app/_next/static/immutable/chunks/2corl6wyj4669.js,308,Permanent Redirect,100,268,14
6706,Mon Sep 07 19:40:39 BDT 2026,Mon Sep 07 19:40:39 BDT 2026,GET,http://t-f-cl-test-003.vercel.app/_next/static/immutable/chunks/36s0t0o8ux5as.js,308,Permanent Redirect,98,268,14
6707,Mon Sep 07 19:40:39 BDT 2026,Mon Sep 07 19:40:39 BDT 2026,GET,http://t-f-cl-test-003.vercel.app/_next/static/immutable/chunks/0o_km9rtfdj29.js,308,Permanent Redirect,91,268,14
6708,Mon Sep 07 19:40:39 BDT 2026,Mon Sep 07 19:40:39 BDT 2026,GET,http://t-f-cl-test-003.vercel.app/_next/static/immutable/chunks/31tcpybs-b989.js,308,Permanent Redirect,97,268,14
6709,Mon Sep 07 19:40:39 BDT 2026,Mon Sep 07 19:40:39 BDT 2026,GET,http://t-f-cl-test-003.vercel.app/_next/static/immutable/chunks/2suy93rarf9c1.js,308,Permanent Redirect,94,268,14
6710,Mon Sep 07 19:40:39 BDT 2026,Mon Sep 07 19:40:39 BDT 2026,GET,http://t-f-cl-test-003.vercel.app/_next/static/immutable/chunks/0_8a58fpkby91.js,308,Permanent Redirect,84,268,14
6711,Mon Sep 07 19:40:39 BDT 2026,Mon Sep 07 19:40:39 BDT 2026,GET,https://t-f-cl-test-003.vercel.app/_next/static/immutable/media,403,Forbidden,144,567,32226
6712,Mon Sep 07 19:40:39 BDT 2026,Mon Sep 07 19:40:39 BDT 2026,GET,http://t-f-cl-test-003.vercel.app/_next/static/immutable/media/ibm-plex-mono-latin-600-normal.04jv21_rdbjv3.woff2,308,Permanent Redirect,81,334,14
6713,Mon Sep 07 19:40:39 BDT 2026,Mon Sep 07 19:40:39 BDT 2026,GET,http://t-f-cl-test-003.vercel.app/login?_rsc=tXyZJ52UQVBCVsD3,308,Permanent Redirect,81,230,14
6714,Mon Sep 07 19:40:39 BDT 2026,Mon Sep 07 19:40:39 BDT 2026,GET,http://t-f-cl-test-003.vercel.app/favicon.ico?favicon.3fpu2ql9ns1a0.ico,308,Permanent Redirect,80,250,14
6715,Mon Sep 07 19:40:39 BDT 2026,Mon Sep 07 19:40:39 BDT 2026,GET,http://t-f-cl-test-003.vercel.app/_next/static/immutable/media/ibm-plex-mono-latin-400-normal.19gbeb610ur4n.woff2,308,Permanent Redirect,81,334,14
6716,Mon Sep 07 19:40:39 BDT 2026,Mon Sep 07 19:40:39 BDT 2026,GET,http://t-f-cl-test-003.vercel.app/checkout?_rsc=U5Jq6qAThNnFslX9,308,Permanent Redirect,85,236,14
6717,Mon Sep 07 19:40:39 BDT 2026,Mon Sep 07 19:40:39 BDT 2026,GET,http://t-f-cl-test-003.vercel.app/_next/static/immutable/media/special-elite-latin-400-normal.2mza6l9y4lmq8.woff2,308,Permanent Redirect,90,334,14
6718,Mon Sep 07 19:40:39 BDT 2026,Mon Sep 07 19:40:39 BDT 2026,GET,http://t-f-cl-test-003.vercel.app/login?next=%2Fcheckout,308,Permanent Redirect,95,220,14
6719,Mon Sep 07 19:40:39 BDT 2026,Mon Sep 07 19:40:39 BDT 2026,GET,http://t-f-cl-test-003.vercel.app/login?next=%2Fcheckout&_rsc=tXyZJ52UQVBCVsD3,308,Permanent Redirect,96,264,14
6720,Mon Sep 07 19:40:39 BDT 2026,Mon Sep 07 19:40:39 BDT 2026,GET,http://t-f-cl-test-003.vercel.app/orders?_rsc=5FCqwAwqu569ta3T,308,Permanent Redirect,95,232,14
6721,Mon Sep 07 19:40:39 BDT 2026,Mon Sep 07 19:40:39 BDT 2026,GET,http://t-f-cl-test-003.vercel.app/_next/static/immutable/media/ibm-plex-mono-latin-500-normal.25_05y-blbp24.woff2,308,Permanent Redirect,98,334,14
6722,Mon Sep 07 19:40:39 BDT 2026,Mon Sep 07 19:40:39 BDT 2026,GET,https://t-f-cl-test-003.vercel.app/products,403,Forbidden,181,567,32228
6723,Mon Sep 07 19:40:39 BDT 2026,Mon Sep 07 19:40:40 BDT 2026,GET,http://t-f-cl-test-003.vercel.app/products/4?_rsc=tXyZJ52UQVBCVsD3,308,Permanent Redirect,82,240,14
6724,Mon Sep 07 19:40:39 BDT 2026,Mon Sep 07 19:40:40 BDT 2026,GET,http://t-f-cl-test-003.vercel.app/products/2?_rsc=tXyZJ52UQVBCVsD3,308,Permanent Redirect,83,240,14
6725,Mon Sep 07 19:40:39 BDT 2026,Mon Sep 07 19:40:40 BDT 2026,GET,http://t-f-cl-test-003.vercel.app/products/3?_rsc=tXyZJ52UQVBCVsD3,308,Permanent Redirect,85,240,14
6726,Mon Sep 07 19:40:39 BDT 2026,Mon Sep 07 19:40:40 BDT 2026,GET,http://t-f-cl-test-003.vercel.app/products/9?_rsc=tXyZJ52UQVBCVsD3,308,Permanent Redirect,82,240,14
6727,Mon Sep 07 19:40:39 BDT 2026,Mon Sep 07 19:40:40 BDT 2026,GET,http://t-f-cl-test-003.vercel.app/products/1?_rsc=W0kdaREBTBPKwbVG,308,Permanent Redirect,88,240,14
6728,Mon Sep 07 19:40:39 BDT 2026,Mon Sep 07 19:40:40 BDT 2026,GET,http://t-f-cl-test-003.vercel.app/products/10?_rsc=W0kdaREBTBPKwbVG,308,Permanent Redirect,91,242,14
6729,Mon Sep 07 19:40:39 BDT 2026,Mon Sep 07 19:40:40 BDT 2026,GET,http://t-f-cl-test-003.vercel.app/products/8?_rsc=tXyZJ52UQVBCVsD3,308,Permanent Redirect,91,240,14
6730,Mon Sep 07 19:40:39 BDT 2026,Mon Sep 07 19:40:40 BDT 2026,GET,http://t-f-cl-test-003.vercel.app/products/5?_rsc=tXyZJ52UQVBCVsD3,308,Permanent Redirect,95,240,14
6731,Mon Sep 07 19:40:39 BDT 2026,Mon Sep 07 19:40:40 BDT 2026,GET,http://t-f-cl-test-003.vercel.app/products/6?_rsc=tXyZJ52UQVBCVsD3,308,Permanent Redirect,103,240,14
6732,Mon Sep 07 19:40:39 BDT 2026,Mon Sep 07 19:40:40 BDT 2026,GET,http://t-f-cl-test-003.vercel.app/products/7?_rsc=tXyZJ52UQVBCVsD3,308,Permanent Redirect,107,240,14
6733,Mon Sep 07 19:40:39 BDT 2026,Mon Sep 07 19:40:40 BDT 2026,GET,https://t-f-cl-test-003.vercel.app/user,403,Forbidden,153,567,32210
6734,Mon Sep 07 19:40:40 BDT 2026,Mon Sep 07 19:40:40 BDT 2026,GET,http://t-f-cl-test-003.vercel.app/user/005c9b24-b1d2-47b1-afe3-c98b4f4320b2?_rsc=sE0E8H4Klxv0Jlpw,308,Permanent Redirect,83,302,14
6735,Mon Sep 07 19:40:40 BDT 2026,Mon Sep 07 19:40:40 BDT 2026,GET,https://t-f-cl-test-003.vercel.app,403,Forbidden,151,567,32222
6736,Mon Sep 07 19:40:40 BDT 2026,Mon Sep 07 19:40:40 BDT 2026,GET,https://t-f-cl-test-003.vercel.app/_next,403,Forbidden,151,567,32215
6737,Mon Sep 07 19:40:40 BDT 2026,Mon Sep 07 19:40:40 BDT 2026,GET,https://t-f-cl-test-003.vercel.app/_next/static,403,Forbidden,162,567,32228
6738,Mon Sep 07 19:40:40 BDT 2026,Mon Sep 07 19:40:40 BDT 2026,GET,https://t-f-cl-test-003.vercel.app/_next/static/immutable,403,Forbidden,172,567,32221
6739,Mon Sep 07 19:40:40 BDT 2026,Mon Sep 07 19:40:41 BDT 2026,GET,https://t-f-cl-test-003.vercel.app/_next/static/immutable/chunks,403,Forbidden,163,567,32221
6740,Mon Sep 07 19:40:41 BDT 2026,Mon Sep 07 19:40:41 BDT 2026,GET,https://t-f-cl-test-003.vercel.app/_next/static/immutable/media,403,Forbidden,166,567,32226
6741,Mon Sep 07 19:40:41 BDT 2026,Mon Sep 07 19:40:41 BDT 2026,GET,https://t-f-cl-test-003.vercel.app/products,403,Forbidden,149,567,32210
6742,Mon Sep 07 19:40:41 BDT 2026,Mon Sep 07 19:40:41 BDT 2026,GET,https://t-f-cl-test-003.vercel.app/user,403,Forbidden,171,567,32221
6743,Mon Sep 07 19:40:41 BDT 2026,Mon Sep 07 19:40:41 BDT 2026,POST,https://t-f-cl-test-003.vercel.app/checkout,403,Forbidden,148,567,32231
6745,Mon Sep 07 19:40:41 BDT 2026,Mon Sep 07 19:40:41 BDT 2026,GET,https://t-f-cl-test-003.vercel.app/?_rsc=tXyZJ52UQVBCVsD3,403,Forbidden,151,567,32231
6746,Mon Sep 07 19:40:41 BDT 2026,Mon Sep 07 19:40:41 BDT 2026,POST,https://t-f-cl-test-003.vercel.app/products/5,403,Forbidden,148,567,32215
6747,Mon Sep 07 19:40:41 BDT 2026,Mon Sep 07 19:40:41 BDT 2026,POST,https://t-f-cl-test-003.vercel.app/user/005c9b24-b1d2-47b1-afe3-c98b4f4320b2,403,Forbidden,148,567,32218
6748,Mon Sep 07 19:40:41 BDT 2026,Mon Sep 07 19:40:41 BDT 2026,POST,https://t-f-cl-test-003.vercel.app/products/3,403,Forbidden,148,567,32218
6753,Mon Sep 07 19:40:41 BDT 2026,Mon Sep 07 19:40:41 BDT 2026,POST,https://t-f-cl-test-003.vercel.app/products/3,403,Forbidden,164,567,32231
6754,Mon Sep 07 19:40:41 BDT 2026,Mon Sep 07 19:40:41 BDT 2026,GET,https://t-f-cl-test-003.vercel.app/,403,Forbidden,165,567,32211
6755,Mon Sep 07 19:40:41 BDT 2026,Mon Sep 07 19:40:41 BDT 2026,POST,https://t-f-cl-test-003.vercel.app/orders,403,Forbidden,164,567,32210
6758,Mon Sep 07 19:40:41 BDT 2026,Mon Sep 07 19:40:41 BDT 2026,GET,https://t-f-cl-test-003.vercel.app,403,Forbidden,163,567,32210
6760,Mon Sep 07 19:40:41 BDT 2026,Mon Sep 07 19:40:41 BDT 2026,POST,https://t-f-cl-test-003.vercel.app/login?next=%2Fcheckout,403,Forbidden,180,567,32221
6762,Mon Sep 07 19:40:41 BDT 2026,Mon Sep 07 19:40:41 BDT 2026,GET,https://t-f-cl-test-003.vercel.app,403,Forbidden,145,567,32222
6764,Mon Sep 07 19:40:41 BDT 2026,Mon Sep 07 19:40:41 BDT 2026,POST,https://t-f-cl-test-003.vercel.app/user/005c9b24-b1d2-47b1-afe3-c98b4f4320b2,403,Forbidden,139,567,32209
6766,Mon Sep 07 19:40:41 BDT 2026,Mon Sep 07 19:40:41 BDT 2026,POST,https://t-f-cl-test-003.vercel.app/checkout,403,Forbidden,159,567,32231
6768,Mon Sep 07 19:40:41 BDT 2026,Mon Sep 07 19:40:41 BDT 2026,GET,https://t-f-cl-test-003.vercel.app/_next,403,Forbidden,169,567,32222
6769,Mon Sep 07 19:40:41 BDT 2026,Mon Sep 07 19:40:41 BDT 2026,GET,https://t-f-cl-test-003.vercel.app/?_rsc=tXyZJ52UQVBCVsD3,403,Forbidden,160,567,32222
6771,Mon Sep 07 19:40:41 BDT 2026,Mon Sep 07 19:40:41 BDT 2026,POST,https://t-f-cl-test-003.vercel.app/products/5,403,Forbidden,163,567,32209
6773,Mon Sep 07 19:40:41 BDT 2026,Mon Sep 07 19:40:41 BDT 2026,POST,https://t-f-cl-test-003.vercel.app/products/3,403,Forbidden,148,567,32225
6774,Mon Sep 07 19:40:41 BDT 2026,Mon Sep 07 19:40:41 BDT 2026,POST,https://t-f-cl-test-003.vercel.app/products/3,403,Forbidden,171,567,32222
6777,Mon Sep 07 19:40:41 BDT 2026,Mon Sep 07 19:40:41 BDT 2026,POST,https://t-f-cl-test-003.vercel.app/orders,403,Forbidden,156,567,32212
6779,Mon Sep 07 19:40:41 BDT 2026,Mon Sep 07 19:40:41 BDT 2026,GET,https://t-f-cl-test-003.vercel.app/,403,Forbidden,164,567,32215
6781,Mon Sep 07 19:40:41 BDT 2026,Mon Sep 07 19:40:41 BDT 2026,POST,https://t-f-cl-test-003.vercel.app/login?next=%2Fcheckout,403,Forbidden,179,567,32218
6783,Mon Sep 07 19:40:41 BDT 2026,Mon Sep 07 19:40:42 BDT 2026,GET,https://t-f-cl-test-003.vercel.app/_next/static,403,Forbidden,157,567,32212
6784,Mon Sep 07 19:40:41 BDT 2026,Mon Sep 07 19:40:42 BDT 2026,POST,https://t-f-cl-test-003.vercel.app/user/005c9b24-b1d2-47b1-afe3-c98b4f4320b2,403,Forbidden,191,567,32221
6786,Mon Sep 07 19:40:41 BDT 2026,Mon Sep 07 19:40:42 BDT 2026,GET,https://t-f-cl-test-003.vercel.app,403,Forbidden,197,567,32219
6788,Mon Sep 07 19:40:41 BDT 2026,Mon Sep 07 19:40:42 BDT 2026,POST,https://t-f-cl-test-003.vercel.app/checkout,403,Forbidden,178,567,32226
6790,Mon Sep 07 19:40:41 BDT 2026,Mon Sep 07 19:40:42 BDT 2026,POST,https://t-f-cl-test-003.vercel.app/products/5,403,Forbidden,147,567,32215
6792,Mon Sep 07 19:40:41 BDT 2026,Mon Sep 07 19:40:42 BDT 2026,POST,https://t-f-cl-test-003.vercel.app/products/3,403,Forbidden,149,567,32209
6794,Mon Sep 07 19:40:41 BDT 2026,Mon Sep 07 19:40:42 BDT 2026,GET,https://t-f-cl-test-003.vercel.app/_next,403,Forbidden,185,567,32211
6796,Mon Sep 07 19:40:41 BDT 2026,Mon Sep 07 19:40:42 BDT 2026,POST,https://t-f-cl-test-003.vercel.app/products/3,403,Forbidden,160,567,32212
6798,Mon Sep 07 19:40:41 BDT 2026,Mon Sep 07 19:40:42 BDT 2026,GET,https://t-f-cl-test-003.vercel.app/?_rsc=tXyZJ52UQVBCVsD3,403,Forbidden,167,567,32212
6800,Mon Sep 07 19:40:41 BDT 2026,Mon Sep 07 19:40:42 BDT 2026,POST,https://t-f-cl-test-003.vercel.app/login?next=%2Fcheckout,403,Forbidden,151,567,32218
6802,Mon Sep 07 19:40:41 BDT 2026,Mon Sep 07 19:40:42 BDT 2026,GET,https://t-f-cl-test-003.vercel.app/,403,Forbidden,176,567,32210
6804,Mon Sep 07 19:40:41 BDT 2026,Mon Sep 07 19:40:42 BDT 2026,POST,https://t-f-cl-test-003.vercel.app/orders,403,Forbidden,180,567,32235
6806,Mon Sep 07 19:40:42 BDT 2026,Mon Sep 07 19:40:42 BDT 2026,GET,https://t-f-cl-test-003.vercel.app/_next/static,403,Forbidden,164,567,32219
6808,Mon Sep 07 19:40:42 BDT 2026,Mon Sep 07 19:40:42 BDT 2026,GET,https://t-f-cl-test-003.vercel.app,403,Forbidden,153,567,32215
6810,Mon Sep 07 19:40:42 BDT 2026,Mon Sep 07 19:40:42 BDT 2026,POST,https://t-f-cl-test-003.vercel.app/user/005c9b24-b1d2-47b1-afe3-c98b4f4320b2,403,Forbidden,154,567,32210
6812,Mon Sep 07 19:40:42 BDT 2026,Mon Sep 07 19:40:42 BDT 2026,GET,https://t-f-cl-test-003.vercel.app/_next/static/immutable,403,Forbidden,181,567,32218
6813,Mon Sep 07 19:40:42 BDT 2026,Mon Sep 07 19:40:42 BDT 2026,POST,https://t-f-cl-test-003.vercel.app/checkout,403,Forbidden,163,567,32228
6814,Mon Sep 07 19:40:42 BDT 2026,Mon Sep 07 19:40:42 BDT 2026,POST,https://t-f-cl-test-003.vercel.app/products/3,403,Forbidden,150,567,32215
6817,Mon Sep 07 19:40:42 BDT 2026,Mon Sep 07 19:40:42 BDT 2026,POST,https://t-f-cl-test-003.vercel.app/products/3,403,Forbidden,168,567,32218
6819,Mon Sep 07 19:40:42 BDT 2026,Mon Sep 07 19:40:42 BDT 2026,GET,https://t-f-cl-test-003.vercel.app/_next,403,Forbidden,173,567,32228
6821,Mon Sep 07 19:40:42 BDT 2026,Mon Sep 07 19:40:42 BDT 2026,GET,https://t-f-cl-test-003.vercel.app/,403,Forbidden,162,567,32225
6822,Mon Sep 07 19:40:42 BDT 2026,Mon Sep 07 19:40:42 BDT 2026,GET,https://t-f-cl-test-003.vercel.app/?_rsc=tXyZJ52UQVBCVsD3,403,Forbidden,147,567,32212
6823,Mon Sep 07 19:40:42 BDT 2026,Mon Sep 07 19:40:42 BDT 2026,POST,https://t-f-cl-test-003.vercel.app/products/5,403,Forbidden,176,567,32210
6824,Mon Sep 07 19:40:42 BDT 2026,Mon Sep 07 19:40:42 BDT 2026,POST,https://t-f-cl-test-003.vercel.app/login?next=%2Fcheckout,403,Forbidden,176,567,32222
6829,Mon Sep 07 19:40:42 BDT 2026,Mon Sep 07 19:40:42 BDT 2026,POST,https://t-f-cl-test-003.vercel.app/orders,403,Forbidden,177,567,32225
6831,Mon Sep 07 19:40:42 BDT 2026,Mon Sep 07 19:40:42 BDT 2026,GET,https://t-f-cl-test-003.vercel.app/_next/static,403,Forbidden,141,567,32209
6833,Mon Sep 07 19:40:42 BDT 2026,Mon Sep 07 19:40:42 BDT 2026,GET,https://t-f-cl-test-003.vercel.app/_next/static/immutable,403,Forbidden,143,567,32218
6835,Mon Sep 07 19:40:42 BDT 2026,Mon Sep 07 19:40:42 BDT 2026,POST,https://t-f-cl-test-003.vercel.app/user/005c9b24-b1d2-47b1-afe3-c98b4f4320b2,403,Forbidden,162,567,32211
6837,Mon Sep 07 19:40:42 BDT 2026,Mon Sep 07 19:40:42 BDT 2026,GET,https://t-f-cl-test-003.vercel.app/_next/static/immutable/chunks,403,Forbidden,167,567,32211
6838,Mon Sep 07 19:40:42 BDT 2026,Mon Sep 07 19:40:42 BDT 2026,POST,https://t-f-cl-test-003.vercel.app/checkout,403,Forbidden,163,567,32222
6839,Mon Sep 07 19:40:42 BDT 2026,Mon Sep 07 19:40:42 BDT 2026,POST,https://t-f-cl-test-003.vercel.app/products/3,403,Forbidden,157,567,32231
6842,Mon Sep 07 19:40:42 BDT 2026,Mon Sep 07 19:40:42 BDT 2026,GET,https://t-f-cl-test-003.vercel.app,403,Forbidden,184,567,32222
6844,Mon Sep 07 19:40:42 BDT 2026,Mon Sep 07 19:40:42 BDT 2026,POST,https://t-f-cl-test-003.vercel.app/products/3,403,Forbidden,178,567,32215
6846,Mon Sep 07 19:40:42 BDT 2026,Mon Sep 07 19:40:42 BDT 2026,POST,https://t-f-cl-test-003.vercel.app/products/5,403,Forbidden,161,567,32225
6848,Mon Sep 07 19:40:42 BDT 2026,Mon Sep 07 19:40:42 BDT 2026,GET,https://t-f-cl-test-003.vercel.app/,403,Forbidden,166,567,32219
6849,Mon Sep 07 19:40:42 BDT 2026,Mon Sep 07 19:40:42 BDT 2026,POST,https://t-f-cl-test-003.vercel.app/products/3,403,Forbidden,187,567,32228
6850,Mon Sep 07 19:40:42 BDT 2026,Mon Sep 07 19:40:42 BDT 2026,POST,https://t-f-cl-test-003.vercel.app/products/3,403,Forbidden,174,567,32222
6851,Mon Sep 07 19:40:42 BDT 2026,Mon Sep 07 19:40:42 BDT 2026,GET,https://t-f-cl-test-003.vercel.app/_next/static/immutable/chunks/1wgrv8-jci7nj.js,403,Forbidden,191,567,32228
6852,Mon Sep 07 19:40:42 BDT 2026,Mon Sep 07 19:40:42 BDT 2026,POST,https://t-f-cl-test-003.vercel.app/checkout,403,Forbidden,172,567,32212
6853,Mon Sep 07 19:40:42 BDT 2026,Mon Sep 07 19:40:42 BDT 2026,GET,https://t-f-cl-test-003.vercel.app,403,Forbidden,168,567,32226
6854,Mon Sep 07 19:40:42 BDT 2026,Mon Sep 07 19:40:42 BDT 2026,GET,https://t-f-cl-test-003.vercel.app/_next/static/immutable/chunks/2hnoy-l5u7xsz.js,403,Forbidden,186,567,32226
6855,Mon Sep 07 19:40:42 BDT 2026,Mon Sep 07 19:40:42 BDT 2026,GET,https://t-f-cl-test-003.vercel.app/_next/static/immutable/chunks/28vn259qs49yk.js,403,Forbidden,186,567,32218
6856,Mon Sep 07 19:40:42 BDT 2026,Mon Sep 07 19:40:42 BDT 2026,GET,https://t-f-cl-test-003.vercel.app/_next/static/immutable/chunks,403,Forbidden,188,567,32227
6857,Mon Sep 07 19:40:42 BDT 2026,Mon Sep 07 19:40:42 BDT 2026,GET,https://t-f-cl-test-003.vercel.app/_next/static/immutable/chunks/0o_km9rtfdj29.js,403,Forbidden,188,567,32218
6858,Mon Sep 07 19:40:42 BDT 2026,Mon Sep 07 19:40:42 BDT 2026,GET,https://t-f-cl-test-003.vercel.app/_next/static/immutable/chunks/1d4958ewfv327.js,403,Forbidden,188,567,32209
6859,Mon Sep 07 19:40:42 BDT 2026,Mon Sep 07 19:40:42 BDT 2026,GET,https://t-f-cl-test-003.vercel.app/_next/static/immutable/chunks/2snf3fwvli28n.js,403,Forbidden,175,567,32211
6860,Mon Sep 07 19:40:42 BDT 2026,Mon Sep 07 19:40:42 BDT 2026,GET,https://t-f-cl-test-003.vercel.app/_next/static/immutable/chunks/2suy93rarf9c1.js,403,Forbidden,175,567,32211
6861,Mon Sep 07 19:40:42 BDT 2026,Mon Sep 07 19:40:42 BDT 2026,GET,https://t-f-cl-test-003.vercel.app/_next/static/immutable/chunks/0_8a58fpkby91.js,403,Forbidden,180,567,32221
6862,Mon Sep 07 19:40:42 BDT 2026,Mon Sep 07 19:40:42 BDT 2026,POST,https://t-f-cl-test-003.vercel.app/user/005c9b24-b1d2-47b1-afe3-c98b4f4320b2,403,Forbidden,180,567,32212
6863,Mon Sep 07 19:40:42 BDT 2026,Mon Sep 07 19:40:42 BDT 2026,GET,https://t-f-cl-test-003.vercel.app/_next/static/immutable/chunks/2corl6wyj4669.js,403,Forbidden,163,567,32225
6864,Mon Sep 07 19:40:42 BDT 2026,Mon Sep 07 19:40:42 BDT 2026,GET,https://t-f-cl-test-003.vercel.app/_next/static/immutable/chunks/16wlnohtd568d.js,403,Forbidden,166,567,32225
6865,Mon Sep 07 19:40:42 BDT 2026,Mon Sep 07 19:40:42 BDT 2026,GET,https://t-f-cl-test-003.vercel.app/_next/static/immutable,403,Forbidden,178,567,32218
6866,Mon Sep 07 19:40:42 BDT 2026,Mon Sep 07 19:40:42 BDT 2026,GET,https://t-f-cl-test-003.vercel.app/_next/static,403,Forbidden,186,567,32219
6867,Mon Sep 07 19:40:42 BDT 2026,Mon Sep 07 19:40:42 BDT 2026,GET,https://t-f-cl-test-003.vercel.app/?_rsc=tXyZJ52UQVBCVsD3,403,Forbidden,175,567,32212
6868,Mon Sep 07 19:40:42 BDT 2026,Mon Sep 07 19:40:42 BDT 2026,POST,https://t-f-cl-test-003.vercel.app/orders,403,Forbidden,172,567,32210
6869,Mon Sep 07 19:40:42 BDT 2026,Mon Sep 07 19:40:42 BDT 2026,GET,https://t-f-cl-test-003.vercel.app/_next,403,Forbidden,167,567,32215
6870,Mon Sep 07 19:40:42 BDT 2026,Mon Sep 07 19:40:42 BDT 2026,POST,https://t-f-cl-test-003.vercel.app/login?next=%2Fcheckout,403,Forbidden,166,567,32215
6894,Mon Sep 07 19:40:42 BDT 2026,Mon Sep 07 19:40:42 BDT 2026,POST,https://t-f-cl-test-003.vercel.app/products/5,403,Forbidden,165,567,32215
6896,Mon Sep 07 19:40:42 BDT 2026,Mon Sep 07 19:40:42 BDT 2026,GET,https://t-f-cl-test-003.vercel.app/_next/static/immutable/chunks/2corl6wyj4669.js,403,Forbidden,161,567,32225
6897,Mon Sep 07 19:40:42 BDT 2026,Mon Sep 07 19:40:42 BDT 2026,POST,https://t-f-cl-test-003.vercel.app/checkout,403,Forbidden,161,567,32226
6900,Mon Sep 07 19:40:42 BDT 2026,Mon Sep 07 19:40:42 BDT 2026,GET,https://t-f-cl-test-003.vercel.app/_next/static/immutable/chunks/2hnoy-l5u7xsz.js,403,Forbidden,176,567,32227
6902,Mon Sep 07 19:40:42 BDT 2026,Mon Sep 07 19:40:42 BDT 2026,POST,https://t-f-cl-test-003.vercel.app/products/3,403,Forbidden,192,567,32226
6904,Mon Sep 07 19:40:42 BDT 2026,Mon Sep 07 19:40:42 BDT 2026,GET,https://t-f-cl-test-003.vercel.app/_next/static/immutable/chunks/0_8a58fpkby91.js,403,Forbidden,211,567,32218
6905,Mon Sep 07 19:40:42 BDT 2026,Mon Sep 07 19:40:42 BDT 2026,GET,https://t-f-cl-test-003.vercel.app/_next/static/immutable/chunks/16wlnohtd568d.js,403,Forbidden,213,567,32235
6906,Mon Sep 07 19:40:42 BDT 2026,Mon Sep 07 19:40:42 BDT 2026,GET,https://t-f-cl-test-003.vercel.app/_next/static/immutable/chunks/1wgrv8-jci7nj.js,403,Forbidden,213,567,32218
6907,Mon Sep 07 19:40:42 BDT 2026,Mon Sep 07 19:40:42 BDT 2026,GET,https://t-f-cl-test-003.vercel.app/_next/static/immutable/chunks/2suy93rarf9c1.js,403,Forbidden,213,567,32211
6908,Mon Sep 07 19:40:42 BDT 2026,Mon Sep 07 19:40:42 BDT 2026,GET,https://t-f-cl-test-003.vercel.app,403,Forbidden,213,567,32210
6909,Mon Sep 07 19:40:42 BDT 2026,Mon Sep 07 19:40:42 BDT 2026,GET,https://t-f-cl-test-003.vercel.app/_next/static,403,Forbidden,213,567,32209
6910,Mon Sep 07 19:40:42 BDT 2026,Mon Sep 07 19:40:42 BDT 2026,GET,https://t-f-cl-test-003.vercel.app/_next/static/immutable/chunks/1d4958ewfv327.js,403,Forbidden,213,567,32231
6911,Mon Sep 07 19:40:42 BDT 2026,Mon Sep 07 19:40:42 BDT 2026,POST,https://t-f-cl-test-003.vercel.app/login?next=%2Fcheckout,403,Forbidden,213,567,32218
6912,Mon Sep 07 19:40:42 BDT 2026,Mon Sep 07 19:40:42 BDT 2026,POST,https://t-f-cl-test-003.vercel.app/orders,403,Forbidden,211,567,32215
6913,Mon Sep 07 19:40:42 BDT 2026,Mon Sep 07 19:40:42 BDT 2026,GET,https://t-f-cl-test-003.vercel.app/_next/static/immutable/chunks/0o_km9rtfdj29.js,403,Forbidden,211,567,32211
6914,Mon Sep 07 19:40:42 BDT 2026,Mon Sep 07 19:40:42 BDT 2026,POST,https://t-f-cl-test-003.vercel.app/user/005c9b24-b1d2-47b1-afe3-c98b4f4320b2,403,Forbidden,211,567,32219
6915,Mon Sep 07 19:40:42 BDT 2026,Mon Sep 07 19:40:42 BDT 2026,GET,https://t-f-cl-test-003.vercel.app/?_rsc=tXyZJ52UQVBCVsD3,403,Forbidden,211,567,32215
6916,Mon Sep 07 19:40:42 BDT 2026,Mon Sep 07 19:40:42 BDT 2026,GET,https://t-f-cl-test-003.vercel.app/_next/static/immutable/chunks/28vn259qs49yk.js,403,Forbidden,211,567,32209
6917,Mon Sep 07 19:40:42 BDT 2026,Mon Sep 07 19:40:42 BDT 2026,GET,https://t-f-cl-test-003.vercel.app/,403,Forbidden,211,567,32210
6929,Mon Sep 07 19:40:42 BDT 2026,Mon Sep 07 19:40:42 BDT 2026,GET,https://t-f-cl-test-003.vercel.app/_next/static/immutable/chunks,403,Forbidden,214,567,32227
6933,Mon Sep 07 19:40:42 BDT 2026,Mon Sep 07 19:40:42 BDT 2026,POST,https://t-f-cl-test-003.vercel.app/products/3,403,Forbidden,218,567,32211
6934,Mon Sep 07 19:40:42 BDT 2026,Mon Sep 07 19:40:42 BDT 2026,GET,https://t-f-cl-test-003.vercel.app/_next/static/immutable/chunks/2snf3fwvli28n.js,403,Forbidden,217,567,32231
6938,Mon Sep 07 19:40:42 BDT 2026,Mon Sep 07 19:40:42 BDT 2026,GET,https://t-f-cl-test-003.vercel.app/_next/static/immutable,403,Forbidden,220,567,32235
6940,Mon Sep 07 19:40:42 BDT 2026,Mon Sep 07 19:40:42 BDT 2026,GET,https://t-f-cl-test-003.vercel.app/_next,403,Forbidden,229,567,32221
6942,Mon Sep 07 19:40:42 BDT 2026,Mon Sep 07 19:40:43 BDT 2026,POST,https://t-f-cl-test-003.vercel.app/products/5,403,Forbidden,194,567,32212
6944,Mon Sep 07 19:40:42 BDT 2026,Mon Sep 07 19:40:43 BDT 2026,GET,https://t-f-cl-test-003.vercel.app/_next/static/immutable/chunks/2corl6wyj4669.js,403,Forbidden,193,567,32212
6946,Mon Sep 07 19:40:42 BDT 2026,Mon Sep 07 19:40:43 BDT 2026,GET,https://t-f-cl-test-003.vercel.app/_next/static/immutable/chunks/2hnoy-l5u7xsz.js,403,Forbidden,181,567,32211
6948,Mon Sep 07 19:40:42 BDT 2026,Mon Sep 07 19:40:43 BDT 2026,POST,https://t-f-cl-test-003.vercel.app/checkout,403,Forbidden,215,567,32215
6949,Mon Sep 07 19:40:42 BDT 2026,Mon Sep 07 19:40:43 BDT 2026,POST,https://t-f-cl-test-003.vercel.app/products/3,403,Forbidden,185,567,32217
6952,Mon Sep 07 19:40:42 BDT 2026,Mon Sep 07 19:40:43 BDT 2026,GET,https://t-f-cl-test-003.vercel.app/_next/static/immutable/chunks/2suy93rarf9c1.js,403,Forbidden,182,567,32227
6953,Mon Sep 07 19:40:42 BDT 2026,Mon Sep 07 19:40:43 BDT 2026,POST,https://t-f-cl-test-003.vercel.app/products/3,403,Forbidden,180,567,32212
6956,Mon Sep 07 19:40:42 BDT 2026,Mon Sep 07 19:40:43 BDT 2026,GET,https://t-f-cl-test-003.vercel.app/_next/static/immutable/chunks/16wlnohtd568d.js,403,Forbidden,184,567,32215
6957,Mon Sep 07 19:40:42 BDT 2026,Mon Sep 07 19:40:43 BDT 2026,POST,https://t-f-cl-test-003.vercel.app/login?next=%2Fcheckout,403,Forbidden,186,567,32210
6958,Mon Sep 07 19:40:42 BDT 2026,Mon Sep 07 19:40:43 BDT 2026,GET,https://t-f-cl-test-003.vercel.app/_next,403,Forbidden,184,567,32218
6959,Mon Sep 07 19:40:42 BDT 2026,Mon Sep 07 19:40:43 BDT 2026,GET,https://t-f-cl-test-003.vercel.app/_next/static/immutable/chunks/0_8a58fpkby91.js,403,Forbidden,184,567,32215
6964,Mon Sep 07 19:40:42 BDT 2026,Mon Sep 07 19:40:43 BDT 2026,GET,https://t-f-cl-test-003.vercel.app/,403,Forbidden,191,567,32225
6965,Mon Sep 07 19:40:42 BDT 2026,Mon Sep 07 19:40:43 BDT 2026,POST,https://t-f-cl-test-003.vercel.app/user/005c9b24-b1d2-47b1-afe3-c98b4f4320b2,403,Forbidden,191,567,32215
6966,Mon Sep 07 19:40:42 BDT 2026,Mon Sep 07 19:40:43 BDT 2026,GET,https://t-f-cl-test-003.vercel.app/?_rsc=tXyZJ52UQVBCVsD3,403,Forbidden,194,567,32209
6967,Mon Sep 07 19:40:42 BDT 2026,Mon Sep 07 19:40:43 BDT 2026,GET,https://t-f-cl-test-003.vercel.app/_next/static/immutable,403,Forbidden,191,567,32235
6970,Mon Sep 07 19:40:42 BDT 2026,Mon Sep 07 19:40:43 BDT 2026,GET,https://t-f-cl-test-003.vercel.app/_next/static/immutable/chunks/1wgrv8-jci7nj.js,403,Forbidden,192,567,32226
6971,Mon Sep 07 19:40:42 BDT 2026,Mon Sep 07 19:40:43 BDT 2026,GET,https://t-f-cl-test-003.vercel.app/_next/static,403,Forbidden,194,567,32221
6972,Mon Sep 07 19:40:42 BDT 2026,Mon Sep 07 19:40:43 BDT 2026,GET,https://t-f-cl-test-003.vercel.app/_next/static/immutable/chunks/2snf3fwvli28n.js,403,Forbidden,192,567,32225
6976,Mon Sep 07 19:40:42 BDT 2026,Mon Sep 07 19:40:43 BDT 2026,GET,https://t-f-cl-test-003.vercel.app/_next/static/immutable/chunks/1d4958ewfv327.js,403,Forbidden,199,567,32209
6977,Mon Sep 07 19:40:42 BDT 2026,Mon Sep 07 19:40:43 BDT 2026,GET,https://t-f-cl-test-003.vercel.app/_next/static/immutable/chunks,403,Forbidden,195,567,32218
6978,Mon Sep 07 19:40:42 BDT 2026,Mon Sep 07 19:40:43 BDT 2026,POST,https://t-f-cl-test-003.vercel.app/orders,403,Forbidden,194,567,32211
6980,Mon Sep 07 19:40:42 BDT 2026,Mon Sep 07 19:40:43 BDT 2026,GET,https://t-f-cl-test-003.vercel.app/_next/static/immutable/chunks/0o_km9rtfdj29.js,403,Forbidden,194,567,32235
6986,Mon Sep 07 19:40:42 BDT 2026,Mon Sep 07 19:40:43 BDT 2026,GET,https://t-f-cl-test-003.vercel.app/_next/static/immutable/chunks/28vn259qs49yk.js,403,Forbidden,203,567,32211
6988,Mon Sep 07 19:40:42 BDT 2026,Mon Sep 07 19:40:43 BDT 2026,GET,https://t-f-cl-test-003.vercel.app,403,Forbidden,208,567,32219
6990,Mon Sep 07 19:40:43 BDT 2026,Mon Sep 07 19:40:43 BDT 2026,POST,https://t-f-cl-test-003.vercel.app/products/5,403,Forbidden,165,567,32215
6992,Mon Sep 07 19:40:43 BDT 2026,Mon Sep 07 19:40:43 BDT 2026,GET,https://t-f-cl-test-003.vercel.app/_next/static/immutable/chunks/2corl6wyj4669.js,403,Forbidden,180,567,32219
6994,Mon Sep 07 19:40:43 BDT 2026,Mon Sep 07 19:40:43 BDT 2026,POST,https://t-f-cl-test-003.vercel.app/checkout,403,Forbidden,194,567,32215
6996,Mon Sep 07 19:40:43 BDT 2026,Mon Sep 07 19:40:43 BDT 2026,POST,https://t-f-cl-test-003.vercel.app/products/3,403,Forbidden,145,567,32212
6998,Mon Sep 07 19:40:43 BDT 2026,Mon Sep 07 19:40:43 BDT 2026,POST,https://t-f-cl-test-003.vercel.app/products/3,403,Forbidden,204,567,32212
7000,Mon Sep 07 19:40:43 BDT 2026,Mon Sep 07 19:40:43 BDT 2026,GET,https://t-f-cl-test-003.vercel.app/_next/static/immutable/chunks/2hnoy-l5u7xsz.js,403,Forbidden,230,567,32221
7002,Mon Sep 07 19:40:43 BDT 2026,Mon Sep 07 19:40:43 BDT 2026,GET,https://t-f-cl-test-003.vercel.app/?_rsc=tXyZJ52UQVBCVsD3,403,Forbidden,172,567,32211
7004,Mon Sep 07 19:40:43 BDT 2026,Mon Sep 07 19:40:43 BDT 2026,GET,https://t-f-cl-test-003.vercel.app/_next/static/immutable/chunks/0_8a58fpkby91.js,403,Forbidden,172,567,32217
7006,Mon Sep 07 19:40:43 BDT 2026,Mon Sep 07 19:40:43 BDT 2026,GET,https://t-f-cl-test-003.vercel.app/_next/static/immutable/chunks/1d4958ewfv327.js,403,Forbidden,178,567,32215
7007,Mon Sep 07 19:40:43 BDT 2026,Mon Sep 07 19:40:43 BDT 2026,GET,https://t-f-cl-test-003.vercel.app/_next/static/immutable/chunks/1wgrv8-jci7nj.js,403,Forbidden,180,567,32228
7008,Mon Sep 07 19:40:43 BDT 2026,Mon Sep 07 19:40:43 BDT 2026,POST,https://t-f-cl-test-003.vercel.app/login?next=%2Fcheckout,403,Forbidden,199,567,32211
7009,Mon Sep 07 19:40:43 BDT 2026,Mon Sep 07 19:40:43 BDT 2026,GET,https://t-f-cl-test-003.vercel.app/_next/static/immutable/chunks/28vn259qs49yk.js,403,Forbidden,180,567,32219
7010,Mon Sep 07 19:40:43 BDT 2026,Mon Sep 07 19:40:43 BDT 2026,GET,https://t-f-cl-test-003.vercel.app/_next/static/immutable,403,Forbidden,180,567,32221
7011,Mon Sep 07 19:40:43 BDT 2026,Mon Sep 07 19:40:43 BDT 2026,GET,https://t-f-cl-test-003.vercel.app,403,Forbidden,180,567,32222
7013,Mon Sep 07 19:40:43 BDT 2026,Mon Sep 07 19:40:43 BDT 2026,POST,https://t-f-cl-test-003.vercel.app/orders,403,Forbidden,180,567,32218
7014,Mon Sep 07 19:40:43 BDT 2026,Mon Sep 07 19:40:43 BDT 2026,GET,https://t-f-cl-test-003.vercel.app/_next,403,Forbidden,199,567,32222
7016,Mon Sep 07 19:40:43 BDT 2026,Mon Sep 07 19:40:43 BDT 2026,GET,https://t-f-cl-test-003.vercel.app/_next/static/immutable/chunks/16wlnohtd568d.js,403,Forbidden,198,567,32222
7017,Mon Sep 07 19:40:43 BDT 2026,Mon Sep 07 19:40:43 BDT 2026,POST,https://t-f-cl-test-003.vercel.app/user/005c9b24-b1d2-47b1-afe3-c98b4f4320b2,403,Forbidden,198,567,32221
7018,Mon Sep 07 19:40:43 BDT 2026,Mon Sep 07 19:40:43 BDT 2026,GET,https://t-f-cl-test-003.vercel.app/_next/static/immutable/chunks/2suy93rarf9c1.js,403,Forbidden,197,567,32228
7019,Mon Sep 07 19:40:43 BDT 2026,Mon Sep 07 19:40:43 BDT 2026,GET,https://t-f-cl-test-003.vercel.app/_next/static/immutable/chunks/0o_km9rtfdj29.js,403,Forbidden,178,567,32228
7022,Mon Sep 07 19:40:43 BDT 2026,Mon Sep 07 19:40:43 BDT 2026,GET,https://t-f-cl-test-003.vercel.app/_next/static,403,Forbidden,187,567,32211
7025,Mon Sep 07 19:40:43 BDT 2026,Mon Sep 07 19:40:43 BDT 2026,GET,https://t-f-cl-test-003.vercel.app/_next/static/immutable/chunks/2snf3fwvli28n.js,403,Forbidden,187,567,32211
7032,Mon Sep 07 19:40:43 BDT 2026,Mon Sep 07 19:40:43 BDT 2026,GET,https://t-f-cl-test-003.vercel.app/_next/static/immutable/chunks,403,Forbidden,192,567,32211
7033,Mon Sep 07 19:40:43 BDT 2026,Mon Sep 07 19:40:43 BDT 2026,GET,https://t-f-cl-test-003.vercel.app/,403,Forbidden,192,567,32209
7038,Mon Sep 07 19:40:43 BDT 2026,Mon Sep 07 19:40:43 BDT 2026,GET,https://t-f-cl-test-003.vercel.app/_next/static/immutable/chunks/2corl6wyj4669.js,403,Forbidden,150,567,32215
7040,Mon Sep 07 19:40:43 BDT 2026,Mon Sep 07 19:40:43 BDT 2026,POST,https://t-f-cl-test-003.vercel.app/products/5,403,Forbidden,165,567,32235
7042,Mon Sep 07 19:40:43 BDT 2026,Mon Sep 07 19:40:43 BDT 2026,GET,https://t-f-cl-test-003.vercel.app/?_rsc=tXyZJ52UQVBCVsD3,403,Forbidden,152,567,32228
7044,Mon Sep 07 19:40:43 BDT 2026,Mon Sep 07 19:40:43 BDT 2026,POST,https://t-f-cl-test-003.vercel.app/products/3,403,Forbidden,208,567,32209
7046,Mon Sep 07 19:40:43 BDT 2026,Mon Sep 07 19:40:43 BDT 2026,GET,https://t-f-cl-test-003.vercel.app/_next/static/immutable/chunks/0_8a58fpkby91.js,403,Forbidden,182,567,32210
7048,Mon Sep 07 19:40:43 BDT 2026,Mon Sep 07 19:40:43 BDT 2026,POST,https://t-f-cl-test-003.vercel.app/checkout,403,Forbidden,215,567,32221
7049,Mon Sep 07 19:40:43 BDT 2026,Mon Sep 07 19:40:43 BDT 2026,POST,https://t-f-cl-test-003.vercel.app/products/3,403,Forbidden,190,567,32211
7052,Mon Sep 07 19:40:43 BDT 2026,Mon Sep 07 19:40:43 BDT 2026,POST,https://t-f-cl-test-003.vercel.app/login?next=%2Fcheckout,403,Forbidden,140,567,32218
7054,Mon Sep 07 19:40:43 BDT 2026,Mon Sep 07 19:40:43 BDT 2026,GET,https://t-f-cl-test-003.vercel.app/_next/static/immutable/chunks/2hnoy-l5u7xsz.js,403,Forbidden,201,567,32209
7056,Mon Sep 07 19:40:43 BDT 2026,Mon Sep 07 19:40:43 BDT 2026,GET,https://t-f-cl-test-003.vercel.app/_next,403,Forbidden,152,567,32221
7057,Mon Sep 07 19:40:43 BDT 2026,Mon Sep 07 19:40:43 BDT 2026,GET,https://t-f-cl-test-003.vercel.app/_next/static/immutable/chunks/1d4958ewfv327.js,403,Forbidden,156,567,32227
7060,Mon Sep 07 19:40:43 BDT 2026,Mon Sep 07 19:40:43 BDT 2026,GET,https://t-f-cl-test-003.vercel.app/_next/static/immutable/chunks/28vn259qs49yk.js,403,Forbidden,181,567,32218
7062,Mon Sep 07 19:40:43 BDT 2026,Mon Sep 07 19:40:43 BDT 2026,GET,https://t-f-cl-test-003.vercel.app/_next/static/immutable/chunks,403,Forbidden,190,567,32215
7064,Mon Sep 07 19:40:43 BDT 2026,Mon Sep 07 19:40:43 BDT 2026,GET,https://t-f-cl-test-003.vercel.app,403,Forbidden,201,567,32222
7066,Mon Sep 07 19:40:43 BDT 2026,Mon Sep 07 19:40:43 BDT 2026,GET,https://t-f-cl-test-003.vercel.app/_next/static/immutable/chunks/0o_km9rtfdj29.js,403,Forbidden,202,567,32217
7067,Mon Sep 07 19:40:43 BDT 2026,Mon Sep 07 19:40:43 BDT 2026,GET,https://t-f-cl-test-003.vercel.app/_next/static/immutable/chunks/16wlnohtd568d.js,403,Forbidden,199,567,32221
7068,Mon Sep 07 19:40:43 BDT 2026,Mon Sep 07 19:40:43 BDT 2026,GET,https://t-f-cl-test-003.vercel.app/_next/static/immutable/chunks/2corl6wyj4669.js,403,Forbidden,179,567,32227
7070,Mon Sep 07 19:40:43 BDT 2026,Mon Sep 07 19:40:43 BDT 2026,POST,https://t-f-cl-test-003.vercel.app/products/5,403,Forbidden,176,567,32215
7071,Mon Sep 07 19:40:43 BDT 2026,Mon Sep 07 19:40:43 BDT 2026,GET,https://t-f-cl-test-003.vercel.app/,403,Forbidden,201,567,32217
7075,Mon Sep 07 19:40:43 BDT 2026,Mon Sep 07 19:40:43 BDT 2026,GET,https://t-f-cl-test-003.vercel.app/_next/static,403,Forbidden,203,567,32211
7078,Mon Sep 07 19:40:43 BDT 2026,Mon Sep 07 19:40:43 BDT 2026,GET,https://t-f-cl-test-003.vercel.app/_next/static/immutable/chunks/2snf3fwvli28n.js,403,Forbidden,206,567,32209
7079,Mon Sep 07 19:40:43 BDT 2026,Mon Sep 07 19:40:43 BDT 2026,POST,https://t-f-cl-test-003.vercel.app/user/005c9b24-b1d2-47b1-afe3-c98b4f4320b2,403,Forbidden,207,567,32228
7082,Mon Sep 07 19:40:43 BDT 2026,Mon Sep 07 19:40:43 BDT 2026,GET,https://t-f-cl-test-003.vercel.app/_next/static/immutable/chunks/1wgrv8-jci7nj.js,403,Forbidden,207,567,32210
7083,Mon Sep 07 19:40:43 BDT 2026,Mon Sep 07 19:40:43 BDT 2026,GET,https://t-f-cl-test-003.vercel.app/_next/static/immutable/chunks/2suy93rarf9c1.js,403,Forbidden,211,567,32215
7084,Mon Sep 07 19:40:43 BDT 2026,Mon Sep 07 19:40:43 BDT 2026,POST,https://t-f-cl-test-003.vercel.app/orders,403,Forbidden,212,567,32212
7088,Mon Sep 07 19:40:43 BDT 2026,Mon Sep 07 19:40:43 BDT 2026,GET,https://t-f-cl-test-003.vercel.app/_next/static/immutable,403,Forbidden,216,567,32215
7090,Mon Sep 07 19:40:43 BDT 2026,Mon Sep 07 19:40:43 BDT 2026,GET,https://t-f-cl-test-003.vercel.app/?_rsc=tXyZJ52UQVBCVsD3,403,Forbidden,162,567,32228
7092,Mon Sep 07 19:40:43 BDT 2026,Mon Sep 07 19:40:43 BDT 2026,POST,https://t-f-cl-test-003.vercel.app/products/3,403,Forbidden,158,567,32222
7094,Mon Sep 07 19:40:43 BDT 2026,Mon Sep 07 19:40:43 BDT 2026,POST,https://t-f-cl-test-003.vercel.app/checkout,403,Forbidden,176,567,32209
7096,Mon Sep 07 19:40:43 BDT 2026,Mon Sep 07 19:40:43 BDT 2026,GET,https://t-f-cl-test-003.vercel.app/_next/static/immutable/chunks/2hnoy-l5u7xsz.js,403,Forbidden,168,567,32209
7098,Mon Sep 07 19:40:43 BDT 2026,Mon Sep 07 19:40:43 BDT 2026,POST,https://t-f-cl-test-003.vercel.app/products/3,403,Forbidden,182,567,32222
7100,Mon Sep 07 19:40:43 BDT 2026,Mon Sep 07 19:40:43 BDT 2026,GET,https://t-f-cl-test-003.vercel.app/_next/static/immutable/chunks/0_8a58fpkby91.js,403,Forbidden,183,567,32209
7102,Mon Sep 07 19:40:43 BDT 2026,Mon Sep 07 19:40:43 BDT 2026,POST,https://t-f-cl-test-003.vercel.app/login?next=%2Fcheckout,403,Forbidden,177,567,32215
7104,Mon Sep 07 19:40:43 BDT 2026,Mon Sep 07 19:40:43 BDT 2026,GET,https://t-f-cl-test-003.vercel.app,403,Forbidden,149,567,32222
7106,Mon Sep 07 19:40:43 BDT 2026,Mon Sep 07 19:40:43 BDT 2026,GET,https://t-f-cl-test-003.vercel.app/_next/static/immutable/chunks/28vn259qs49yk.js,403,Forbidden,172,567,32222
7108,Mon Sep 07 19:40:43 BDT 2026,Mon Sep 07 19:40:43 BDT 2026,GET,https://t-f-cl-test-003.vercel.app/_next/static/immutable/chunks/1d4958ewfv327.js,403,Forbidden,202,567,32210
7110,Mon Sep 07 19:40:43 BDT 2026,Mon Sep 07 19:40:43 BDT 2026,GET,https://t-f-cl-test-003.vercel.app/_next/static/immutable/chunks,403,Forbidden,185,567,32221
7112,Mon Sep 07 19:40:43 BDT 2026,Mon Sep 07 19:40:43 BDT 2026,GET,https://t-f-cl-test-003.vercel.app/_next,403,Forbidden,214,567,32222
7114,Mon Sep 07 19:40:43 BDT 2026,Mon Sep 07 19:40:43 BDT 2026,GET,https://t-f-cl-test-003.vercel.app/_next/static/immutable/chunks/2snf3fwvli28n.js,403,Forbidden,185,567,32210
7115,Mon Sep 07 19:40:43 BDT 2026,Mon Sep 07 19:40:43 BDT 2026,GET,https://t-f-cl-test-003.vercel.app/_next/static/immutable/chunks/16wlnohtd568d.js,403,Forbidden,193,567,32221
7116,Mon Sep 07 19:40:43 BDT 2026,Mon Sep 07 19:40:43 BDT 2026,POST,https://t-f-cl-test-003.vercel.app/user/005c9b24-b1d2-47b1-afe3-c98b4f4320b2,403,Forbidden,184,567,32210
7117,Mon Sep 07 19:40:43 BDT 2026,Mon Sep 07 19:40:43 BDT 2026,GET,https://t-f-cl-test-003.vercel.app/_next/static/immutable/chunks/2suy93rarf9c1.js,403,Forbidden,181,567,32222
7118,Mon Sep 07 19:40:43 BDT 2026,Mon Sep 07 19:40:43 BDT 2026,GET,https://t-f-cl-test-003.vercel.app/_next/static/immutable,403,Forbidden,178,567,32219
7119,Mon Sep 07 19:40:43 BDT 2026,Mon Sep 07 19:40:43 BDT 2026,POST,https://t-f-cl-test-003.vercel.app/products/5,403,Forbidden,193,567,32219
7120,Mon Sep 07 19:40:43 BDT 2026,Mon Sep 07 19:40:43 BDT 2026,GET,https://t-f-cl-test-003.vercel.app/,403,Forbidden,190,567,32219
7121,Mon Sep 07 19:40:43 BDT 2026,Mon Sep 07 19:40:43 BDT 2026,GET,https://t-f-cl-test-003.vercel.app/_next/static/immutable/chunks/1wgrv8-jci7nj.js,403,Forbidden,178,567,32211
7122,Mon Sep 07 19:40:43 BDT 2026,Mon Sep 07 19:40:43 BDT 2026,GET,https://t-f-cl-test-003.vercel.app/_next/static/immutable/chunks/2corl6wyj4669.js,403,Forbidden,190,567,32211
7129,Mon Sep 07 19:40:43 BDT 2026,Mon Sep 07 19:40:43 BDT 2026,GET,https://t-f-cl-test-003.vercel.app/_next/static/immutable/chunks/0o_km9rtfdj29.js,403,Forbidden,198,567,32219
7133,Mon Sep 07 19:40:43 BDT 2026,Mon Sep 07 19:40:43 BDT 2026,GET,https://t-f-cl-test-003.vercel.app/_next/static,403,Forbidden,206,567,32218
7134,Mon Sep 07 19:40:43 BDT 2026,Mon Sep 07 19:40:43 BDT 2026,POST,https://t-f-cl-test-003.vercel.app/orders,403,Forbidden,194,567,32222
7138,Mon Sep 07 19:40:43 BDT 2026,Mon Sep 07 19:40:43 BDT 2026,GET,https://t-f-cl-test-003.vercel.app/?_rsc=tXyZJ52UQVBCVsD3,403,Forbidden,186,567,32219
7140,Mon Sep 07 19:40:43 BDT 2026,Mon Sep 07 19:40:43 BDT 2026,POST,https://t-f-cl-test-003.vercel.app/products/3,403,Forbidden,180,567,32210
7142,Mon Sep 07 19:40:43 BDT 2026,Mon Sep 07 19:40:43 BDT 2026,GET,https://t-f-cl-test-003.vercel.app/_next/static/immutable/chunks/2hnoy-l5u7xsz.js,403,Forbidden,154,567,32215
7144,Mon Sep 07 19:40:43 BDT 2026,Mon Sep 07 19:40:43 BDT 2026,POST,https://t-f-cl-test-003.vercel.app/login?next=%2Fcheckout,403,Forbidden,153,567,32219
7146,Mon Sep 07 19:40:43 BDT 2026,Mon Sep 07 19:40:43 BDT 2026,POST,https://t-f-cl-test-003.vercel.app/products/3,403,Forbidden,168,567,32219
7148,Mon Sep 07 19:40:43 BDT 2026,Mon Sep 07 19:40:43 BDT 2026,POST,https://t-f-cl-test-003.vercel.app/checkout,403,Forbidden,170,567,32215
7150,Mon Sep 07 19:40:43 BDT 2026,Mon Sep 07 19:40:43 BDT 2026,GET,https://t-f-cl-test-003.vercel.app/_next/static/immutable/chunks/0_8a58fpkby91.js,403,Forbidden,165,567,32211
7152,Mon Sep 07 19:40:43 BDT 2026,Mon Sep 07 19:40:43 BDT 2026,GET,https://t-f-cl-test-003.vercel.app,403,Forbidden,183,567,32225
7154,Mon Sep 07 19:40:43 BDT 2026,Mon Sep 07 19:40:43 BDT 2026,GET,https://t-f-cl-test-003.vercel.app/_next/static/immutable/chunks/1d4958ewfv327.js,403,Forbidden,139,567,32221
7156,Mon Sep 07 19:40:43 BDT 2026,Mon Sep 07 19:40:43 BDT 2026,GET,https://t-f-cl-test-003.vercel.app/_next/static/immutable/chunks,403,Forbidden,151,567,32211
7158,Mon Sep 07 19:40:43 BDT 2026,Mon Sep 07 19:40:43 BDT 2026,GET,https://t-f-cl-test-003.vercel.app/_next,403,Forbidden,162,567,32221
7160,Mon Sep 07 19:40:43 BDT 2026,Mon Sep 07 19:40:43 BDT 2026,GET,https://t-f-cl-test-003.vercel.app/_next/static/immutable/chunks/28vn259qs49yk.js,403,Forbidden,201,567,32215
7161,Mon Sep 07 19:40:43 BDT 2026,Mon Sep 07 19:40:43 BDT 2026,GET,https://t-f-cl-test-003.vercel.app/_next/static/immutable/chunks/1wgrv8-jci7nj.js,403,Forbidden,150,567,32221
7164,Mon Sep 07 19:40:43 BDT 2026,Mon Sep 07 19:40:43 BDT 2026,GET,https://t-f-cl-test-003.vercel.app/_next/static/immutable,403,Forbidden,175,567,32222
7165,Mon Sep 07 19:40:43 BDT 2026,Mon Sep 07 19:40:43 BDT 2026,POST,https://t-f-cl-test-003.vercel.app/user/005c9b24-b1d2-47b1-afe3-c98b4f4320b2,403,Forbidden,154,567,32219
7168,Mon Sep 07 19:40:43 BDT 2026,Mon Sep 07 19:40:43 BDT 2026,GET,https://t-f-cl-test-003.vercel.app/_next/static/immutable/chunks/16wlnohtd568d.js,403,Forbidden,158,567,32209
7170,Mon Sep 07 19:40:43 BDT 2026,Mon Sep 07 19:40:43 BDT 2026,GET,https://t-f-cl-test-003.vercel.app/_next/static/immutable/chunks/2suy93rarf9c1.js,403,Forbidden,182,567,32227
7172,Mon Sep 07 19:40:43 BDT 2026,Mon Sep 07 19:40:43 BDT 2026,GET,https://t-f-cl-test-003.vercel.app/_next/static/immutable/chunks/2corl6wyj4669.js,403,Forbidden,160,567,32212
7174,Mon Sep 07 19:40:43 BDT 2026,Mon Sep 07 19:40:43 BDT 2026,GET,https://t-f-cl-test-003.vercel.app/_next/static/immutable/chunks/0o_km9rtfdj29.js,403,Forbidden,161,567,32212
7175,Mon Sep 07 19:40:43 BDT 2026,Mon Sep 07 19:40:43 BDT 2026,POST,https://t-f-cl-test-003.vercel.app/products/5,403,Forbidden,185,567,32217
7178,Mon Sep 07 19:40:43 BDT 2026,Mon Sep 07 19:40:43 BDT 2026,GET,https://t-f-cl-test-003.vercel.app/,403,Forbidden,196,567,32209
7179,Mon Sep 07 19:40:43 BDT 2026,Mon Sep 07 19:40:43 BDT 2026,GET,https://t-f-cl-test-003.vercel.app/_next/static,403,Forbidden,161,567,32231
7180,Mon Sep 07 19:40:43 BDT 2026,Mon Sep 07 19:40:43 BDT 2026,GET,https://t-f-cl-test-003.vercel.app/_next/static/immutable/chunks/2snf3fwvli28n.js,403,Forbidden,172,567,32209
7184,Mon Sep 07 19:40:43 BDT 2026,Mon Sep 07 19:40:43 BDT 2026,GET,https://t-f-cl-test-003.vercel.app/?_rsc=tXyZJ52UQVBCVsD3,403,Forbidden,175,567,32210
7186,Mon Sep 07 19:40:43 BDT 2026,Mon Sep 07 19:40:43 BDT 2026,POST,https://t-f-cl-test-003.vercel.app/orders,403,Forbidden,196,567,32218
7188,Mon Sep 07 19:40:43 BDT 2026,Mon Sep 07 19:40:44 BDT 2026,GET,https://t-f-cl-test-003.vercel.app/_next/static/immutable/chunks/2hnoy-l5u7xsz.js,403,Forbidden,183,567,32210
7189,Mon Sep 07 19:40:43 BDT 2026,Mon Sep 07 19:40:44 BDT 2026,GET,https://t-f-cl-test-003.vercel.app/_next/static/immutable/chunks/31tcpybs-b989.js,403,Forbidden,163,567,32211
7192,Mon Sep 07 19:40:43 BDT 2026,Mon Sep 07 19:40:44 BDT 2026,GET,https://t-f-cl-test-003.vercel.app/_next/static/immutable/chunks/36s0t0o8ux5as.js,403,Forbidden,164,567,32209
7194,Mon Sep 07 19:40:43 BDT 2026,Mon Sep 07 19:40:44 BDT 2026,GET,https://t-f-cl-test-003.vercel.app/_next/static/immutable/chunks/0_8a58fpkby91.js,403,Forbidden,172,567,32219
7196,Mon Sep 07 19:40:43 BDT 2026,Mon Sep 07 19:40:44 BDT 2026,GET,https://t-f-cl-test-003.vercel.app/_next/static/immutable/chunks/2v3cv0w2fww2x.js,403,Forbidden,169,567,32215
7198,Mon Sep 07 19:40:43 BDT 2026,Mon Sep 07 19:40:44 BDT 2026,GET,https://t-f-cl-test-003.vercel.app,403,Forbidden,137,567,32212
7200,Mon Sep 07 19:40:43 BDT 2026,Mon Sep 07 19:40:44 BDT 2026,POST,https://t-f-cl-test-003.vercel.app/login?next=%2Fcheckout,403,Forbidden,196,567,32209
7202,Mon Sep 07 19:40:43 BDT 2026,Mon Sep 07 19:40:44 BDT 2026,GET,https://t-f-cl-test-003.vercel.app/_next/static/immutable/chunks/1d4958ewfv327.js,403,Forbidden,158,567,32222
7204,Mon Sep 07 19:40:43 BDT 2026,Mon Sep 07 19:40:44 BDT 2026,GET,https://t-f-cl-test-003.vercel.app/_next,403,Forbidden,163,567,32210
7206,Mon Sep 07 19:40:43 BDT 2026,Mon Sep 07 19:40:44 BDT 2026,GET,https://t-f-cl-test-003.vercel.app/_next/static/immutable/chunks/28vn259qs49yk.js,403,Forbidden,149,567,32211
7208,Mon Sep 07 19:40:43 BDT 2026,Mon Sep 07 19:40:44 BDT 2026,GET,https://t-f-cl-test-003.vercel.app/_next/static/immutable/chunks,403,Forbidden,193,567,32210
7210,Mon Sep 07 19:40:43 BDT 2026,Mon Sep 07 19:40:44 BDT 2026,GET,https://t-f-cl-test-003.vercel.app/_next/static/immutable/chunks/1wgrv8-jci7nj.js,403,Forbidden,166,567,32215
7212,Mon Sep 07 19:40:43 BDT 2026,Mon Sep 07 19:40:44 BDT 2026,GET,https://t-f-cl-test-003.vercel.app/_next/static/immutable/chunks/16wlnohtd568d.js,403,Forbidden,163,567,32227
7214,Mon Sep 07 19:40:43 BDT 2026,Mon Sep 07 19:40:44 BDT 2026,GET,https://t-f-cl-test-003.vercel.app/_next/static/immutable/chunks/2suy93rarf9c1.js,403,Forbidden,165,567,32221
7216,Mon Sep 07 19:40:43 BDT 2026,Mon Sep 07 19:40:44 BDT 2026,GET,https://t-f-cl-test-003.vercel.app/_next/static/immutable/chunks/2snf3fwvli28n.js,403,Forbidden,177,567,32235
7217,Mon Sep 07 19:40:43 BDT 2026,Mon Sep 07 19:40:44 BDT 2026,GET,https://t-f-cl-test-003.vercel.app/_next/static,403,Forbidden,177,567,32212
7218,Mon Sep 07 19:40:43 BDT 2026,Mon Sep 07 19:40:44 BDT 2026,GET,https://t-f-cl-test-003.vercel.app/_next/static/immutable,403,Forbidden,188,567,32211
7222,Mon Sep 07 19:40:43 BDT 2026,Mon Sep 07 19:40:44 BDT 2026,GET,https://t-f-cl-test-003.vercel.app/_next/static/immutable/chunks/0o_km9rtfdj29.js,403,Forbidden,187,567,32225
7224,Mon Sep 07 19:40:43 BDT 2026,Mon Sep 07 19:40:44 BDT 2026,GET,https://t-f-cl-test-003.vercel.app/,403,Forbidden,189,567,32215
7226,Mon Sep 07 19:40:43 BDT 2026,Mon Sep 07 19:40:44 BDT 2026,GET,https://t-f-cl-test-003.vercel.app/_next/static/immutable/chunks/2corl6wyj4669.js,403,Forbidden,201,567,32209
7228,Mon Sep 07 19:40:43 BDT 2026,Mon Sep 07 19:40:44 BDT 2026,POST,https://t-f-cl-test-003.vercel.app/orders,403,Forbidden,163,567,32209
7230,Mon Sep 07 19:40:44 BDT 2026,Mon Sep 07 19:40:44 BDT 2026,GET,https://t-f-cl-test-003.vercel.app/_next/static/immutable/chunks/36s0t0o8ux5as.js,403,Forbidden,178,567,32210
7232,Mon Sep 07 19:40:44 BDT 2026,Mon Sep 07 19:40:44 BDT 2026,GET,https://t-f-cl-test-003.vercel.app/_next/static/immutable/chunks/2v3cv0w2fww2x.js,403,Forbidden,172,567,32210
7234,Mon Sep 07 19:40:44 BDT 2026,Mon Sep 07 19:40:44 BDT 2026,GET,https://t-f-cl-test-003.vercel.app/_next/static/immutable/chunks/31tcpybs-b989.js,403,Forbidden,193,567,32219
7236,Mon Sep 07 19:40:44 BDT 2026,Mon Sep 07 19:40:44 BDT 2026,GET,https://t-f-cl-test-003.vercel.app/_next/static/immutable/chunks/0_8a58fpkby91.js,403,Forbidden,190,567,32210
7237,Mon Sep 07 19:40:44 BDT 2026,Mon Sep 07 19:40:44 BDT 2026,GET,https://t-f-cl-test-003.vercel.app/_next/static/immutable/chunks/2hnoy-l5u7xsz.js,403,Forbidden,200,567,32215
7238,Mon Sep 07 19:40:44 BDT 2026,Mon Sep 07 19:40:44 BDT 2026,GET,https://t-f-cl-test-003.vercel.app/_next/static/immutable/chunks/1d4958ewfv327.js,403,Forbidden,167,567,32215
7240,Mon Sep 07 19:40:44 BDT 2026,Mon Sep 07 19:40:44 BDT 2026,GET,https://t-f-cl-test-003.vercel.app/_next/static/immutable/chunks/turbopack-3owek367tc1ue.js,403,Forbidden,167,567,32215
7244,Mon Sep 07 19:40:44 BDT 2026,Mon Sep 07 19:40:44 BDT 2026,GET,https://t-f-cl-test-003.vercel.app/_next/static/immutable/media,403,Forbidden,174,567,32218
7245,Mon Sep 07 19:40:44 BDT 2026,Mon Sep 07 19:40:44 BDT 2026,GET,https://t-f-cl-test-003.vercel.app/_next,403,Forbidden,153,567,32221
7247,Mon Sep 07 19:40:44 BDT 2026,Mon Sep 07 19:40:44 BDT 2026,GET,https://t-f-cl-test-003.vercel.app/_next/static/immutable/chunks/3o3-pqfgq6cb5.css,403,Forbidden,179,567,32222
7249,Mon Sep 07 19:40:44 BDT 2026,Mon Sep 07 19:40:44 BDT 2026,GET,https://t-f-cl-test-003.vercel.app/_next/static/immutable/chunks,403,Forbidden,170,567,32235
7251,Mon Sep 07 19:40:44 BDT 2026,Mon Sep 07 19:40:44 BDT 2026,GET,https://t-f-cl-test-003.vercel.app/_next/static/immutable/chunks/16wlnohtd568d.js,403,Forbidden,146,567,32222
7253,Mon Sep 07 19:40:44 BDT 2026,Mon Sep 07 19:40:44 BDT 2026,GET,https://t-f-cl-test-003.vercel.app/_next/static/immutable/chunks/1wgrv8-jci7nj.js,403,Forbidden,176,567,32215
7255,Mon Sep 07 19:40:44 BDT 2026,Mon Sep 07 19:40:44 BDT 2026,GET,https://t-f-cl-test-003.vercel.app/_next/static/immutable/chunks/28vn259qs49yk.js,403,Forbidden,203,567,32209
7257,Mon Sep 07 19:40:44 BDT 2026,Mon Sep 07 19:40:44 BDT 2026,GET,https://t-f-cl-test-003.vercel.app/_next/static/immutable/chunks/2suy93rarf9c1.js,403,Forbidden,158,567,32212
7258,Mon Sep 07 19:40:44 BDT 2026,Mon Sep 07 19:40:44 BDT 2026,GET,https://t-f-cl-test-003.vercel.app/_next/static,403,Forbidden,142,567,32219
7261,Mon Sep 07 19:40:44 BDT 2026,Mon Sep 07 19:40:44 BDT 2026,GET,https://t-f-cl-test-003.vercel.app/_next/static/immutable/chunks/2corl6wyj4669.js,403,Forbidden,171,567,32218
7263,Mon Sep 07 19:40:44 BDT 2026,Mon Sep 07 19:40:44 BDT 2026,GET,https://t-f-cl-test-003.vercel.app/_next/static/immutable/chunks/0o_km9rtfdj29.js,403,Forbidden,179,567,32219
7265,Mon Sep 07 19:40:44 BDT 2026,Mon Sep 07 19:40:44 BDT 2026,GET,https://t-f-cl-test-003.vercel.app/_next/static/immutable/chunks/2snf3fwvli28n.js,403,Forbidden,191,567,32226
7267,Mon Sep 07 19:40:44 BDT 2026,Mon Sep 07 19:40:44 BDT 2026,GET,https://t-f-cl-test-003.vercel.app/_next/static/immutable,403,Forbidden,197,567,32209
7269,Mon Sep 07 19:40:44 BDT 2026,Mon Sep 07 19:40:44 BDT 2026,GET,https://t-f-cl-test-003.vercel.app/_next/static/immutable/chunks/2hnoy-l5u7xsz.js,403,Forbidden,139,567,32211
7271,Mon Sep 07 19:40:44 BDT 2026,Mon Sep 07 19:40:44 BDT 2026,GET,https://t-f-cl-test-003.vercel.app/_next/static/immutable/chunks/2v3cv0w2fww2x.js,403,Forbidden,164,567,32217
7273,Mon Sep 07 19:40:44 BDT 2026,Mon Sep 07 19:40:44 BDT 2026,GET,https://t-f-cl-test-003.vercel.app/_next/static/immutable/chunks/31tcpybs-b989.js,403,Forbidden,158,567,32225
7275,Mon Sep 07 19:40:44 BDT 2026,Mon Sep 07 19:40:44 BDT 2026,GET,https://t-f-cl-test-003.vercel.app/_next/static/immutable/chunks/1d4958ewfv327.js,403,Forbidden,162,567,32225
7277,Mon Sep 07 19:40:44 BDT 2026,Mon Sep 07 19:40:44 BDT 2026,GET,https://t-f-cl-test-003.vercel.app/_next/static/immutable/chunks/36s0t0o8ux5as.js,403,Forbidden,188,567,32217
7278,Mon Sep 07 19:40:44 BDT 2026,Mon Sep 07 19:40:44 BDT 2026,GET,https://t-f-cl-test-003.vercel.app/_next/static/immutable/chunks/turbopack-3owek367tc1ue.js,403,Forbidden,165,567,32221
7281,Mon Sep 07 19:40:44 BDT 2026,Mon Sep 07 19:40:44 BDT 2026,GET,https://t-f-cl-test-003.vercel.app/_next/static/immutable/media/special-elite-latin-400-normal.2mza6l9y4lmq8.woff2,403,Forbidden,161,567,32210
7282,Mon Sep 07 19:40:44 BDT 2026,Mon Sep 07 19:40:44 BDT 2026,GET,https://t-f-cl-test-003.vercel.app/_next,403,Forbidden,154,567,32215
7285,Mon Sep 07 19:40:44 BDT 2026,Mon Sep 07 19:40:44 BDT 2026,GET,https://t-f-cl-test-003.vercel.app/_next/static/immutable/chunks/0_8a58fpkby91.js,403,Forbidden,169,567,32210
7287,Mon Sep 07 19:40:44 BDT 2026,Mon Sep 07 19:40:44 BDT 2026,GET,https://t-f-cl-test-003.vercel.app/_next/static/immutable/media/ibm-plex-mono-latin-600-normal.04jv21_rdbjv3.woff2,403,Forbidden,166,567,32210
7289,Mon Sep 07 19:40:44 BDT 2026,Mon Sep 07 19:40:44 BDT 2026,GET,https://t-f-cl-test-003.vercel.app/_next/static/immutable/media,403,Forbidden,168,567,32212
7291,Mon Sep 07 19:40:44 BDT 2026,Mon Sep 07 19:40:44 BDT 2026,GET,https://t-f-cl-test-003.vercel.app/_next/static/immutable/media/ibm-plex-mono-latin-400-normal.19gbeb610ur4n.woff2,403,Forbidden,173,567,32218
7292,Mon Sep 07 19:40:44 BDT 2026,Mon Sep 07 19:40:44 BDT 2026,GET,https://t-f-cl-test-003.vercel.app/_next/static/immutable/media/ibm-plex-mono-latin-500-normal.25_05y-blbp24.woff2,403,Forbidden,173,567,32221
7295,Mon Sep 07 19:40:44 BDT 2026,Mon Sep 07 19:40:44 BDT 2026,GET,https://t-f-cl-test-003.vercel.app/_next/static/immutable/chunks/3o3-pqfgq6cb5.css,403,Forbidden,173,567,32228
7297,Mon Sep 07 19:40:44 BDT 2026,Mon Sep 07 19:40:44 BDT 2026,GET,https://t-f-cl-test-003.vercel.app/_next/static/immutable/chunks,403,Forbidden,168,567,32211
7299,Mon Sep 07 19:40:44 BDT 2026,Mon Sep 07 19:40:44 BDT 2026,GET,https://t-f-cl-test-003.vercel.app/_next/static/immutable/chunks/28vn259qs49yk.js,403,Forbidden,153,567,32215
7301,Mon Sep 07 19:40:44 BDT 2026,Mon Sep 07 19:40:44 BDT 2026,GET,https://t-f-cl-test-003.vercel.app/_next/static/immutable/chunks/2suy93rarf9c1.js,403,Forbidden,152,567,32218
7303,Mon Sep 07 19:40:44 BDT 2026,Mon Sep 07 19:40:44 BDT 2026,GET,https://t-f-cl-test-003.vercel.app/_next/static/immutable/chunks/1wgrv8-jci7nj.js,403,Forbidden,163,567,32218
7304,Mon Sep 07 19:40:44 BDT 2026,Mon Sep 07 19:40:44 BDT 2026,GET,https://t-f-cl-test-003.vercel.app/_next/static,403,Forbidden,158,567,32228
7307,Mon Sep 07 19:40:44 BDT 2026,Mon Sep 07 19:40:44 BDT 2026,GET,https://t-f-cl-test-003.vercel.app/_next/static/immutable/chunks/16wlnohtd568d.js,403,Forbidden,168,567,32211
7309,Mon Sep 07 19:40:44 BDT 2026,Mon Sep 07 19:40:44 BDT 2026,GET,https://t-f-cl-test-003.vercel.app/_next/static/immutable/chunks/2corl6wyj4669.js,403,Forbidden,158,567,32210
7311,Mon Sep 07 19:40:44 BDT 2026,Mon Sep 07 19:40:44 BDT 2026,GET,https://t-f-cl-test-003.vercel.app/_next/static/immutable/chunks/2v3cv0w2fww2x.js,403,Forbidden,147,567,32215
7313,Mon Sep 07 19:40:44 BDT 2026,Mon Sep 07 19:40:44 BDT 2026,GET,https://t-f-cl-test-003.vercel.app/_next/static/immutable/chunks/31tcpybs-b989.js,403,Forbidden,150,567,32225
7315,Mon Sep 07 19:40:44 BDT 2026,Mon Sep 07 19:40:44 BDT 2026,GET,https://t-f-cl-test-003.vercel.app/_next/static/immutable/chunks/2hnoy-l5u7xsz.js,403,Forbidden,159,567,32210
7316,Mon Sep 07 19:40:44 BDT 2026,Mon Sep 07 19:40:44 BDT 2026,GET,https://t-f-cl-test-003.vercel.app/_next/static/immutable/chunks/0o_km9rtfdj29.js,403,Forbidden,175,567,32211
7319,Mon Sep 07 19:40:44 BDT 2026,Mon Sep 07 19:40:44 BDT 2026,GET,https://t-f-cl-test-003.vercel.app/_next/static/immutable,403,Forbidden,193,567,32226
7320,Mon Sep 07 19:40:44 BDT 2026,Mon Sep 07 19:40:44 BDT 2026,GET,https://t-f-cl-test-003.vercel.app/_next/static/immutable/chunks/2snf3fwvli28n.js,403,Forbidden,196,567,32215
7323,Mon Sep 07 19:40:44 BDT 2026,Mon Sep 07 19:40:44 BDT 2026,GET,https://t-f-cl-test-003.vercel.app/_next/static/immutable/chunks/36s0t0o8ux5as.js,403,Forbidden,166,567,32228
7324,Mon Sep 07 19:40:44 BDT 2026,Mon Sep 07 19:40:44 BDT 2026,GET,https://t-f-cl-test-003.vercel.app/_next/static/immutable/chunks/1d4958ewfv327.js,403,Forbidden,166,567,32215
7327,Mon Sep 07 19:40:44 BDT 2026,Mon Sep 07 19:40:44 BDT 2026,GET,https://t-f-cl-test-003.vercel.app/_next/static/immutable/media,403,Forbidden,156,567,32219
7329,Mon Sep 07 19:40:44 BDT 2026,Mon Sep 07 19:40:44 BDT 2026,GET,https://t-f-cl-test-003.vercel.app/_next/static/immutable/media/ibm-plex-mono-latin-400-normal.19gbeb610ur4n.woff2,403,Forbidden,151,567,32212
7331,Mon Sep 07 19:40:44 BDT 2026,Mon Sep 07 19:40:44 BDT 2026,GET,https://t-f-cl-test-003.vercel.app/_next/static/immutable/media/ibm-plex-mono-latin-600-normal.04jv21_rdbjv3.woff2,403,Forbidden,159,567,32210
7333,Mon Sep 07 19:40:44 BDT 2026,Mon Sep 07 19:40:44 BDT 2026,GET,https://t-f-cl-test-003.vercel.app/_next/static/immutable/chunks/turbopack-3owek367tc1ue.js,403,Forbidden,185,567,32222
7334,Mon Sep 07 19:40:44 BDT 2026,Mon Sep 07 19:40:44 BDT 2026,GET,https://t-f-cl-test-003.vercel.app/_next/static/immutable/chunks/0_8a58fpkby91.js,403,Forbidden,174,567,32222
7337,Mon Sep 07 19:40:44 BDT 2026,Mon Sep 07 19:40:44 BDT 2026,GET,https://t-f-cl-test-003.vercel.app/_next/static/immutable/media/special-elite-latin-400-normal.2mza6l9y4lmq8.woff2,403,Forbidden,183,567,32231
7339,Mon Sep 07 19:40:44 BDT 2026,Mon Sep 07 19:40:44 BDT 2026,GET,https://t-f-cl-test-003.vercel.app/_next/static/immutable/media/ibm-plex-mono-latin-500-normal.25_05y-blbp24.woff2,403,Forbidden,177,567,32218
7341,Mon Sep 07 19:40:44 BDT 2026,Mon Sep 07 19:40:44 BDT 2026,GET,https://t-f-cl-test-003.vercel.app/_next/static/immutable/chunks/3o3-pqfgq6cb5.css,403,Forbidden,178,567,32231
7343,Mon Sep 07 19:40:44 BDT 2026,Mon Sep 07 19:40:44 BDT 2026,GET,https://t-f-cl-test-003.vercel.app/checkout?_rsc=U5Jq6qAThNnFslX9,403,Forbidden,166,567,32211
7345,Mon Sep 07 19:40:44 BDT 2026,Mon Sep 07 19:40:44 BDT 2026,GET,https://t-f-cl-test-003.vercel.app/_next/static/immutable/chunks/1wgrv8-jci7nj.js,403,Forbidden,152,567,32225
7347,Mon Sep 07 19:40:44 BDT 2026,Mon Sep 07 19:40:44 BDT 2026,GET,https://t-f-cl-test-003.vercel.app/_next/static/immutable/chunks,403,Forbidden,169,567,32211
7349,Mon Sep 07 19:40:44 BDT 2026,Mon Sep 07 19:40:44 BDT 2026,GET,https://t-f-cl-test-003.vercel.app/_next/static/immutable/chunks/28vn259qs49yk.js,403,Forbidden,191,567,32222
7350,Mon Sep 07 19:40:44 BDT 2026,Mon Sep 07 19:40:44 BDT 2026,GET,https://t-f-cl-test-003.vercel.app/_next/static/immutable/chunks/16wlnohtd568d.js,403,Forbidden,169,567,32211
7353,Mon Sep 07 19:40:44 BDT 2026,Mon Sep 07 19:40:44 BDT 2026,GET,https://t-f-cl-test-003.vercel.app/_next/static/immutable/chunks/2suy93rarf9c1.js,403,Forbidden,183,567,32231
7355,Mon Sep 07 19:40:44 BDT 2026,Mon Sep 07 19:40:44 BDT 2026,GET,https://t-f-cl-test-003.vercel.app/_next/static/immutable/chunks/2corl6wyj4669.js,403,Forbidden,158,567,32222
7357,Mon Sep 07 19:40:44 BDT 2026,Mon Sep 07 19:40:44 BDT 2026,GET,https://t-f-cl-test-003.vercel.app/_next/static/immutable/chunks/2v3cv0w2fww2x.js,403,Forbidden,165,567,32222
7359,Mon Sep 07 19:40:44 BDT 2026,Mon Sep 07 19:40:44 BDT 2026,GET,https://t-f-cl-test-003.vercel.app/_next/static/immutable/chunks/31tcpybs-b989.js,403,Forbidden,180,567,32217
7361,Mon Sep 07 19:40:44 BDT 2026,Mon Sep 07 19:40:44 BDT 2026,GET,https://t-f-cl-test-003.vercel.app/_next/static/immutable/chunks/2hnoy-l5u7xsz.js,403,Forbidden,145,567,32222
7363,Mon Sep 07 19:40:44 BDT 2026,Mon Sep 07 19:40:44 BDT 2026,GET,https://t-f-cl-test-003.vercel.app/_next/static/immutable/chunks/turbopack-3owek367tc1ue.js,403,Forbidden,160,567,32211
7364,Mon Sep 07 19:40:44 BDT 2026,Mon Sep 07 19:40:44 BDT 2026,GET,https://t-f-cl-test-003.vercel.app/_next/static/immutable/chunks/2snf3fwvli28n.js,403,Forbidden,164,567,32209
7365,Mon Sep 07 19:40:44 BDT 2026,Mon Sep 07 19:40:44 BDT 2026,GET,https://t-f-cl-test-003.vercel.app/_next/static/immutable/chunks/1d4958ewfv327.js,403,Forbidden,164,567,32218
7367,Mon Sep 07 19:40:44 BDT 2026,Mon Sep 07 19:40:44 BDT 2026,GET,https://t-f-cl-test-003.vercel.app/_next/static/immutable/media,403,Forbidden,165,567,32235
7371,Mon Sep 07 19:40:44 BDT 2026,Mon Sep 07 19:40:44 BDT 2026,GET,https://t-f-cl-test-003.vercel.app/_next/static/immutable/chunks/0o_km9rtfdj29.js,403,Forbidden,173,567,32211
7372,Mon Sep 07 19:40:44 BDT 2026,Mon Sep 07 19:40:44 BDT 2026,GET,https://t-f-cl-test-003.vercel.app/_next/static/immutable/chunks/36s0t0o8ux5as.js,403,Forbidden,173,567,32222
7375,Mon Sep 07 19:40:44 BDT 2026,Mon Sep 07 19:40:44 BDT 2026,GET,https://t-f-cl-test-003.vercel.app/_next/static/immutable/media/ibm-plex-mono-latin-400-normal.19gbeb610ur4n.woff2,403,Forbidden,181,567,32226
7376,Mon Sep 07 19:40:44 BDT 2026,Mon Sep 07 19:40:44 BDT 2026,GET,https://t-f-cl-test-003.vercel.app/_next/static/immutable/media/ibm-plex-mono-latin-600-normal.04jv21_rdbjv3.woff2,403,Forbidden,183,567,32217
7377,Mon Sep 07 19:40:44 BDT 2026,Mon Sep 07 19:40:44 BDT 2026,GET,https://t-f-cl-test-003.vercel.app/_next/static/immutable/chunks/0_8a58fpkby91.js,403,Forbidden,177,567,32210
7378,Mon Sep 07 19:40:44 BDT 2026,Mon Sep 07 19:40:44 BDT 2026,GET,https://t-f-cl-test-003.vercel.app/_next/static/immutable/chunks/3o3-pqfgq6cb5.css,403,Forbidden,163,567,32211
7379,Mon Sep 07 19:40:44 BDT 2026,Mon Sep 07 19:40:44 BDT 2026,GET,https://t-f-cl-test-003.vercel.app/_next/static/immutable/media/special-elite-latin-400-normal.2mza6l9y4lmq8.woff2,403,Forbidden,169,567,32215
7383,Mon Sep 07 19:40:44 BDT 2026,Mon Sep 07 19:40:44 BDT 2026,GET,https://t-f-cl-test-003.vercel.app/_next/static/immutable/media/ibm-plex-mono-latin-500-normal.25_05y-blbp24.woff2,403,Forbidden,166,567,32228
7387,Mon Sep 07 19:40:44 BDT 2026,Mon Sep 07 19:40:44 BDT 2026,GET,https://t-f-cl-test-003.vercel.app/checkout?_rsc=U5Jq6qAThNnFslX9,403,Forbidden,169,567,32211
7389,Mon Sep 07 19:40:44 BDT 2026,Mon Sep 07 19:40:44 BDT 2026,GET,https://t-f-cl-test-003.vercel.app/_next/static/immutable,403,Forbidden,199,567,32221
7391,Mon Sep 07 19:40:44 BDT 2026,Mon Sep 07 19:40:44 BDT 2026,GET,https://t-f-cl-test-003.vercel.app/_next/static/immutable/chunks/1wgrv8-jci7nj.js,403,Forbidden,165,567,32218
7393,Mon Sep 07 19:40:44 BDT 2026,Mon Sep 07 19:40:44 BDT 2026,GET,https://t-f-cl-test-003.vercel.app/_next/static/immutable/chunks/28vn259qs49yk.js,403,Forbidden,167,567,32211
7394,Mon Sep 07 19:40:44 BDT 2026,Mon Sep 07 19:40:44 BDT 2026,GET,https://t-f-cl-test-003.vercel.app/_next/static/immutable/chunks,403,Forbidden,182,567,32215
7397,Mon Sep 07 19:40:44 BDT 2026,Mon Sep 07 19:40:44 BDT 2026,GET,https://t-f-cl-test-003.vercel.app/favicon.ico?favicon.3fpu2ql9ns1a0.ico,403,Forbidden,186,567,32212
7399,Mon Sep 07 19:40:44 BDT 2026,Mon Sep 07 19:40:44 BDT 2026,GET,https://t-f-cl-test-003.vercel.app/_next/static/immutable/chunks/2suy93rarf9c1.js,403,Forbidden,162,567,32225
7401,Mon Sep 07 19:40:44 BDT 2026,Mon Sep 07 19:40:44 BDT 2026,GET,https://t-f-cl-test-003.vercel.app/_next/static/immutable/chunks/16wlnohtd568d.js,403,Forbidden,178,567,32231
7403,Mon Sep 07 19:40:44 BDT 2026,Mon Sep 07 19:40:44 BDT 2026,GET,https://t-f-cl-test-003.vercel.app/_next/static/immutable/chunks/2v3cv0w2fww2x.js,403,Forbidden,167,567,32231
7405,Mon Sep 07 19:40:44 BDT 2026,Mon Sep 07 19:40:44 BDT 2026,GET,https://t-f-cl-test-003.vercel.app/_next/static/immutable/chunks/31tcpybs-b989.js,403,Forbidden,181,567,32210
7407,Mon Sep 07 19:40:44 BDT 2026,Mon Sep 07 19:40:44 BDT 2026,GET,https://t-f-cl-test-003.vercel.app/_next/static/immutable/chunks/2snf3fwvli28n.js,403,Forbidden,144,567,32210
7409,Mon Sep 07 19:40:44 BDT 2026,Mon Sep 07 19:40:44 BDT 2026,GET,https://t-f-cl-test-003.vercel.app/_next/static/immutable/media/ibm-plex-mono-latin-500-normal.25_05y-blbp24.woff2,403,Forbidden,154,567,32221
7411,Mon Sep 07 19:40:44 BDT 2026,Mon Sep 07 19:40:44 BDT 2026,GET,https://t-f-cl-test-003.vercel.app/_next/static/immutable/media/ibm-plex-mono-latin-600-normal.04jv21_rdbjv3.woff2,403,Forbidden,158,567,32218
7413,Mon Sep 07 19:40:44 BDT 2026,Mon Sep 07 19:40:44 BDT 2026,GET,https://t-f-cl-test-003.vercel.app/_next/static/immutable/chunks/turbopack-3owek367tc1ue.js,403,Forbidden,164,567,32222
7415,Mon Sep 07 19:40:44 BDT 2026,Mon Sep 07 19:40:44 BDT 2026,GET,https://t-f-cl-test-003.vercel.app/_next/static/immutable/media/special-elite-latin-400-normal.2mza6l9y4lmq8.woff2,403,Forbidden,172,567,32215
7416,Mon Sep 07 19:40:44 BDT 2026,Mon Sep 07 19:40:44 BDT 2026,GET,https://t-f-cl-test-003.vercel.app/checkout?_rsc=U5Jq6qAThNnFslX9,403,Forbidden,153,567,32209
7417,Mon Sep 07 19:40:44 BDT 2026,Mon Sep 07 19:40:44 BDT 2026,GET,https://t-f-cl-test-003.vercel.app/_next/static/immutable/chunks/3o3-pqfgq6cb5.css,403,Forbidden,172,567,32209
7421,Mon Sep 07 19:40:44 BDT 2026,Mon Sep 07 19:40:44 BDT 2026,GET,https://t-f-cl-test-003.vercel.app/_next/static/immutable/media/ibm-plex-mono-latin-400-normal.19gbeb610ur4n.woff2,403,Forbidden,174,567,32211
7422,Mon Sep 07 19:40:44 BDT 2026,Mon Sep 07 19:40:44 BDT 2026,GET,https://t-f-cl-test-003.vercel.app/_next/static/immutable/media,403,Forbidden,175,567,32221
7425,Mon Sep 07 19:40:44 BDT 2026,Mon Sep 07 19:40:44 BDT 2026,GET,https://t-f-cl-test-003.vercel.app/_next/static/immutable/chunks/36s0t0o8ux5as.js,403,Forbidden,181,567,32210
7427,Mon Sep 07 19:40:44 BDT 2026,Mon Sep 07 19:40:44 BDT 2026,GET,https://t-f-cl-test-003.vercel.app/_next/static/immutable/chunks/0o_km9rtfdj29.js,403,Forbidden,187,567,32235
7429,Mon Sep 07 19:40:44 BDT 2026,Mon Sep 07 19:40:44 BDT 2026,GET,https://t-f-cl-test-003.vercel.app/favicon.ico?favicon.3fpu2ql9ns1a0.ico,403,Forbidden,151,567,32210
7431,Mon Sep 07 19:40:44 BDT 2026,Mon Sep 07 19:40:44 BDT 2026,GET,https://t-f-cl-test-003.vercel.app/login?_rsc=tXyZJ52UQVBCVsD3,403,Forbidden,142,567,32215
7433,Mon Sep 07 19:40:44 BDT 2026,Mon Sep 07 19:40:44 BDT 2026,GET,https://t-f-cl-test-003.vercel.app/login?next=%2Fcheckout&_rsc=tXyZJ52UQVBCVsD3,403,Forbidden,163,567,32222
7434,Mon Sep 07 19:40:44 BDT 2026,Mon Sep 07 19:40:44 BDT 2026,GET,https://t-f-cl-test-003.vercel.app/orders?_rsc=5FCqwAwqu569ta3T,403,Forbidden,161,567,32215
7437,Mon Sep 07 19:40:44 BDT 2026,Mon Sep 07 19:40:44 BDT 2026,GET,https://t-f-cl-test-003.vercel.app/products,403,Forbidden,169,567,32219
7438,Mon Sep 07 19:40:44 BDT 2026,Mon Sep 07 19:40:44 BDT 2026,GET,https://t-f-cl-test-003.vercel.app/_next/static/immutable/chunks/2v3cv0w2fww2x.js,403,Forbidden,141,567,32211
7440,Mon Sep 07 19:40:44 BDT 2026,Mon Sep 07 19:40:44 BDT 2026,GET,https://t-f-cl-test-003.vercel.app/login?next=%2Fcheckout,403,Forbidden,175,567,32218
7442,Mon Sep 07 19:40:44 BDT 2026,Mon Sep 07 19:40:45 BDT 2026,GET,https://t-f-cl-test-003.vercel.app/_next/static/immutable/chunks/31tcpybs-b989.js,403,Forbidden,166,567,32218
7444,Mon Sep 07 19:40:44 BDT 2026,Mon Sep 07 19:40:45 BDT 2026,GET,https://t-f-cl-test-003.vercel.app/_next/static/immutable/media/ibm-plex-mono-latin-600-normal.04jv21_rdbjv3.woff2,403,Forbidden,139,567,32225
7446,Mon Sep 07 19:40:44 BDT 2026,Mon Sep 07 19:40:45 BDT 2026,GET,https://t-f-cl-test-003.vercel.app/_next/static/immutable/chunks/turbopack-3owek367tc1ue.js,403,Forbidden,145,567,32210
7448,Mon Sep 07 19:40:44 BDT 2026,Mon Sep 07 19:40:45 BDT 2026,GET,https://t-f-cl-test-003.vercel.app/_next/static/immutable/chunks/3o3-pqfgq6cb5.css,403,Forbidden,158,567,32215
7450,Mon Sep 07 19:40:44 BDT 2026,Mon Sep 07 19:40:45 BDT 2026,GET,https://t-f-cl-test-003.vercel.app/_next/static/immutable/media/ibm-plex-mono-latin-500-normal.25_05y-blbp24.woff2,403,Forbidden,180,567,32231
7452,Mon Sep 07 19:40:44 BDT 2026,Mon Sep 07 19:40:45 BDT 2026,GET,https://t-f-cl-test-003.vercel.app/_next/static/immutable/media,403,Forbidden,172,567,32210
7453,Mon Sep 07 19:40:44 BDT 2026,Mon Sep 07 19:40:45 BDT 2026,GET,https://t-f-cl-test-003.vercel.app/_next/static/immutable/media/ibm-plex-mono-latin-400-normal.19gbeb610ur4n.woff2,403,Forbidden,172,567,32215
7456,Mon Sep 07 19:40:44 BDT 2026,Mon Sep 07 19:40:45 BDT 2026,GET,https://t-f-cl-test-003.vercel.app/checkout?_rsc=U5Jq6qAThNnFslX9,403,Forbidden,178,567,32225
7458,Mon Sep 07 19:40:44 BDT 2026,Mon Sep 07 19:40:45 BDT 2026,GET,https://t-f-cl-test-003.vercel.app/_next/static/immutable/media/special-elite-latin-400-normal.2mza6l9y4lmq8.woff2,403,Forbidden,184,567,32222
7460,Mon Sep 07 19:40:44 BDT 2026,Mon Sep 07 19:40:45 BDT 2026,GET,https://t-f-cl-test-003.vercel.app/_next/static/immutable/chunks/36s0t0o8ux5as.js,403,Forbidden,147,567,32222
7462,Mon Sep 07 19:40:44 BDT 2026,Mon Sep 07 19:40:45 BDT 2026,GET,https://t-f-cl-test-003.vercel.app/favicon.ico?favicon.3fpu2ql9ns1a0.ico,403,Forbidden,152,567,32211
7464,Mon Sep 07 19:40:44 BDT 2026,Mon Sep 07 19:40:45 BDT 2026,GET,https://t-f-cl-test-003.vercel.app/products/4?_rsc=tXyZJ52UQVBCVsD3,403,Forbidden,167,567,32225
7465,Mon Sep 07 19:40:44 BDT 2026,Mon Sep 07 19:40:45 BDT 2026,GET,https://t-f-cl-test-003.vercel.app/products/2?_rsc=tXyZJ52UQVBCVsD3,403,Forbidden,167,567,32215
7466,Mon Sep 07 19:40:44 BDT 2026,Mon Sep 07 19:40:45 BDT 2026,GET,https://t-f-cl-test-003.vercel.app/products/6?_rsc=tXyZJ52UQVBCVsD3,403,Forbidden,166,567,32215
7470,Mon Sep 07 19:40:44 BDT 2026,Mon Sep 07 19:40:45 BDT 2026,GET,https://t-f-cl-test-003.vercel.app/products,403,Forbidden,175,567,32221
7471,Mon Sep 07 19:40:44 BDT 2026,Mon Sep 07 19:40:45 BDT 2026,GET,https://t-f-cl-test-003.vercel.app/products/3?_rsc=tXyZJ52UQVBCVsD3,403,Forbidden,175,567,32215
7474,Mon Sep 07 19:40:44 BDT 2026,Mon Sep 07 19:40:45 BDT 2026,GET,https://t-f-cl-test-003.vercel.app/login?_rsc=tXyZJ52UQVBCVsD3,403,Forbidden,202,567,32209
7475,Mon Sep 07 19:40:44 BDT 2026,Mon Sep 07 19:40:45 BDT 2026,GET,https://t-f-cl-test-003.vercel.app/products/10?_rsc=W0kdaREBTBPKwbVG,403,Forbidden,179,567,32221
7476,Mon Sep 07 19:40:44 BDT 2026,Mon Sep 07 19:40:45 BDT 2026,GET,https://t-f-cl-test-003.vercel.app/products/5?_rsc=tXyZJ52UQVBCVsD3,403,Forbidden,175,567,32225
7477,Mon Sep 07 19:40:44 BDT 2026,Mon Sep 07 19:40:45 BDT 2026,GET,https://t-f-cl-test-003.vercel.app/login?next=%2Fcheckout&_rsc=tXyZJ52UQVBCVsD3,403,Forbidden,179,567,32231
7481,Mon Sep 07 19:40:44 BDT 2026,Mon Sep 07 19:40:45 BDT 2026,GET,https://t-f-cl-test-003.vercel.app/orders?_rsc=5FCqwAwqu569ta3T,403,Forbidden,184,567,32210
7484,Mon Sep 07 19:40:44 BDT 2026,Mon Sep 07 19:40:45 BDT 2026,GET,https://t-f-cl-test-003.vercel.app/products/1?_rsc=W0kdaREBTBPKwbVG,403,Forbidden,185,567,32222
7486,Mon Sep 07 19:40:45 BDT 2026,Mon Sep 07 19:40:45 BDT 2026,GET,https://t-f-cl-test-003.vercel.app/_next/static/immutable/chunks/2v3cv0w2fww2x.js,403,Forbidden,170,567,32215
7488,Mon Sep 07 19:40:45 BDT 2026,Mon Sep 07 19:40:45 BDT 2026,GET,https://t-f-cl-test-003.vercel.app/login?next=%2Fcheckout,403,Forbidden,170,567,32218
7490,Mon Sep 07 19:40:45 BDT 2026,Mon Sep 07 19:40:45 BDT 2026,GET,https://t-f-cl-test-003.vercel.app/_next/static/immutable/chunks/31tcpybs-b989.js,403,Forbidden,201,567,32215
7491,Mon Sep 07 19:40:45 BDT 2026,Mon Sep 07 19:40:45 BDT 2026,GET,https://t-f-cl-test-003.vercel.app/_next/static/immutable/media,403,Forbidden,149,567,32215
7492,Mon Sep 07 19:40:45 BDT 2026,Mon Sep 07 19:40:45 BDT 2026,GET,https://t-f-cl-test-003.vercel.app/_next/static/immutable/media/ibm-plex-mono-latin-600-normal.04jv21_rdbjv3.woff2,403,Forbidden,189,567,32211
7496,Mon Sep 07 19:40:45 BDT 2026,Mon Sep 07 19:40:45 BDT 2026,GET,https://t-f-cl-test-003.vercel.app/_next/static/immutable/chunks/3o3-pqfgq6cb5.css,403,Forbidden,168,567,32219
7498,Mon Sep 07 19:40:45 BDT 2026,Mon Sep 07 19:40:45 BDT 2026,GET,https://t-f-cl-test-003.vercel.app/_next/static/immutable/chunks/turbopack-3owek367tc1ue.js,403,Forbidden,189,567,32231
7499,Mon Sep 07 19:40:45 BDT 2026,Mon Sep 07 19:40:45 BDT 2026,GET,https://t-f-cl-test-003.vercel.app/_next/static/immutable/media/ibm-plex-mono-latin-400-normal.19gbeb610ur4n.woff2,403,Forbidden,160,567,32222
7500,Mon Sep 07 19:40:45 BDT 2026,Mon Sep 07 19:40:45 BDT 2026,GET,https://t-f-cl-test-003.vercel.app/checkout?_rsc=U5Jq6qAThNnFslX9,403,Forbidden,151,567,32211
7504,Mon Sep 07 19:40:45 BDT 2026,Mon Sep 07 19:40:45 BDT 2026,GET,https://t-f-cl-test-003.vercel.app/_next/static/immutable/media/ibm-plex-mono-latin-500-normal.25_05y-blbp24.woff2,403,Forbidden,179,567,32209
7505,Mon Sep 07 19:40:45 BDT 2026,Mon Sep 07 19:40:45 BDT 2026,GET,https://t-f-cl-test-003.vercel.app/favicon.ico?favicon.3fpu2ql9ns1a0.ico,403,Forbidden,152,567,32209
7508,Mon Sep 07 19:40:45 BDT 2026,Mon Sep 07 19:40:45 BDT 2026,GET,https://t-f-cl-test-003.vercel.app/_next/static/immutable/media/special-elite-latin-400-normal.2mza6l9y4lmq8.woff2,403,Forbidden,163,567,32219
7510,Mon Sep 07 19:40:45 BDT 2026,Mon Sep 07 19:40:45 BDT 2026,GET,https://t-f-cl-test-003.vercel.app/_next/static/immutable/chunks/36s0t0o8ux5as.js,403,Forbidden,198,567,32210
7512,Mon Sep 07 19:40:45 BDT 2026,Mon Sep 07 19:40:45 BDT 2026,GET,https://t-f-cl-test-003.vercel.app/products/6?_rsc=tXyZJ52UQVBCVsD3,403,Forbidden,140,567,32215
7514,Mon Sep 07 19:40:45 BDT 2026,Mon Sep 07 19:40:45 BDT 2026,GET,https://t-f-cl-test-003.vercel.app/login?_rsc=tXyZJ52UQVBCVsD3,403,Forbidden,145,567,32215
7516,Mon Sep 07 19:40:45 BDT 2026,Mon Sep 07 19:40:45 BDT 2026,GET,https://t-f-cl-test-003.vercel.app/products/3?_rsc=tXyZJ52UQVBCVsD3,403,Forbidden,155,567,32209
7518,Mon Sep 07 19:40:45 BDT 2026,Mon Sep 07 19:40:45 BDT 2026,GET,https://t-f-cl-test-003.vercel.app/products/2?_rsc=tXyZJ52UQVBCVsD3,403,Forbidden,164,567,32222
7519,Mon Sep 07 19:40:45 BDT 2026,Mon Sep 07 19:40:45 BDT 2026,GET,https://t-f-cl-test-003.vercel.app/products,403,Forbidden,164,567,32211
7520,Mon Sep 07 19:40:45 BDT 2026,Mon Sep 07 19:40:45 BDT 2026,GET,https://t-f-cl-test-003.vercel.app/_next/static/immutable/chunks/2v3cv0w2fww2x.js,403,Forbidden,150,567,32211
7524,Mon Sep 07 19:40:45 BDT 2026,Mon Sep 07 19:40:45 BDT 2026,GET,https://t-f-cl-test-003.vercel.app/products/10?_rsc=W0kdaREBTBPKwbVG,403,Forbidden,166,567,32219
7526,Mon Sep 07 19:40:45 BDT 2026,Mon Sep 07 19:40:45 BDT 2026,GET,https://t-f-cl-test-003.vercel.app/products/5?_rsc=tXyZJ52UQVBCVsD3,403,Forbidden,169,567,32212
7527,Mon Sep 07 19:40:45 BDT 2026,Mon Sep 07 19:40:45 BDT 2026,GET,https://t-f-cl-test-003.vercel.app/products/1?_rsc=W0kdaREBTBPKwbVG,403,Forbidden,166,567,32219
7530,Mon Sep 07 19:40:45 BDT 2026,Mon Sep 07 19:40:45 BDT 2026,GET,https://t-f-cl-test-003.vercel.app/login?next=%2Fcheckout&_rsc=tXyZJ52UQVBCVsD3,403,Forbidden,175,567,32218
7532,Mon Sep 07 19:40:45 BDT 2026,Mon Sep 07 19:40:45 BDT 2026,GET,https://t-f-cl-test-003.vercel.app/orders?_rsc=5FCqwAwqu569ta3T,403,Forbidden,180,567,32221
7533,Mon Sep 07 19:40:45 BDT 2026,Mon Sep 07 19:40:45 BDT 2026,GET,https://t-f-cl-test-003.vercel.app/products/4?_rsc=tXyZJ52UQVBCVsD3,403,Forbidden,180,567,32215
7536,Mon Sep 07 19:40:45 BDT 2026,Mon Sep 07 19:40:45 BDT 2026,GET,https://t-f-cl-test-003.vercel.app/login?next=%2Fcheckout,403,Forbidden,177,567,32209
7538,Mon Sep 07 19:40:45 BDT 2026,Mon Sep 07 19:40:45 BDT 2026,GET,https://t-f-cl-test-003.vercel.app/_next/static/immutable/media/ibm-plex-mono-latin-600-normal.04jv21_rdbjv3.woff2,403,Forbidden,158,567,32215
7540,Mon Sep 07 19:40:45 BDT 2026,Mon Sep 07 19:40:45 BDT 2026,GET,https://t-f-cl-test-003.vercel.app/_next/static/immutable/chunks/turbopack-3owek367tc1ue.js,403,Forbidden,159,567,32210
7542,Mon Sep 07 19:40:45 BDT 2026,Mon Sep 07 19:40:45 BDT 2026,GET,https://t-f-cl-test-003.vercel.app/_next/static/immutable/media/ibm-plex-mono-latin-500-normal.25_05y-blbp24.woff2,403,Forbidden,154,567,32211
7543,Mon Sep 07 19:40:45 BDT 2026,Mon Sep 07 19:40:45 BDT 2026,GET,https://t-f-cl-test-003.vercel.app/_next/static/immutable/chunks/3o3-pqfgq6cb5.css,403,Forbidden,162,567,32212
7544,Mon Sep 07 19:40:45 BDT 2026,Mon Sep 07 19:40:45 BDT 2026,GET,https://t-f-cl-test-003.vercel.app/favicon.ico?favicon.3fpu2ql9ns1a0.ico,403,Forbidden,156,567,32225
7546,Mon Sep 07 19:40:45 BDT 2026,Mon Sep 07 19:40:45 BDT 2026,GET,https://t-f-cl-test-003.vercel.app/_next/static/immutable/media,403,Forbidden,173,567,32209
7547,Mon Sep 07 19:40:45 BDT 2026,Mon Sep 07 19:40:45 BDT 2026,GET,https://t-f-cl-test-003.vercel.app/_next/static/immutable/media/special-elite-latin-400-normal.2mza6l9y4lmq8.woff2,403,Forbidden,152,567,32227
7552,Mon Sep 07 19:40:45 BDT 2026,Mon Sep 07 19:40:45 BDT 2026,GET,https://t-f-cl-test-003.vercel.app/_next/static/immutable/chunks/31tcpybs-b989.js,403,Forbidden,184,567,32209
7553,Mon Sep 07 19:40:45 BDT 2026,Mon Sep 07 19:40:45 BDT 2026,GET,https://t-f-cl-test-003.vercel.app/_next/static/immutable/media/ibm-plex-mono-latin-400-normal.19gbeb610ur4n.woff2,403,Forbidden,173,567,32235
7555,Mon Sep 07 19:40:45 BDT 2026,Mon Sep 07 19:40:45 BDT 2026,GET,https://t-f-cl-test-003.vercel.app/checkout?_rsc=U5Jq6qAThNnFslX9,403,Forbidden,176,567,32228
7558,Mon Sep 07 19:40:45 BDT 2026,Mon Sep 07 19:40:45 BDT 2026,GET,https://t-f-cl-test-003.vercel.app/products/6?_rsc=tXyZJ52UQVBCVsD3,403,Forbidden,164,567,32221
7560,Mon Sep 07 19:40:45 BDT 2026,Mon Sep 07 19:40:45 BDT 2026,GET,https://t-f-cl-test-003.vercel.app/_next/static/immutable/chunks/36s0t0o8ux5as.js,403,Forbidden,186,567,32212
7562,Mon Sep 07 19:40:45 BDT 2026,Mon Sep 07 19:40:45 BDT 2026,GET,https://t-f-cl-test-003.vercel.app/login?_rsc=tXyZJ52UQVBCVsD3,403,Forbidden,177,567,32228
7564,Mon Sep 07 19:40:45 BDT 2026,Mon Sep 07 19:40:45 BDT 2026,GET,https://t-f-cl-test-003.vercel.app/products/3?_rsc=tXyZJ52UQVBCVsD3,403,Forbidden,190,567,32215
7566,Mon Sep 07 19:40:45 BDT 2026,Mon Sep 07 19:40:45 BDT 2026,GET,https://t-f-cl-test-003.vercel.app/login?next=%2Fcheckout&_rsc=tXyZJ52UQVBCVsD3,403,Forbidden,186,567,32217
7567,Mon Sep 07 19:40:45 BDT 2026,Mon Sep 07 19:40:45 BDT 2026,GET,https://t-f-cl-test-003.vercel.app/products/1?_rsc=W0kdaREBTBPKwbVG,403,Forbidden,192,567,32235
7568,Mon Sep 07 19:40:45 BDT 2026,Mon Sep 07 19:40:45 BDT 2026,GET,https://t-f-cl-test-003.vercel.app/products,403,Forbidden,192,567,32235
7572,Mon Sep 07 19:40:45 BDT 2026,Mon Sep 07 19:40:45 BDT 2026,GET,https://t-f-cl-test-003.vercel.app/orders?_rsc=5FCqwAwqu569ta3T,403,Forbidden,190,567,32210
7573,Mon Sep 07 19:40:45 BDT 2026,Mon Sep 07 19:40:45 BDT 2026,GET,https://t-f-cl-test-003.vercel.app/products/2?_rsc=tXyZJ52UQVBCVsD3,403,Forbidden,196,567,32221
7574,Mon Sep 07 19:40:45 BDT 2026,Mon Sep 07 19:40:45 BDT 2026,GET,https://t-f-cl-test-003.vercel.app/_next/static/immutable/media/ibm-plex-mono-latin-600-normal.04jv21_rdbjv3.woff2,403,Forbidden,159,567,32219
7578,Mon Sep 07 19:40:45 BDT 2026,Mon Sep 07 19:40:45 BDT 2026,GET,https://t-f-cl-test-003.vercel.app/products/5?_rsc=tXyZJ52UQVBCVsD3,403,Forbidden,204,567,32221
7580,Mon Sep 07 19:40:45 BDT 2026,Mon Sep 07 19:40:45 BDT 2026,GET,https://t-f-cl-test-003.vercel.app/products/4?_rsc=tXyZJ52UQVBCVsD3,403,Forbidden,205,567,32209
7581,Mon Sep 07 19:40:45 BDT 2026,Mon Sep 07 19:40:45 BDT 2026,GET,https://t-f-cl-test-003.vercel.app/login?next=%2Fcheckout,403,Forbidden,185,567,32215
7584,Mon Sep 07 19:40:45 BDT 2026,Mon Sep 07 19:40:45 BDT 2026,GET,https://t-f-cl-test-003.vercel.app/_next/static/immutable/chunks/2v3cv0w2fww2x.js,403,Forbidden,211,567,32210
7585,Mon Sep 07 19:40:45 BDT 2026,Mon Sep 07 19:40:45 BDT 2026,GET,https://t-f-cl-test-003.vercel.app/products/10?_rsc=W0kdaREBTBPKwbVG,403,Forbidden,211,567,32235
7588,Mon Sep 07 19:40:45 BDT 2026,Mon Sep 07 19:40:45 BDT 2026,GET,https://t-f-cl-test-003.vercel.app/_next/static/immutable/chunks/3o3-pqfgq6cb5.css,403,Forbidden,163,567,32225
7590,Mon Sep 07 19:40:45 BDT 2026,Mon Sep 07 19:40:45 BDT 2026,GET,https://t-f-cl-test-003.vercel.app/_next/static/immutable/media/special-elite-latin-400-normal.2mza6l9y4lmq8.woff2,403,Forbidden,161,567,32215
7592,Mon Sep 07 19:40:45 BDT 2026,Mon Sep 07 19:40:45 BDT 2026,GET,https://t-f-cl-test-003.vercel.app/_next/static/immutable/media/ibm-plex-mono-latin-500-normal.25_05y-blbp24.woff2,403,Forbidden,166,567,32235
7594,Mon Sep 07 19:40:45 BDT 2026,Mon Sep 07 19:40:45 BDT 2026,GET,https://t-f-cl-test-003.vercel.app/checkout?_rsc=U5Jq6qAThNnFslX9,403,Forbidden,159,567,32219
7596,Mon Sep 07 19:40:45 BDT 2026,Mon Sep 07 19:40:45 BDT 2026,GET,https://t-f-cl-test-003.vercel.app/favicon.ico?favicon.3fpu2ql9ns1a0.ico,403,Forbidden,180,567,32209
7598,Mon Sep 07 19:40:45 BDT 2026,Mon Sep 07 19:40:45 BDT 2026,GET,https://t-f-cl-test-003.vercel.app/_next/static/immutable/chunks/turbopack-3owek367tc1ue.js,403,Forbidden,184,567,32210
7600,Mon Sep 07 19:40:45 BDT 2026,Mon Sep 07 19:40:45 BDT 2026,GET,https://t-f-cl-test-003.vercel.app/_next/static/immutable/chunks/31tcpybs-b989.js,403,Forbidden,178,567,32225
7602,Mon Sep 07 19:40:45 BDT 2026,Mon Sep 07 19:40:45 BDT 2026,GET,https://t-f-cl-test-003.vercel.app/_next/static/immutable/media/ibm-plex-mono-latin-400-normal.19gbeb610ur4n.woff2,403,Forbidden,187,567,32211
7604,Mon Sep 07 19:40:45 BDT 2026,Mon Sep 07 19:40:45 BDT 2026,GET,https://t-f-cl-test-003.vercel.app/_next/static/immutable/media,403,Forbidden,206,567,32225
7606,Mon Sep 07 19:40:45 BDT 2026,Mon Sep 07 19:40:45 BDT 2026,GET,https://t-f-cl-test-003.vercel.app/_next/static/immutable/chunks/36s0t0o8ux5as.js,403,Forbidden,148,567,32211
7608,Mon Sep 07 19:40:45 BDT 2026,Mon Sep 07 19:40:45 BDT 2026,GET,https://t-f-cl-test-003.vercel.app/login?_rsc=tXyZJ52UQVBCVsD3,403,Forbidden,149,567,32209
7610,Mon Sep 07 19:40:45 BDT 2026,Mon Sep 07 19:40:45 BDT 2026,GET,https://t-f-cl-test-003.vercel.app/products/6?_rsc=tXyZJ52UQVBCVsD3,403,Forbidden,169,567,32210
7612,Mon Sep 07 19:40:45 BDT 2026,Mon Sep 07 19:40:45 BDT 2026,GET,https://t-f-cl-test-003.vercel.app/login?next=%2Fcheckout&_rsc=tXyZJ52UQVBCVsD3,403,Forbidden,142,567,32221
7613,Mon Sep 07 19:40:45 BDT 2026,Mon Sep 07 19:40:45 BDT 2026,GET,https://t-f-cl-test-003.vercel.app/products/1?_rsc=W0kdaREBTBPKwbVG,403,Forbidden,143,567,32210
7616,Mon Sep 07 19:40:45 BDT 2026,Mon Sep 07 19:40:45 BDT 2026,GET,https://t-f-cl-test-003.vercel.app/orders?_rsc=5FCqwAwqu569ta3T,403,Forbidden,155,567,32227
7618,Mon Sep 07 19:40:45 BDT 2026,Mon Sep 07 19:40:45 BDT 2026,GET,https://t-f-cl-test-003.vercel.app/products/5?_rsc=tXyZJ52UQVBCVsD3,403,Forbidden,153,567,32235
7620,Mon Sep 07 19:40:45 BDT 2026,Mon Sep 07 19:40:45 BDT 2026,GET,https://t-f-cl-test-003.vercel.app/products,403,Forbidden,166,567,32209
7622,Mon Sep 07 19:40:45 BDT 2026,Mon Sep 07 19:40:45 BDT 2026,GET,https://t-f-cl-test-003.vercel.app/products/4?_rsc=tXyZJ52UQVBCVsD3,403,Forbidden,168,567,32222
7624,Mon Sep 07 19:40:45 BDT 2026,Mon Sep 07 19:40:45 BDT 2026,GET,https://t-f-cl-test-003.vercel.app/_next/static/immutable/media/special-elite-latin-400-normal.2mza6l9y4lmq8.woff2,403,Forbidden,173,567,32211
7625,Mon Sep 07 19:40:45 BDT 2026,Mon Sep 07 19:40:45 BDT 2026,GET,https://t-f-cl-test-003.vercel.app/_next/static/immutable/media/ibm-plex-mono-latin-600-normal.04jv21_rdbjv3.woff2,403,Forbidden,190,567,32210
7628,Mon Sep 07 19:40:45 BDT 2026,Mon Sep 07 19:40:45 BDT 2026,GET,https://t-f-cl-test-003.vercel.app/login?next=%2Fcheckout&_rsc=tXyZJ52UQVBCVsD3,403,Forbidden,179,567,32210
7629,Mon Sep 07 19:40:45 BDT 2026,Mon Sep 07 19:40:45 BDT 2026,GET,https://t-f-cl-test-003.vercel.app/products/1?_rsc=W0kdaREBTBPKwbVG,403,Forbidden,175,567,32235
7630,Mon Sep 07 19:40:45 BDT 2026,Mon Sep 07 19:40:45 BDT 2026,GET,https://t-f-cl-test-003.vercel.app/login?_rsc=tXyZJ52UQVBCVsD3,403,Forbidden,195,567,32212
7631,Mon Sep 07 19:40:45 BDT 2026,Mon Sep 07 19:40:45 BDT 2026,GET,https://t-f-cl-test-003.vercel.app/_next/static/immutable/chunks/36s0t0o8ux5as.js,403,Forbidden,184,567,32221
7632,Mon Sep 07 19:40:45 BDT 2026,Mon Sep 07 19:40:45 BDT 2026,GET,https://t-f-cl-test-003.vercel.app/products/6?_rsc=tXyZJ52UQVBCVsD3,403,Forbidden,170,567,32221
7633,Mon Sep 07 19:40:45 BDT 2026,Mon Sep 07 19:40:45 BDT 2026,GET,https://t-f-cl-test-003.vercel.app/_next/static/immutable/media,403,Forbidden,165,567,32225
7634,Mon Sep 07 19:40:45 BDT 2026,Mon Sep 07 19:40:45 BDT 2026,GET,https://t-f-cl-test-003.vercel.app/_next/static/immutable/media/ibm-plex-mono-latin-400-normal.19gbeb610ur4n.woff2,403,Forbidden,173,567,32226
7635,Mon Sep 07 19:40:45 BDT 2026,Mon Sep 07 19:40:45 BDT 2026,GET,https://t-f-cl-test-003.vercel.app/_next/static/immutable/media/ibm-plex-mono-latin-500-normal.25_05y-blbp24.woff2,403,Forbidden,193,567,32217
7636,Mon Sep 07 19:40:45 BDT 2026,Mon Sep 07 19:40:45 BDT 2026,GET,https://t-f-cl-test-003.vercel.app/_next/static/immutable/chunks/2v3cv0w2fww2x.js,403,Forbidden,192,567,32215
7637,Mon Sep 07 19:40:45 BDT 2026,Mon Sep 07 19:40:45 BDT 2026,GET,https://t-f-cl-test-003.vercel.app/checkout?_rsc=U5Jq6qAThNnFslX9,403,Forbidden,177,567,32217
7638,Mon Sep 07 19:40:45 BDT 2026,Mon Sep 07 19:40:45 BDT 2026,GET,https://t-f-cl-test-003.vercel.app/_next/static/immutable/chunks/31tcpybs-b989.js,403,Forbidden,157,567,32210
7639,Mon Sep 07 19:40:45 BDT 2026,Mon Sep 07 19:40:45 BDT 2026,GET,https://t-f-cl-test-003.vercel.app/login?next=%2Fcheckout,403,Forbidden,195,567,32218
7640,Mon Sep 07 19:40:45 BDT 2026,Mon Sep 07 19:40:45 BDT 2026,GET,https://t-f-cl-test-003.vercel.app/_next/static/immutable/chunks/3o3-pqfgq6cb5.css,403,Forbidden,182,567,32210
7641,Mon Sep 07 19:40:45 BDT 2026,Mon Sep 07 19:40:45 BDT 2026,GET,https://t-f-cl-test-003.vercel.app/products/10?_rsc=W0kdaREBTBPKwbVG,403,Forbidden,182,567,32219
7642,Mon Sep 07 19:40:45 BDT 2026,Mon Sep 07 19:40:45 BDT 2026,GET,https://t-f-cl-test-003.vercel.app/_next/static/immutable/chunks/turbopack-3owek367tc1ue.js,403,Forbidden,166,567,32231
7643,Mon Sep 07 19:40:45 BDT 2026,Mon Sep 07 19:40:45 BDT 2026,GET,https://t-f-cl-test-003.vercel.app/favicon.ico?favicon.3fpu2ql9ns1a0.ico,403,Forbidden,167,567,32219
7644,Mon Sep 07 19:40:45 BDT 2026,Mon Sep 07 19:40:45 BDT 2026,GET,https://t-f-cl-test-003.vercel.app/products/2?_rsc=tXyZJ52UQVBCVsD3,403,Forbidden,195,567,32211
7645,Mon Sep 07 19:40:45 BDT 2026,Mon Sep 07 19:40:45 BDT 2026,GET,https://t-f-cl-test-003.vercel.app/products/3?_rsc=tXyZJ52UQVBCVsD3,403,Forbidden,193,567,32219
7648,Mon Sep 07 19:40:45 BDT 2026,Mon Sep 07 19:40:45 BDT 2026,GET,https://t-f-cl-test-003.vercel.app/products/4?_rsc=tXyZJ52UQVBCVsD3,403,Forbidden,159,567,32209
7651,Mon Sep 07 19:40:45 BDT 2026,Mon Sep 07 19:40:45 BDT 2026,GET,https://t-f-cl-test-003.vercel.app/products/5?_rsc=tXyZJ52UQVBCVsD3,403,Forbidden,161,567,32235
7668,Mon Sep 07 19:40:45 BDT 2026,Mon Sep 07 19:40:45 BDT 2026,GET,https://t-f-cl-test-003.vercel.app/orders?_rsc=5FCqwAwqu569ta3T,403,Forbidden,166,567,32215
7670,Mon Sep 07 19:40:45 BDT 2026,Mon Sep 07 19:40:45 BDT 2026,GET,https://t-f-cl-test-003.vercel.app/products,403,Forbidden,167,567,32210
7672,Mon Sep 07 19:40:45 BDT 2026,Mon Sep 07 19:40:46 BDT 2026,GET,https://t-f-cl-test-003.vercel.app/_next/static/immutable/media/ibm-plex-mono-latin-600-normal.04jv21_rdbjv3.woff2,403,Forbidden,138,567,32209
7674,Mon Sep 07 19:40:45 BDT 2026,Mon Sep 07 19:40:46 BDT 2026,GET,https://t-f-cl-test-003.vercel.app/_next/static/immutable/chunks/2v3cv0w2fww2x.js,403,Forbidden,158,567,32231
7676,Mon Sep 07 19:40:45 BDT 2026,Mon Sep 07 19:40:46 BDT 2026,GET,https://t-f-cl-test-003.vercel.app/products/10?_rsc=W0kdaREBTBPKwbVG,403,Forbidden,187,567,32209
7678,Mon Sep 07 19:40:45 BDT 2026,Mon Sep 07 19:40:46 BDT 2026,GET,https://t-f-cl-test-003.vercel.app/_next/static/immutable/media,403,Forbidden,199,567,32226
7679,Mon Sep 07 19:40:45 BDT 2026,Mon Sep 07 19:40:46 BDT 2026,GET,https://t-f-cl-test-003.vercel.app/login?_rsc=tXyZJ52UQVBCVsD3,403,Forbidden,199,567,32218
7680,Mon Sep 07 19:40:45 BDT 2026,Mon Sep 07 19:40:46 BDT 2026,GET,https://t-f-cl-test-003.vercel.app/products/1?_rsc=W0kdaREBTBPKwbVG,403,Forbidden,199,567,32210
7684,Mon Sep 07 19:40:45 BDT 2026,Mon Sep 07 19:40:46 BDT 2026,GET,https://t-f-cl-test-003.vercel.app/checkout?_rsc=U5Jq6qAThNnFslX9,403,Forbidden,202,567,32235
7686,Mon Sep 07 19:40:45 BDT 2026,Mon Sep 07 19:40:46 BDT 2026,GET,https://t-f-cl-test-003.vercel.app/_next/static/immutable/media/ibm-plex-mono-latin-500-normal.25_05y-blbp24.woff2,403,Forbidden,204,567,32219
7687,Mon Sep 07 19:40:45 BDT 2026,Mon Sep 07 19:40:46 BDT 2026,GET,https://t-f-cl-test-003.vercel.app/orders?_rsc=5FCqwAwqu569ta3T,403,Forbidden,204,567,32215
7688,Mon Sep 07 19:40:45 BDT 2026,Mon Sep 07 19:40:46 BDT 2026,GET,https://t-f-cl-test-003.vercel.app/_next/static/immutable/chunks/turbopack-3owek367tc1ue.js,403,Forbidden,207,567,32210
7689,Mon Sep 07 19:40:45 BDT 2026,Mon Sep 07 19:40:46 BDT 2026,GET,https://t-f-cl-test-003.vercel.app/_next/static/immutable/media/special-elite-latin-400-normal.2mza6l9y4lmq8.woff2,403,Forbidden,216,567,32225
7690,Mon Sep 07 19:40:45 BDT 2026,Mon Sep 07 19:40:46 BDT 2026,GET,https://t-f-cl-test-003.vercel.app/_next/static/immutable/chunks/31tcpybs-b989.js,403,Forbidden,207,567,32210
7691,Mon Sep 07 19:40:45 BDT 2026,Mon Sep 07 19:40:46 BDT 2026,GET,https://t-f-cl-test-003.vercel.app/products/3?_rsc=tXyZJ52UQVBCVsD3,403,Forbidden,204,567,32225
7692,Mon Sep 07 19:40:45 BDT 2026,Mon Sep 07 19:40:46 BDT 2026,GET,https://t-f-cl-test-003.vercel.app/products/2?_rsc=tXyZJ52UQVBCVsD3,403,Forbidden,207,567,32215
7693,Mon Sep 07 19:40:45 BDT 2026,Mon Sep 07 19:40:46 BDT 2026,GET,https://t-f-cl-test-003.vercel.app/login?next=%2Fcheckout,403,Forbidden,204,567,32222
7694,Mon Sep 07 19:40:45 BDT 2026,Mon Sep 07 19:40:46 BDT 2026,GET,https://t-f-cl-test-003.vercel.app/login?next=%2Fcheckout&_rsc=tXyZJ52UQVBCVsD3,403,Forbidden,204,567,32218
7695,Mon Sep 07 19:40:45 BDT 2026,Mon Sep 07 19:40:46 BDT 2026,GET,https://t-f-cl-test-003.vercel.app/products/5?_rsc=tXyZJ52UQVBCVsD3,403,Forbidden,204,567,32209
7696,Mon Sep 07 19:40:45 BDT 2026,Mon Sep 07 19:40:46 BDT 2026,GET,https://t-f-cl-test-003.vercel.app/products/6?_rsc=tXyZJ52UQVBCVsD3,403,Forbidden,204,567,32210
7705,Mon Sep 07 19:40:45 BDT 2026,Mon Sep 07 19:40:46 BDT 2026,GET,https://t-f-cl-test-003.vercel.app/favicon.ico?favicon.3fpu2ql9ns1a0.ico,403,Forbidden,208,567,32218
7709,Mon Sep 07 19:40:45 BDT 2026,Mon Sep 07 19:40:46 BDT 2026,GET,https://t-f-cl-test-003.vercel.app/_next/static/immutable/media/ibm-plex-mono-latin-400-normal.19gbeb610ur4n.woff2,403,Forbidden,210,567,32210
7712,Mon Sep 07 19:40:45 BDT 2026,Mon Sep 07 19:40:46 BDT 2026,GET,https://t-f-cl-test-003.vercel.app/_next/static/immutable/chunks/3o3-pqfgq6cb5.css,403,Forbidden,214,567,32211
7714,Mon Sep 07 19:40:45 BDT 2026,Mon Sep 07 19:40:46 BDT 2026,GET,https://t-f-cl-test-003.vercel.app/products/4?_rsc=tXyZJ52UQVBCVsD3,403,Forbidden,219,567,32211
7716,Mon Sep 07 19:40:45 BDT 2026,Mon Sep 07 19:40:46 BDT 2026,GET,https://t-f-cl-test-003.vercel.app/products,403,Forbidden,217,567,32212
7718,Mon Sep 07 19:40:45 BDT 2026,Mon Sep 07 19:40:46 BDT 2026,GET,https://t-f-cl-test-003.vercel.app/_next/static/immutable/chunks/36s0t0o8ux5as.js,403,Forbidden,228,567,32215
7720,Mon Sep 07 19:40:46 BDT 2026,Mon Sep 07 19:40:46 BDT 2026,GET,https://t-f-cl-test-003.vercel.app/_next/static/immutable/media/ibm-plex-mono-latin-600-normal.04jv21_rdbjv3.woff2,403,Forbidden,180,567,32209
7722,Mon Sep 07 19:40:46 BDT 2026,Mon Sep 07 19:40:46 BDT 2026,GET,https://t-f-cl-test-003.vercel.app/checkout?_rsc=U5Jq6qAThNnFslX9,403,Forbidden,156,567,32211
7723,Mon Sep 07 19:40:46 BDT 2026,Mon Sep 07 19:40:46 BDT 2026,GET,https://t-f-cl-test-003.vercel.app/products/10?_rsc=W0kdaREBTBPKwbVG,403,Forbidden,170,567,32221
7724,Mon Sep 07 19:40:46 BDT 2026,Mon Sep 07 19:40:46 BDT 2026,GET,https://t-f-cl-test-003.vercel.app/products/1?_rsc=W0kdaREBTBPKwbVG,403,Forbidden,157,567,32227
7728,Mon Sep 07 19:40:46 BDT 2026,Mon Sep 07 19:40:46 BDT 2026,GET,https://t-f-cl-test-003.vercel.app/_next/static/immutable/media,403,Forbidden,159,567,32227
7730,Mon Sep 07 19:40:46 BDT 2026,Mon Sep 07 19:40:46 BDT 2026,GET,https://t-f-cl-test-003.vercel.app/login?_rsc=tXyZJ52UQVBCVsD3,403,Forbidden,163,567,32210
7732,Mon Sep 07 19:40:46 BDT 2026,Mon Sep 07 19:40:46 BDT 2026,GET,https://t-f-cl-test-003.vercel.app/products/5?_rsc=tXyZJ52UQVBCVsD3,403,Forbidden,154,567,32211
7733,Mon Sep 07 19:40:46 BDT 2026,Mon Sep 07 19:40:46 BDT 2026,GET,https://t-f-cl-test-003.vercel.app/_next/static/immutable/media/ibm-plex-mono-latin-400-normal.19gbeb610ur4n.woff2,403,Forbidden,153,567,32219
7736,Mon Sep 07 19:40:46 BDT 2026,Mon Sep 07 19:40:46 BDT 2026,GET,https://t-f-cl-test-003.vercel.app/_next/static/immutable/media/ibm-plex-mono-latin-500-normal.25_05y-blbp24.woff2,403,Forbidden,169,567,32235
7738,Mon Sep 07 19:40:46 BDT 2026,Mon Sep 07 19:40:46 BDT 2026,GET,https://t-f-cl-test-003.vercel.app/products/4?_rsc=tXyZJ52UQVBCVsD3,403,Forbidden,171,567,32211
7740,Mon Sep 07 19:40:46 BDT 2026,Mon Sep 07 19:40:46 BDT 2026,GET,https://t-f-cl-test-003.vercel.app/orders?_rsc=5FCqwAwqu569ta3T,403,Forbidden,183,567,32209
7742,Mon Sep 07 19:40:46 BDT 2026,Mon Sep 07 19:40:46 BDT 2026,GET,https://t-f-cl-test-003.vercel.app/favicon.ico?favicon.3fpu2ql9ns1a0.ico,403,Forbidden,194,567,32235
7743,Mon Sep 07 19:40:46 BDT 2026,Mon Sep 07 19:40:46 BDT 2026,GET,https://t-f-cl-test-003.vercel.app/products/8?_rsc=tXyZJ52UQVBCVsD3,403,Forbidden,172,567,32222
7746,Mon Sep 07 19:40:46 BDT 2026,Mon Sep 07 19:40:46 BDT 2026,GET,https://t-f-cl-test-003.vercel.app/products/9?_rsc=tXyZJ52UQVBCVsD3,403,Forbidden,171,567,32227
7747,Mon Sep 07 19:40:46 BDT 2026,Mon Sep 07 19:40:46 BDT 2026,GET,https://t-f-cl-test-003.vercel.app/_next/static/immutable/chunks/turbopack-3owek367tc1ue.js,403,Forbidden,195,567,32221
7749,Mon Sep 07 19:40:46 BDT 2026,Mon Sep 07 19:40:46 BDT 2026,GET,https://t-f-cl-test-003.vercel.app/_next/static/immutable/chunks/3o3-pqfgq6cb5.css,403,Forbidden,199,567,32218
7750,Mon Sep 07 19:40:46 BDT 2026,Mon Sep 07 19:40:46 BDT 2026,GET,https://t-f-cl-test-003.vercel.app/products/2?_rsc=tXyZJ52UQVBCVsD3,403,Forbidden,198,567,32212
7751,Mon Sep 07 19:40:46 BDT 2026,Mon Sep 07 19:40:46 BDT 2026,GET,https://t-f-cl-test-003.vercel.app/login?next=%2Fcheckout,403,Forbidden,198,567,32211
7752,Mon Sep 07 19:40:46 BDT 2026,Mon Sep 07 19:40:46 BDT 2026,GET,https://t-f-cl-test-003.vercel.app/_next/static/immutable/media/special-elite-latin-400-normal.2mza6l9y4lmq8.woff2,403,Forbidden,197,567,32222
7753,Mon Sep 07 19:40:46 BDT 2026,Mon Sep 07 19:40:46 BDT 2026,GET,https://t-f-cl-test-003.vercel.app/products/6?_rsc=tXyZJ52UQVBCVsD3,403,Forbidden,196,567,32225
7754,Mon Sep 07 19:40:46 BDT 2026,Mon Sep 07 19:40:46 BDT 2026,GET,https://t-f-cl-test-003.vercel.app/products,403,Forbidden,196,567,32227
7762,Mon Sep 07 19:40:46 BDT 2026,Mon Sep 07 19:40:46 BDT 2026,GET,https://t-f-cl-test-003.vercel.app/products/3?_rsc=tXyZJ52UQVBCVsD3,403,Forbidden,209,567,32218
7764,Mon Sep 07 19:40:46 BDT 2026,Mon Sep 07 19:40:46 BDT 2026,GET,https://t-f-cl-test-003.vercel.app/login?next=%2Fcheckout&_rsc=tXyZJ52UQVBCVsD3,403,Forbidden,210,567,32210
7766,Mon Sep 07 19:40:46 BDT 2026,Mon Sep 07 19:40:46 BDT 2026,GET,https://t-f-cl-test-003.vercel.app/user,403,Forbidden,188,567,32217
7767,Mon Sep 07 19:40:46 BDT 2026,Mon Sep 07 19:40:46 BDT 2026,GET,https://t-f-cl-test-003.vercel.app/products/7?_rsc=tXyZJ52UQVBCVsD3,403,Forbidden,191,567,32217
7769,Mon Sep 07 19:40:46 BDT 2026,Mon Sep 07 19:40:46 BDT 2026,GET,https://t-f-cl-test-003.vercel.app/_next/static/immutable/media/ibm-plex-mono-latin-600-normal.04jv21_rdbjv3.woff2,403,Forbidden,196,567,32235
7770,Mon Sep 07 19:40:46 BDT 2026,Mon Sep 07 19:40:46 BDT 2026,GET,https://t-f-cl-test-003.vercel.app/products/1?_rsc=W0kdaREBTBPKwbVG,403,Forbidden,162,567,32235
7773,Mon Sep 07 19:40:46 BDT 2026,Mon Sep 07 19:40:46 BDT 2026,GET,https://t-f-cl-test-003.vercel.app/products/10?_rsc=W0kdaREBTBPKwbVG,403,Forbidden,166,567,32221
7775,Mon Sep 07 19:40:46 BDT 2026,Mon Sep 07 19:40:46 BDT 2026,GET,https://t-f-cl-test-003.vercel.app/checkout?_rsc=U5Jq6qAThNnFslX9,403,Forbidden,172,567,32225
7777,Mon Sep 07 19:40:46 BDT 2026,Mon Sep 07 19:40:46 BDT 2026,GET,https://t-f-cl-test-003.vercel.app/login?_rsc=tXyZJ52UQVBCVsD3,403,Forbidden,164,567,32215
7779,Mon Sep 07 19:40:46 BDT 2026,Mon Sep 07 19:40:46 BDT 2026,GET,https://t-f-cl-test-003.vercel.app/_next/static/immutable/media,403,Forbidden,179,567,32211
7781,Mon Sep 07 19:40:46 BDT 2026,Mon Sep 07 19:40:46 BDT 2026,GET,https://t-f-cl-test-003.vercel.app/products/4?_rsc=tXyZJ52UQVBCVsD3,403,Forbidden,166,567,32209
7783,Mon Sep 07 19:40:46 BDT 2026,Mon Sep 07 19:40:46 BDT 2026,GET,https://t-f-cl-test-003.vercel.app/products/5?_rsc=tXyZJ52UQVBCVsD3,403,Forbidden,174,567,32221
7785,Mon Sep 07 19:40:46 BDT 2026,Mon Sep 07 19:40:46 BDT 2026,GET,https://t-f-cl-test-003.vercel.app/_next/static/immutable/media/ibm-plex-mono-latin-400-normal.19gbeb610ur4n.woff2,403,Forbidden,178,567,32215
7787,Mon Sep 07 19:40:46 BDT 2026,Mon Sep 07 19:40:46 BDT 2026,GET,https://t-f-cl-test-003.vercel.app/products/2?_rsc=tXyZJ52UQVBCVsD3,403,Forbidden,148,567,32212
7789,Mon Sep 07 19:40:46 BDT 2026,Mon Sep 07 19:40:46 BDT 2026,GET,https://t-f-cl-test-003.vercel.app/orders?_rsc=5FCqwAwqu569ta3T,403,Forbidden,168,567,32212
7791,Mon Sep 07 19:40:46 BDT 2026,Mon Sep 07 19:40:46 BDT 2026,GET,https://t-f-cl-test-003.vercel.app/user/005c9b24-b1d2-47b1-afe3-c98b4f4320b2?_rsc=sE0E8H4Klxv0Jlpw,403,Forbidden,163,567,32228
7792,Mon Sep 07 19:40:46 BDT 2026,Mon Sep 07 19:40:46 BDT 2026,GET,https://t-f-cl-test-003.vercel.app/_next/static/immutable/media/ibm-plex-mono-latin-500-normal.25_05y-blbp24.woff2,403,Forbidden,198,567,32235
7795,Mon Sep 07 19:40:46 BDT 2026,Mon Sep 07 19:40:46 BDT 2026,GET,https://t-f-cl-test-003.vercel.app/favicon.ico?favicon.3fpu2ql9ns1a0.ico,403,Forbidden,182,567,32228
7796,Mon Sep 07 19:40:46 BDT 2026,Mon Sep 07 19:40:46 BDT 2026,GET,https://t-f-cl-test-003.vercel.app/products/8?_rsc=tXyZJ52UQVBCVsD3,403,Forbidden,182,567,32215
7799,Mon Sep 07 19:40:46 BDT 2026,Mon Sep 07 19:40:46 BDT 2026,GET,https://t-f-cl-test-003.vercel.app/products,403,Forbidden,171,567,32211
7801,Mon Sep 07 19:40:46 BDT 2026,Mon Sep 07 19:40:46 BDT 2026,GET,https://t-f-cl-test-003.vercel.app/products/7?_rsc=tXyZJ52UQVBCVsD3,403,Forbidden,157,567,32209
7802,Mon Sep 07 19:40:46 BDT 2026,Mon Sep 07 19:40:46 BDT 2026,GET,https://t-f-cl-test-003.vercel.app/_next/static/immutable/media/special-elite-latin-400-normal.2mza6l9y4lmq8.woff2,403,Forbidden,171,567,32210
7803,Mon Sep 07 19:40:46 BDT 2026,Mon Sep 07 19:40:46 BDT 2026,GET,https://t-f-cl-test-003.vercel.app/login?next=%2Fcheckout&_rsc=tXyZJ52UQVBCVsD3,403,Forbidden,185,567,32215
7804,Mon Sep 07 19:40:46 BDT 2026,Mon Sep 07 19:40:46 BDT 2026,GET,https://t-f-cl-test-003.vercel.app/products/9?_rsc=tXyZJ52UQVBCVsD3,403,Forbidden,186,567,32211
7805,Mon Sep 07 19:40:46 BDT 2026,Mon Sep 07 19:40:46 BDT 2026,GET,https://t-f-cl-test-003.vercel.app/products/6?_rsc=tXyZJ52UQVBCVsD3,403,Forbidden,186,567,32211
7806,Mon Sep 07 19:40:46 BDT 2026,Mon Sep 07 19:40:46 BDT 2026,GET,https://t-f-cl-test-003.vercel.app/products/3?_rsc=tXyZJ52UQVBCVsD3,403,Forbidden,181,567,32209
7807,Mon Sep 07 19:40:46 BDT 2026,Mon Sep 07 19:40:46 BDT 2026,GET,https://t-f-cl-test-003.vercel.app/user,403,Forbidden,174,567,32217
7808,Mon Sep 07 19:40:46 BDT 2026,Mon Sep 07 19:40:46 BDT 2026,GET,https://t-f-cl-test-003.vercel.app/login?next=%2Fcheckout,403,Forbidden,174,567,32209
7817,Mon Sep 07 19:40:46 BDT 2026,Mon Sep 07 19:40:46 BDT 2026,GET,https://t-f-cl-test-003.vercel.app/products/10?_rsc=W0kdaREBTBPKwbVG,403,Forbidden,160,567,32211
7819,Mon Sep 07 19:40:46 BDT 2026,Mon Sep 07 19:40:46 BDT 2026,GET,https://t-f-cl-test-003.vercel.app/products/1?_rsc=W0kdaREBTBPKwbVG,403,Forbidden,177,567,32226
7821,Mon Sep 07 19:40:46 BDT 2026,Mon Sep 07 19:40:46 BDT 2026,GET,https://t-f-cl-test-003.vercel.app/login?_rsc=tXyZJ52UQVBCVsD3,403,Forbidden,170,567,32211
7822,Mon Sep 07 19:40:46 BDT 2026,Mon Sep 07 19:40:46 BDT 2026,GET,https://t-f-cl-test-003.vercel.app/checkout?_rsc=U5Jq6qAThNnFslX9,403,Forbidden,176,567,32211
7825,Mon Sep 07 19:40:46 BDT 2026,Mon Sep 07 19:40:46 BDT 2026,GET,https://t-f-cl-test-003.vercel.app/products/4?_rsc=tXyZJ52UQVBCVsD3,403,Forbidden,176,567,32215
7827,Mon Sep 07 19:40:46 BDT 2026,Mon Sep 07 19:40:46 BDT 2026,GET,https://t-f-cl-test-003.vercel.app/products/2?_rsc=tXyZJ52UQVBCVsD3,403,Forbidden,170,567,32212
7829,Mon Sep 07 19:40:46 BDT 2026,Mon Sep 07 19:40:46 BDT 2026,GET,https://t-f-cl-test-003.vercel.app/products/5?_rsc=tXyZJ52UQVBCVsD3,403,Forbidden,178,567,32219
7831,Mon Sep 07 19:40:46 BDT 2026,Mon Sep 07 19:40:46 BDT 2026,GET,https://t-f-cl-test-003.vercel.app/products,403,Forbidden,138,567,32222
7833,Mon Sep 07 19:40:46 BDT 2026,Mon Sep 07 19:40:46 BDT 2026,GET,https://t-f-cl-test-003.vercel.app/favicon.ico?favicon.3fpu2ql9ns1a0.ico,403,Forbidden,152,567,32210
7835,Mon Sep 07 19:40:46 BDT 2026,Mon Sep 07 19:40:46 BDT 2026,GET,https://t-f-cl-test-003.vercel.app/products/8?_rsc=tXyZJ52UQVBCVsD3,403,Forbidden,165,567,32210
7837,Mon Sep 07 19:40:46 BDT 2026,Mon Sep 07 19:40:46 BDT 2026,GET,https://t-f-cl-test-003.vercel.app/orders?_rsc=5FCqwAwqu569ta3T,403,Forbidden,175,567,32218
7838,Mon Sep 07 19:40:46 BDT 2026,Mon Sep 07 19:40:46 BDT 2026,GET,https://t-f-cl-test-003.vercel.app/products/9?_rsc=tXyZJ52UQVBCVsD3,403,Forbidden,164,567,32227
7839,Mon Sep 07 19:40:46 BDT 2026,Mon Sep 07 19:40:46 BDT 2026,GET,https://t-f-cl-test-003.vercel.app/user/005c9b24-b1d2-47b1-afe3-c98b4f4320b2?_rsc=sE0E8H4Klxv0Jlpw,403,Forbidden,175,567,32221
7843,Mon Sep 07 19:40:46 BDT 2026,Mon Sep 07 19:40:46 BDT 2026,GET,https://t-f-cl-test-003.vercel.app/login?next=%2Fcheckout&_rsc=tXyZJ52UQVBCVsD3,403,Forbidden,168,567,32225
7845,Mon Sep 07 19:40:46 BDT 2026,Mon Sep 07 19:40:46 BDT 2026,GET,https://t-f-cl-test-003.vercel.app/products/7?_rsc=tXyZJ52UQVBCVsD3,403,Forbidden,176,567,32210
7846,Mon Sep 07 19:40:46 BDT 2026,Mon Sep 07 19:40:46 BDT 2026,GET,https://t-f-cl-test-003.vercel.app/products/3?_rsc=tXyZJ52UQVBCVsD3,403,Forbidden,176,567,32210
7849,Mon Sep 07 19:40:46 BDT 2026,Mon Sep 07 19:40:46 BDT 2026,GET,https://t-f-cl-test-003.vercel.app/products/6?_rsc=tXyZJ52UQVBCVsD3,403,Forbidden,178,567,32227
7851,Mon Sep 07 19:40:46 BDT 2026,Mon Sep 07 19:40:46 BDT 2026,GET,https://t-f-cl-test-003.vercel.app/login?next=%2Fcheckout,403,Forbidden,179,567,32211
7853,Mon Sep 07 19:40:46 BDT 2026,Mon Sep 07 19:40:46 BDT 2026,GET,https://t-f-cl-test-003.vercel.app/user,403,Forbidden,181,567,32210
7855,Mon Sep 07 19:40:46 BDT 2026,Mon Sep 07 19:40:46 BDT 2026,GET,https://t-f-cl-test-003.vercel.app/products/10?_rsc=W0kdaREBTBPKwbVG,403,Forbidden,164,567,32221
7857,Mon Sep 07 19:40:46 BDT 2026,Mon Sep 07 19:40:46 BDT 2026,GET,https://t-f-cl-test-003.vercel.app/login?_rsc=tXyZJ52UQVBCVsD3,403,Forbidden,154,567,32210
7859,Mon Sep 07 19:40:46 BDT 2026,Mon Sep 07 19:40:46 BDT 2026,GET,https://t-f-cl-test-003.vercel.app/products/1?_rsc=W0kdaREBTBPKwbVG,403,Forbidden,180,567,32225
7861,Mon Sep 07 19:40:46 BDT 2026,Mon Sep 07 19:40:46 BDT 2026,GET,https://t-f-cl-test-003.vercel.app/products/4?_rsc=tXyZJ52UQVBCVsD3,403,Forbidden,149,567,32227
7863,Mon Sep 07 19:40:46 BDT 2026,Mon Sep 07 19:40:46 BDT 2026,GET,https://t-f-cl-test-003.vercel.app/products/5?_rsc=tXyZJ52UQVBCVsD3,403,Forbidden,171,567,32226
7865,Mon Sep 07 19:40:46 BDT 2026,Mon Sep 07 19:40:46 BDT 2026,GET,https://t-f-cl-test-003.vercel.app/products/2?_rsc=tXyZJ52UQVBCVsD3,403,Forbidden,184,567,32235
7867,Mon Sep 07 19:40:46 BDT 2026,Mon Sep 07 19:40:46 BDT 2026,GET,https://t-f-cl-test-003.vercel.app/favicon.ico?favicon.3fpu2ql9ns1a0.ico,403,Forbidden,169,567,32211
7869,Mon Sep 07 19:40:46 BDT 2026,Mon Sep 07 19:40:46 BDT 2026,GET,https://t-f-cl-test-003.vercel.app/products,403,Forbidden,190,567,32219
7871,Mon Sep 07 19:40:46 BDT 2026,Mon Sep 07 19:40:46 BDT 2026,GET,https://t-f-cl-test-003.vercel.app/products/9?_rsc=tXyZJ52UQVBCVsD3,403,Forbidden,144,567,32211
7872,Mon Sep 07 19:40:46 BDT 2026,Mon Sep 07 19:40:46 BDT 2026,GET,https://t-f-cl-test-003.vercel.app/orders?_rsc=5FCqwAwqu569ta3T,403,Forbidden,144,567,32211
7875,Mon Sep 07 19:40:46 BDT 2026,Mon Sep 07 19:40:46 BDT 2026,GET,https://t-f-cl-test-003.vercel.app/products/6?_rsc=tXyZJ52UQVBCVsD3,403,Forbidden,155,567,32210
7876,Mon Sep 07 19:40:46 BDT 2026,Mon Sep 07 19:40:46 BDT 2026,GET,https://t-f-cl-test-003.vercel.app/products/3?_rsc=tXyZJ52UQVBCVsD3,403,Forbidden,155,567,32228
7879,Mon Sep 07 19:40:46 BDT 2026,Mon Sep 07 19:40:46 BDT 2026,GET,https://t-f-cl-test-003.vercel.app/login?next=%2Fcheckout&_rsc=tXyZJ52UQVBCVsD3,403,Forbidden,172,567,32212
7880,Mon Sep 07 19:40:46 BDT 2026,Mon Sep 07 19:40:46 BDT 2026,GET,https://t-f-cl-test-003.vercel.app/products/8?_rsc=tXyZJ52UQVBCVsD3,403,Forbidden,173,567,32209
7881,Mon Sep 07 19:40:46 BDT 2026,Mon Sep 07 19:40:46 BDT 2026,GET,https://t-f-cl-test-003.vercel.app/login?next=%2Fcheckout,403,Forbidden,172,567,32211
7885,Mon Sep 07 19:40:46 BDT 2026,Mon Sep 07 19:40:46 BDT 2026,GET,https://t-f-cl-test-003.vercel.app/products/7?_rsc=tXyZJ52UQVBCVsD3,403,Forbidden,175,567,32212
7887,Mon Sep 07 19:40:46 BDT 2026,Mon Sep 07 19:40:46 BDT 2026,GET,https://t-f-cl-test-003.vercel.app/login?_rsc=tXyZJ52UQVBCVsD3,403,Forbidden,151,567,32219
7888,Mon Sep 07 19:40:46 BDT 2026,Mon Sep 07 19:40:46 BDT 2026,GET,https://t-f-cl-test-003.vercel.app/products/10?_rsc=W0kdaREBTBPKwbVG,403,Forbidden,162,567,32222
7889,Mon Sep 07 19:40:46 BDT 2026,Mon Sep 07 19:40:46 BDT 2026,GET,https://t-f-cl-test-003.vercel.app/user/005c9b24-b1d2-47b1-afe3-c98b4f4320b2?_rsc=sE0E8H4Klxv0Jlpw,403,Forbidden,185,567,32210
7890,Mon Sep 07 19:40:46 BDT 2026,Mon Sep 07 19:40:46 BDT 2026,GET,https://t-f-cl-test-003.vercel.app/user,403,Forbidden,183,567,32209
7895,Mon Sep 07 19:40:46 BDT 2026,Mon Sep 07 19:40:47 BDT 2026,GET,https://t-f-cl-test-003.vercel.app/products/1?_rsc=W0kdaREBTBPKwbVG,403,Forbidden,149,567,32211
7897,Mon Sep 07 19:40:46 BDT 2026,Mon Sep 07 19:40:47 BDT 2026,GET,https://t-f-cl-test-003.vercel.app/products/4?_rsc=tXyZJ52UQVBCVsD3,403,Forbidden,178,567,32210
7899,Mon Sep 07 19:40:46 BDT 2026,Mon Sep 07 19:40:47 BDT 2026,GET,https://t-f-cl-test-003.vercel.app/products/5?_rsc=tXyZJ52UQVBCVsD3,403,Forbidden,156,567,32215
7901,Mon Sep 07 19:40:46 BDT 2026,Mon Sep 07 19:40:47 BDT 2026,GET,https://t-f-cl-test-003.vercel.app/products/2?_rsc=tXyZJ52UQVBCVsD3,403,Forbidden,157,567,32222
7903,Mon Sep 07 19:40:46 BDT 2026,Mon Sep 07 19:40:47 BDT 2026,GET,https://t-f-cl-test-003.vercel.app/products/9?_rsc=tXyZJ52UQVBCVsD3,403,Forbidden,167,567,32211
7905,Mon Sep 07 19:40:46 BDT 2026,Mon Sep 07 19:40:47 BDT 2026,GET,https://t-f-cl-test-003.vercel.app/products/6?_rsc=tXyZJ52UQVBCVsD3,403,Forbidden,157,567,32210
7907,Mon Sep 07 19:40:46 BDT 2026,Mon Sep 07 19:40:47 BDT 2026,GET,https://t-f-cl-test-003.vercel.app/orders?_rsc=5FCqwAwqu569ta3T,403,Forbidden,176,567,32209
7909,Mon Sep 07 19:40:46 BDT 2026,Mon Sep 07 19:40:47 BDT 2026,GET,https://t-f-cl-test-003.vercel.app/products,403,Forbidden,191,567,32228
7911,Mon Sep 07 19:40:47 BDT 2026,Mon Sep 07 19:40:47 BDT 2026,GET,https://t-f-cl-test-003.vercel.app/user,403,Forbidden,144,567,32211
7913,Mon Sep 07 19:40:47 BDT 2026,Mon Sep 07 19:40:47 BDT 2026,GET,https://t-f-cl-test-003.vercel.app/products/8?_rsc=tXyZJ52UQVBCVsD3,403,Forbidden,152,567,32209
7915,Mon Sep 07 19:40:46 BDT 2026,Mon Sep 07 19:40:47 BDT 2026,GET,https://t-f-cl-test-003.vercel.app/products/3?_rsc=tXyZJ52UQVBCVsD3,403,Forbidden,194,567,32221
7917,Mon Sep 07 19:40:47 BDT 2026,Mon Sep 07 19:40:47 BDT 2026,GET,https://t-f-cl-test-003.vercel.app/products/7?_rsc=tXyZJ52UQVBCVsD3,403,Forbidden,161,567,32218
7919,Mon Sep 07 19:40:47 BDT 2026,Mon Sep 07 19:40:47 BDT 2026,GET,https://t-f-cl-test-003.vercel.app/login?next=%2Fcheckout,403,Forbidden,161,567,32209
7921,Mon Sep 07 19:40:47 BDT 2026,Mon Sep 07 19:40:47 BDT 2026,GET,https://t-f-cl-test-003.vercel.app/products/10?_rsc=W0kdaREBTBPKwbVG,403,Forbidden,162,567,32212
7923,Mon Sep 07 19:40:47 BDT 2026,Mon Sep 07 19:40:47 BDT 2026,GET,https://t-f-cl-test-003.vercel.app/products/1?_rsc=W0kdaREBTBPKwbVG,403,Forbidden,149,567,32211
7925,Mon Sep 07 19:40:47 BDT 2026,Mon Sep 07 19:40:47 BDT 2026,GET,https://t-f-cl-test-003.vercel.app/user/005c9b24-b1d2-47b1-afe3-c98b4f4320b2?_rsc=sE0E8H4Klxv0Jlpw,403,Forbidden,170,567,32219
7926,Mon Sep 07 19:40:47 BDT 2026,Mon Sep 07 19:40:47 BDT 2026,GET,https://t-f-cl-test-003.vercel.app/login?next=%2Fcheckout&_rsc=tXyZJ52UQVBCVsD3,403,Forbidden,172,567,32210
7929,Mon Sep 07 19:40:47 BDT 2026,Mon Sep 07 19:40:47 BDT 2026,GET,https://t-f-cl-test-003.vercel.app/products/4?_rsc=tXyZJ52UQVBCVsD3,403,Forbidden,159,567,32209
7931,Mon Sep 07 19:40:47 BDT 2026,Mon Sep 07 19:40:47 BDT 2026,GET,https://t-f-cl-test-003.vercel.app/products/2?_rsc=tXyZJ52UQVBCVsD3,403,Forbidden,155,567,32209
7933,Mon Sep 07 19:40:47 BDT 2026,Mon Sep 07 19:40:47 BDT 2026,GET,https://t-f-cl-test-003.vercel.app/products/5?_rsc=tXyZJ52UQVBCVsD3,403,Forbidden,171,567,32231
7935,Mon Sep 07 19:40:47 BDT 2026,Mon Sep 07 19:40:47 BDT 2026,GET,https://t-f-cl-test-003.vercel.app/products/9?_rsc=tXyZJ52UQVBCVsD3,403,Forbidden,166,567,32222
7936,Mon Sep 07 19:40:47 BDT 2026,Mon Sep 07 19:40:47 BDT 2026,GET,https://t-f-cl-test-003.vercel.app/products/6?_rsc=tXyZJ52UQVBCVsD3,403,Forbidden,166,567,32212
7939,Mon Sep 07 19:40:47 BDT 2026,Mon Sep 07 19:40:47 BDT 2026,GET,https://t-f-cl-test-003.vercel.app/products,403,Forbidden,152,567,32219
7941,Mon Sep 07 19:40:47 BDT 2026,Mon Sep 07 19:40:47 BDT 2026,GET,https://t-f-cl-test-003.vercel.app/user,403,Forbidden,148,567,32222
7943,Mon Sep 07 19:40:47 BDT 2026,Mon Sep 07 19:40:47 BDT 2026,GET,https://t-f-cl-test-003.vercel.app/products/3?_rsc=tXyZJ52UQVBCVsD3,403,Forbidden,141,567,32215
7945,Mon Sep 07 19:40:47 BDT 2026,Mon Sep 07 19:40:47 BDT 2026,GET,https://t-f-cl-test-003.vercel.app/products/10?_rsc=W0kdaREBTBPKwbVG,403,Forbidden,165,567,32215
7946,Mon Sep 07 19:40:47 BDT 2026,Mon Sep 07 19:40:47 BDT 2026,GET,https://t-f-cl-test-003.vercel.app/login?next=%2Fcheckout,403,Forbidden,169,567,32210
7947,Mon Sep 07 19:40:47 BDT 2026,Mon Sep 07 19:40:47 BDT 2026,GET,https://t-f-cl-test-003.vercel.app/products/8?_rsc=tXyZJ52UQVBCVsD3,403,Forbidden,176,567,32211
7951,Mon Sep 07 19:40:47 BDT 2026,Mon Sep 07 19:40:47 BDT 2026,GET,https://t-f-cl-test-003.vercel.app/products/7?_rsc=tXyZJ52UQVBCVsD3,403,Forbidden,174,567,32221
7953,Mon Sep 07 19:40:47 BDT 2026,Mon Sep 07 19:40:47 BDT 2026,GET,https://t-f-cl-test-003.vercel.app/user/005c9b24-b1d2-47b1-afe3-c98b4f4320b2?_rsc=sE0E8H4Klxv0Jlpw,403,Forbidden,162,567,32215
7955,Mon Sep 07 19:40:47 BDT 2026,Mon Sep 07 19:40:47 BDT 2026,GET,https://t-f-cl-test-003.vercel.app/products/2?_rsc=tXyZJ52UQVBCVsD3,403,Forbidden,156,567,32218
7957,Mon Sep 07 19:40:47 BDT 2026,Mon Sep 07 19:40:47 BDT 2026,GET,https://t-f-cl-test-003.vercel.app/products/9?_rsc=tXyZJ52UQVBCVsD3,403,Forbidden,170,567,32225
7959,Mon Sep 07 19:40:47 BDT 2026,Mon Sep 07 19:40:47 BDT 2026,GET,https://t-f-cl-test-003.vercel.app/user,403,Forbidden,159,567,32209
7961,Mon Sep 07 19:40:47 BDT 2026,Mon Sep 07 19:40:47 BDT 2026,GET,https://t-f-cl-test-003.vercel.app/products/3?_rsc=tXyZJ52UQVBCVsD3,403,Forbidden,174,567,32221
7963,Mon Sep 07 19:40:47 BDT 2026,Mon Sep 07 19:40:47 BDT 2026,GET,https://t-f-cl-test-003.vercel.app/products/8?_rsc=tXyZJ52UQVBCVsD3,403,Forbidden,162,567,32225
7964,Mon Sep 07 19:40:47 BDT 2026,Mon Sep 07 19:40:47 BDT 2026,GET,https://t-f-cl-test-003.vercel.app/products/7?_rsc=tXyZJ52UQVBCVsD3,403,Forbidden,154,567,32215
7967,Mon Sep 07 19:40:47 BDT 2026,Mon Sep 07 19:40:47 BDT 2026,GET,https://t-f-cl-test-003.vercel.app/user/005c9b24-b1d2-47b1-afe3-c98b4f4320b2?_rsc=sE0E8H4Klxv0Jlpw,403,Forbidden,175,567,32225
7969,Mon Sep 07 19:40:47 BDT 2026,Mon Sep 07 19:40:47 BDT 2026,GET,https://t-f-cl-test-003.vercel.app/products/9?_rsc=tXyZJ52UQVBCVsD3,403,Forbidden,173,567,32228
7971,Mon Sep 07 19:40:47 BDT 2026,Mon Sep 07 19:40:47 BDT 2026,GET,https://t-f-cl-test-003.vercel.app/products/8?_rsc=tXyZJ52UQVBCVsD3,403,Forbidden,153,567,32210
7973,Mon Sep 07 19:40:47 BDT 2026,Mon Sep 07 19:40:47 BDT 2026,GET,https://t-f-cl-test-003.vercel.app/products/7?_rsc=tXyZJ52UQVBCVsD3,403,Forbidden,155,567,32222
7975,Mon Sep 07 19:40:47 BDT 2026,Mon Sep 07 19:40:47 BDT 2026,GET,https://t-f-cl-test-003.vercel.app/user,403,Forbidden,189,567,32215
7977,Mon Sep 07 19:40:47 BDT 2026,Mon Sep 07 19:40:47 BDT 2026,GET,https://t-f-cl-test-003.vercel.app/user/005c9b24-b1d2-47b1-afe3-c98b4f4320b2?_rsc=sE0E8H4Klxv0Jlpw,403,Forbidden,147,567,32221
7979,Mon Sep 07 19:40:47 BDT 2026,Mon Sep 07 19:40:47 BDT 2026,GET,https://t-f-cl-test-003.vercel.app/products/8?_rsc=tXyZJ52UQVBCVsD3,403,Forbidden,148,567,32212
7981,Mon Sep 07 19:40:47 BDT 2026,Mon Sep 07 19:40:47 BDT 2026,GET,https://t-f-cl-test-003.vercel.app/products/7?_rsc=tXyZJ52UQVBCVsD3,403,Forbidden,140,567,32212
7983,Mon Sep 07 19:40:47 BDT 2026,Mon Sep 07 19:40:47 BDT 2026,GET,https://t-f-cl-test-003.vercel.app/products/9?_rsc=tXyZJ52UQVBCVsD3,403,Forbidden,162,567,32211
7985,Mon Sep 07 19:40:47 BDT 2026,Mon Sep 07 19:40:47 BDT 2026,GET,https://t-f-cl-test-003.vercel.app/user,403,Forbidden,147,567,32210
7987,Mon Sep 07 19:40:47 BDT 2026,Mon Sep 07 19:40:47 BDT 2026,GET,https://t-f-cl-test-003.vercel.app/user/005c9b24-b1d2-47b1-afe3-c98b4f4320b2?_rsc=sE0E8H4Klxv0Jlpw,403,Forbidden,142,567,32210
7989,Mon Sep 07 19:40:47 BDT 2026,Mon Sep 07 19:40:47 BDT 2026,GET,https://t-f-cl-test-003.vercel.app/user/005c9b24-b1d2-47b1-afe3-c98b4f4320b2?_rsc=sE0E8H4Klxv0Jlpw,403,Forbidden,144,567,32209
7991,Mon Sep 07 19:40:47 BDT 2026,Mon Sep 07 19:40:47 BDT 2026,GET,https://t-f-cl-test-003.vercel.app/products/7?_rsc=tXyZJ52UQVBCVsD3,403,Forbidden,159,567,32221
7993,Mon Sep 07 19:40:47 BDT 2026,Mon Sep 07 19:40:47 BDT 2026,GET,https://t-f-cl-test-003.vercel.app/user,403,Forbidden,153,567,32217
7995,Mon Sep 07 19:40:47 BDT 2026,Mon Sep 07 19:40:47 BDT 2026,GET,https://t-f-cl-test-003.vercel.app/products/9?_rsc=tXyZJ52UQVBCVsD3,403,Forbidden,167,567,32211
7997,Mon Sep 07 19:40:47 BDT 2026,Mon Sep 07 19:40:47 BDT 2026,GET,https://t-f-cl-test-003.vercel.app/products/8?_rsc=tXyZJ52UQVBCVsD3,403,Forbidden,174,567,32221
7999,Mon Sep 07 19:40:47 BDT 2026,Mon Sep 07 19:40:48 BDT 2026,GET,https://t-f-cl-test-003.vercel.app/products/7?_rsc=tXyZJ52UQVBCVsD3,403,Forbidden,150,567,32222
8001,Mon Sep 07 19:40:48 BDT 2026,Mon Sep 07 19:40:48 BDT 2026,GET,https://t-f-cl-test-003.vercel.app/user,403,Forbidden,142,567,32212
8003,Mon Sep 07 19:40:48 BDT 2026,Mon Sep 07 19:40:48 BDT 2026,GET,https://t-f-cl-test-003.vercel.app/products/9?_rsc=tXyZJ52UQVBCVsD3,403,Forbidden,157,567,32215
8005,Mon Sep 07 19:40:47 BDT 2026,Mon Sep 07 19:40:48 BDT 2026,GET,https://t-f-cl-test-003.vercel.app/user/005c9b24-b1d2-47b1-afe3-c98b4f4320b2?_rsc=sE0E8H4Klxv0Jlpw,403,Forbidden,177,567,32219
8007,Mon Sep 07 19:40:48 BDT 2026,Mon Sep 07 19:40:48 BDT 2026,GET,https://t-f-cl-test-003.vercel.app/products/8?_rsc=tXyZJ52UQVBCVsD3,403,Forbidden,177,567,32217
8009,Mon Sep 07 19:40:48 BDT 2026,Mon Sep 07 19:40:48 BDT 2026,GET,https://t-f-cl-test-003.vercel.app/products/7?_rsc=tXyZJ52UQVBCVsD3,403,Forbidden,155,567,32211
8011,Mon Sep 07 19:40:48 BDT 2026,Mon Sep 07 19:40:48 BDT 2026,GET,https://t-f-cl-test-003.vercel.app/products/9?_rsc=tXyZJ52UQVBCVsD3,403,Forbidden,140,567,32210
8013,Mon Sep 07 19:40:48 BDT 2026,Mon Sep 07 19:40:48 BDT 2026,GET,https://t-f-cl-test-003.vercel.app/user,403,Forbidden,165,567,32209
8015,Mon Sep 07 19:40:48 BDT 2026,Mon Sep 07 19:40:48 BDT 2026,GET,https://t-f-cl-test-003.vercel.app/user/005c9b24-b1d2-47b1-afe3-c98b4f4320b2?_rsc=sE0E8H4Klxv0Jlpw,403,Forbidden,162,567,32227
8017,Mon Sep 07 19:40:48 BDT 2026,Mon Sep 07 19:40:48 BDT 2026,GET,https://t-f-cl-test-003.vercel.app/products/8?_rsc=tXyZJ52UQVBCVsD3,403,Forbidden,148,567,32211
8019,Mon Sep 07 19:40:48 BDT 2026,Mon Sep 07 19:40:48 BDT 2026,GET,https://t-f-cl-test-003.vercel.app/user,403,Forbidden,157,567,32215
8021,Mon Sep 07 19:40:48 BDT 2026,Mon Sep 07 19:40:48 BDT 2026,GET,https://t-f-cl-test-003.vercel.app/user/005c9b24-b1d2-47b1-afe3-c98b4f4320b2?_rsc=sE0E8H4Klxv0Jlpw,403,Forbidden,157,567,32209
8023,Mon Sep 07 19:40:48 BDT 2026,Mon Sep 07 19:40:48 BDT 2026,GET,https://t-f-cl-test-003.vercel.app,403,Forbidden,177,567,32222
8024,Mon Sep 07 19:40:48 BDT 2026,Mon Sep 07 19:40:48 BDT 2026,GET,https://t-f-cl-test-003.vercel.app/_next,403,Forbidden,178,567,32218
8025,Mon Sep 07 19:40:48 BDT 2026,Mon Sep 07 19:40:48 BDT 2026,GET,https://t-f-cl-test-003.vercel.app/_next/static,403,Forbidden,140,567,32222
8026,Mon Sep 07 19:40:49 BDT 2026,Mon Sep 07 19:40:49 BDT 2026,GET,https://t-f-cl-test-003.vercel.app/_next/static/immutable,403,Forbidden,153,567,32235
8027,Mon Sep 07 19:40:49 BDT 2026,Mon Sep 07 19:40:49 BDT 2026,GET,https://t-f-cl-test-003.vercel.app/_next/static/immutable/chunks,403,Forbidden,176,567,32215
8028,Mon Sep 07 19:40:49 BDT 2026,Mon Sep 07 19:40:49 BDT 2026,GET,https://t-f-cl-test-003.vercel.app/_next/static/immutable/media,403,Forbidden,154,567,32235
8029,Mon Sep 07 19:40:49 BDT 2026,Mon Sep 07 19:40:49 BDT 2026,GET,https://t-f-cl-test-003.vercel.app/products,403,Forbidden,148,567,32227
8030,Mon Sep 07 19:40:49 BDT 2026,Mon Sep 07 19:40:49 BDT 2026,GET,https://t-f-cl-test-003.vercel.app/user,403,Forbidden,160,567,32217
8031,Mon Sep 07 19:40:49 BDT 2026,Mon Sep 07 19:40:50 BDT 2026,GET,https://t-f-cl-test-003.vercel.app,403,Forbidden,165,567,32211
8032,Mon Sep 07 19:40:50 BDT 2026,Mon Sep 07 19:40:50 BDT 2026,GET,https://t-f-cl-test-003.vercel.app/_next,403,Forbidden,147,567,32222
8033,Mon Sep 07 19:40:50 BDT 2026,Mon Sep 07 19:40:50 BDT 2026,GET,https://t-f-cl-test-003.vercel.app/_next/static,403,Forbidden,152,567,32225
8034,Mon Sep 07 19:40:50 BDT 2026,Mon Sep 07 19:40:50 BDT 2026,GET,https://t-f-cl-test-003.vercel.app/_next/static/immutable,403,Forbidden,171,567,32218
8035,Mon Sep 07 19:40:50 BDT 2026,Mon Sep 07 19:40:50 BDT 2026,GET,https://t-f-cl-test-003.vercel.app/_next/static/immutable/chunks,403,Forbidden,173,567,32212
8036,Mon Sep 07 19:40:50 BDT 2026,Mon Sep 07 19:40:50 BDT 2026,GET,https://t-f-cl-test-003.vercel.app/_next/static/immutable/media,403,Forbidden,163,567,32209
8037,Mon Sep 07 19:40:50 BDT 2026,Mon Sep 07 19:40:50 BDT 2026,GET,https://t-f-cl-test-003.vercel.app/products,403,Forbidden,150,567,32226
8038,Mon Sep 07 19:40:50 BDT 2026,Mon Sep 07 19:40:51 BDT 2026,GET,https://t-f-cl-test-003.vercel.app/user,403,Forbidden,139,567,32212
8039,Mon Sep 07 19:40:51 BDT 2026,Mon Sep 07 19:40:51 BDT 2026,GET,https://t-f-cl-test-003.vercel.app,403,Forbidden,155,567,32228
8040,Mon Sep 07 19:40:51 BDT 2026,Mon Sep 07 19:40:51 BDT 2026,GET,https://t-f-cl-test-003.vercel.app/_next,403,Forbidden,142,567,32211
8041,Mon Sep 07 19:40:51 BDT 2026,Mon Sep 07 19:40:51 BDT 2026,GET,https://t-f-cl-test-003.vercel.app/_next/static,403,Forbidden,152,567,32211
8042,Mon Sep 07 19:40:51 BDT 2026,Mon Sep 07 19:40:51 BDT 2026,GET,https://t-f-cl-test-003.vercel.app/_next/static/immutable,403,Forbidden,140,567,32210
8043,Mon Sep 07 19:40:51 BDT 2026,Mon Sep 07 19:40:51 BDT 2026,GET,https://t-f-cl-test-003.vercel.app/_next/static/immutable/chunks,403,Forbidden,177,567,32215
8044,Mon Sep 07 19:40:51 BDT 2026,Mon Sep 07 19:40:52 BDT 2026,GET,https://t-f-cl-test-003.vercel.app/_next/static/immutable/media,403,Forbidden,162,567,32227
8045,Mon Sep 07 19:40:52 BDT 2026,Mon Sep 07 19:40:52 BDT 2026,GET,https://t-f-cl-test-003.vercel.app/products,403,Forbidden,230,567,32219
8046,Mon Sep 07 19:40:52 BDT 2026,Mon Sep 07 19:40:52 BDT 2026,GET,https://t-f-cl-test-003.vercel.app/user,403,Forbidden,150,567,32219
8047,Mon Sep 07 19:40:52 BDT 2026,Mon Sep 07 19:40:52 BDT 2026,GET,https://t-f-cl-test-003.vercel.app/swagger-ui/,403,Forbidden,176,567,32227
8048,Mon Sep 07 19:40:52 BDT 2026,Mon Sep 07 19:40:52 BDT 2026,GET,https://t-f-cl-test-003.vercel.app/login,403,Forbidden,159,567,32209
8049,Mon Sep 07 19:40:52 BDT 2026,Mon Sep 07 19:40:52 BDT 2026,GET,https://t-f-cl-test-003.vercel.app,403,Forbidden,153,567,32219
8050,Mon Sep 07 19:40:52 BDT 2026,Mon Sep 07 19:40:52 BDT 2026,GET,https://t-f-cl-test-003.vercel.app/_next,403,Forbidden,164,567,32228
8051,Mon Sep 07 19:40:52 BDT 2026,Mon Sep 07 19:40:53 BDT 2026,GET,https://t-f-cl-test-003.vercel.app/v3/api-docs,403,Forbidden,159,567,32215
8052,Mon Sep 07 19:40:53 BDT 2026,Mon Sep 07 19:40:53 BDT 2026,GET,https://t-f-cl-test-003.vercel.app/_next/static,403,Forbidden,149,567,32209
8053,Mon Sep 07 19:40:53 BDT 2026,Mon Sep 07 19:40:53 BDT 2026,GET,https://t-f-cl-test-003.vercel.app/swagger.json,403,Forbidden,168,567,32225
8054,Mon Sep 07 19:40:53 BDT 2026,Mon Sep 07 19:40:53 BDT 2026,GET,https://t-f-cl-test-003.vercel.app/_next/static/immutable,403,Forbidden,150,567,32227
8055,Mon Sep 07 19:40:53 BDT 2026,Mon Sep 07 19:40:53 BDT 2026,GET,https://t-f-cl-test-003.vercel.app/openapi.json,403,Forbidden,177,567,32211
8056,Mon Sep 07 19:40:53 BDT 2026,Mon Sep 07 19:40:53 BDT 2026,GET,https://t-f-cl-test-003.vercel.app/_next/static/immutable/chunks,403,Forbidden,164,567,32221
8057,Mon Sep 07 19:40:53 BDT 2026,Mon Sep 07 19:40:53 BDT 2026,GET,https://t-f-cl-test-003.vercel.app/api-docs,403,Forbidden,160,567,32209
8058,Mon Sep 07 19:40:53 BDT 2026,Mon Sep 07 19:40:53 BDT 2026,GET,https://t-f-cl-test-003.vercel.app/docs/,403,Forbidden,171,567,32215
8059,Mon Sep 07 19:40:53 BDT 2026,Mon Sep 07 19:40:53 BDT 2026,GET,https://t-f-cl-test-003.vercel.app/swagger,403,Forbidden,140,567,32210
8060,Mon Sep 07 19:40:53 BDT 2026,Mon Sep 07 19:40:53 BDT 2026,GET,https://t-f-cl-test-003.vercel.app/_next/static/immutable/media,403,Forbidden,155,567,32222
8061,Mon Sep 07 19:40:53 BDT 2026,Mon Sep 07 19:40:54 BDT 2026,GET,https://t-f-cl-test-003.vercel.app/v2/api-docs,403,Forbidden,158,567,32227
8062,Mon Sep 07 19:40:54 BDT 2026,Mon Sep 07 19:40:54 BDT 2026,GET,https://t-f-cl-test-003.vercel.app/login,403,Forbidden,146,567,32211
8063,Mon Sep 07 19:40:54 BDT 2026,Mon Sep 07 19:40:54 BDT 2026,GET,https://t-f-cl-test-003.vercel.app/login,403,Forbidden,169,567,32221
8064,Mon Sep 07 19:40:54 BDT 2026,Mon Sep 07 19:40:54 BDT 2026,GET,https://t-f-cl-test-003.vercel.app/swagger-ui/index.html,403,Forbidden,165,567,32222
8065,Mon Sep 07 19:40:54 BDT 2026,Mon Sep 07 19:40:54 BDT 2026,GET,https://t-f-cl-test-003.vercel.app/products,403,Forbidden,165,567,32211
8066,Mon Sep 07 19:40:54 BDT 2026,Mon Sep 07 19:40:54 BDT 2026,GET,https://t-f-cl-test-003.vercel.app/login,403,Forbidden,169,567,32219
8067,Mon Sep 07 19:40:54 BDT 2026,Mon Sep 07 19:40:54 BDT 2026,GET,https://t-f-cl-test-003.vercel.app/openapi.yaml,403,Forbidden,168,567,32211
8068,Mon Sep 07 19:40:54 BDT 2026,Mon Sep 07 19:40:54 BDT 2026,GET,https://t-f-cl-test-003.vercel.app/swagger.yaml,403,Forbidden,144,567,32215
8069,Mon Sep 07 19:40:54 BDT 2026,Mon Sep 07 19:40:54 BDT 2026,GET,https://t-f-cl-test-003.vercel.app/user,403,Forbidden,160,567,32212
8070,Mon Sep 07 19:40:54 BDT 2026,Mon Sep 07 19:40:54 BDT 2026,GET,https://t-f-cl-test-003.vercel.app/swagger/ui/index.html,403,Forbidden,143,567,32218
